Orthogroup	2506520024	Reactor4-bin.4
OG0000000	2506669534, 2506669830, 2506670515	CEKMHFBL_00104, CEKMHFBL_02338
OG0000000	2506669851	CEKMHFBL_00934
OG0000000	2506670747	CEKMHFBL_02518
OG0000000	2506669499	CEKMHFBL_01092
OG0000000	2506670695, 2506671840, 2506669459	CEKMHFBL_02506
OG0000000	2506671369	CEKMHFBL_01587
OG0000001	2506670855	CEKMHFBL_02659
OG0000001	2506669501	CEKMHFBL_00603
OG0000007	2506671603	CEKMHFBL_00819
OG0000007	2506672436	CEKMHFBL_01033
OG0000008	2506670553	CEKMHFBL_02387
OG0000009	2506671496	CEKMHFBL_01332
OG0000009	2506669865	CEKMHFBL_01326, CEKMHFBL_02138
OG0000010	2506669966, 2506670233, 2506672138	CEKMHFBL_03892
OG0000010	2506671410, 2506672508, 2506670257, 2506669954, 2506670117, 2506672127	CEKMHFBL_01416
OG0000012	2506672465	CEKMHFBL_02609, CEKMHFBL_01788
OG0000014	2506670652, 2506670651	CEKMHFBL_01760, CEKMHFBL_01116, CEKMHFBL_01879, CEKMHFBL_02749
OG0000018	2506670550	CEKMHFBL_02390
OG0000020	2506670480	CEKMHFBL_00208, CEKMHFBL_04032
OG0000024	2506671701	CEKMHFBL_03764
OG0000024	2506669883, 2506671595	CEKMHFBL_01279
OG0000025	2506670072	CEKMHFBL_00023
OG0000025	2506670070	CEKMHFBL_00025, CEKMHFBL_01333, CEKMHFBL_01348, CEKMHFBL_02615, CEKMHFBL_01346
OG0000027	2506670423	CEKMHFBL_02369, CEKMHFBL_01085, CEKMHFBL_04180
OG0000028	2506670682	CEKMHFBL_03147, CEKMHFBL_02775
OG0000031	2506672722, 2506671047	CEKMHFBL_03820
OG0000031	2506669389, 2506670285	CEKMHFBL_03273, CEKMHFBL_01847
OG0000032	2506672150, 2506672744, 2506670402, 2506669555, 2506671836, 2506671128, 2506670545, 2506670679, 2506671977	CEKMHFBL_04121
OG0000033	2506671563	CEKMHFBL_02512, CEKMHFBL_00263, CEKMHFBL_02366
OG0000036	2506669688	CEKMHFBL_00095
OG0000036	2506669884	CEKMHFBL_02849
OG0000037	2506670173	CEKMHFBL_04080
OG0000037	2506670324	CEKMHFBL_00511, CEKMHFBL_02368
OG0000038	2506670542, 2506670531, 2506672294	CEKMHFBL_03869, CEKMHFBL_04060
OG0000039	2506672341	CEKMHFBL_01029
OG0000039	2506671918	CEKMHFBL_01605
OG0000040	2506672235	CEKMHFBL_03123
OG0000042	2506671802	CEKMHFBL_02780
OG0000042	2506669625	CEKMHFBL_03086
OG0000043	2506671737	CEKMHFBL_00672
OG0000043	2506669837, 2506672203	CEKMHFBL_01825
OG0000044	2506669879	CEKMHFBL_02925
OG0000045	2506672552	CEKMHFBL_03652
OG0000046	2506671631	CEKMHFBL_03568
OG0000049	2506669657	CEKMHFBL_02657, CEKMHFBL_03019
OG0000050	2506669882, 2506671174, 2506671596	CEKMHFBL_01280
OG0000050	2506671573	CEKMHFBL_01843
OG0000051	2506672175	CEKMHFBL_01682
OG0000051	2506670710	CEKMHFBL_02725
OG0000052	2506672590	CEKMHFBL_03062
OG0000052	2506671827	CEKMHFBL_02105
OG0000057	2506669527	CEKMHFBL_02159, CEKMHFBL_01481
OG0000058	2506672230	CEKMHFBL_01992
OG0000058	2506669694	CEKMHFBL_00293
OG0000059	2506670538	CEKMHFBL_02685
OG0000060	2506670841	CEKMHFBL_00562
OG0000061	2506671572	CEKMHFBL_01844
OG0000062	2506671681	CEKMHFBL_02889
OG0000062	2506671682	CEKMHFBL_02890
OG0000063	2506671998	CEKMHFBL_01892, CEKMHFBL_01516, CEKMHFBL_01839
OG0000064	2506672110	CEKMHFBL_00749
OG0000070	2506669473	CEKMHFBL_01942
OG0000071	2506669715	CEKMHFBL_01051, CEKMHFBL_03223, CEKMHFBL_03157, CEKMHFBL_00666
OG0000072	2506669890, 2506670264, 2506671772, 2506672649, 2506672139, 2506672140	CEKMHFBL_00179, CEKMHFBL_00596
OG0000073	2506670424	CEKMHFBL_02400
OG0000074	2506670535	CEKMHFBL_03368, CEKMHFBL_01565
OG0000075	2506671037	CEKMHFBL_01518, CEKMHFBL_02567
OG0000076	2506671192	CEKMHFBL_02896, CEKMHFBL_02936, CEKMHFBL_01871, CEKMHFBL_03247
OG0000077	2506671333	CEKMHFBL_03755
OG0000078	2506672555	CEKMHFBL_03159, CEKMHFBL_01763, CEKMHFBL_04260, CEKMHFBL_01747, CEKMHFBL_01739, CEKMHFBL_02350, CEKMHFBL_01750
OG0000083	2506669363	CEKMHFBL_02926
OG0000084	2506669453	CEKMHFBL_02852, CEKMHFBL_03745
OG0000085	2506670680, 2506669844, 2506672009, 2506670512	CEKMHFBL_02774
OG0000086	2506670073	CEKMHFBL_01118
OG0000087	2506670733	CEKMHFBL_02689, CEKMHFBL_00757
OG0000088	2506670846	CEKMHFBL_04272
OG0000089	2506671139, 2506672340	CEKMHFBL_00827, CEKMHFBL_01099
OG0000090	2506671405	CEKMHFBL_01250
OG0000091	2506671584	CEKMHFBL_00868
OG0000092	2506671585	CEKMHFBL_00867
OG0000093	2506671694	CEKMHFBL_00321
OG0000094	2506671704	CEKMHFBL_03761
OG0000095	2506672094	CEKMHFBL_01584
OG0000105	2506672083	CEKMHFBL_03927
OG0000107	2506672742	CEKMHFBL_02038, CEKMHFBL_02051
OG0000108	2506670409, 2506671789	CEKMHFBL_00364
OG0000109	2506672055	CEKMHFBL_01694
OG0000109	2506671194, 2506670260	CEKMHFBL_03249
OG0000110	2506672177, 2506670273	CEKMHFBL_04111
OG0000112	2506670708, 2506672292, 2506671182, 2506671177	CEKMHFBL_03066
OG0000113	2506672276, 2506671581, 2506670726	CEKMHFBL_01633
OG0000114	2506670903, 2506671111	CEKMHFBL_01770
OG0000115	2506671458	CEKMHFBL_03495, CEKMHFBL_03397
OG0000116	2506671703	CEKMHFBL_03762
OG0000117	2506671847	CEKMHFBL_02710, CEKMHFBL_03173, CEKMHFBL_03701
OG0000118	2506671848	CEKMHFBL_03172, CEKMHFBL_02709, CEKMHFBL_03700
OG0000119	2506671849	CEKMHFBL_03699
OG0000120	2506671964	CEKMHFBL_03554
OG0000121	2506672056	CEKMHFBL_00614
OG0000122	2506672236	CEKMHFBL_00847
OG0000123	2506672510	CEKMHFBL_02931
OG0000124	2506672511	CEKMHFBL_02930
OG0000125	2506672745	CEKMHFBL_02377, CEKMHFBL_02375
OG0000136	2506669437	CEKMHFBL_03144
OG0000136	2506670685	CEKMHFBL_02778
OG0000138	2506671207, 2506672020, 2506669591, 2506669777, 2506669780	CEKMHFBL_04086, CEKMHFBL_01049, CEKMHFBL_01048, CEKMHFBL_02713
OG0000140	2506672452	CEKMHFBL_03790
OG0000141	2506672668, 2506670862, 2506670863, 2506670299	CEKMHFBL_00178, CEKMHFBL_04179
OG0000142	2506670485, 2506671500, 2506670869, 2506670370	CEKMHFBL_04026, CEKMHFBL_00213
OG0000143	2506670551	CEKMHFBL_02389
OG0000144	2506672593, 2506670557, 2506672753, 2506670556, 2506672755, 2506672761	CEKMHFBL_04048
OG0000145	2506671659	CEKMHFBL_03179
OG0000146	2506670709, 2506672293, 2506671176, 2506671181	CEKMHFBL_03067
OG0000147	2506670982	CEKMHFBL_02668
OG0000149	2506671610	CEKMHFBL_02536, CEKMHFBL_02295
OG0000150	2506671702	CEKMHFBL_03763
OG0000151	2506671818	CEKMHFBL_00904, CEKMHFBL_00901, CEKMHFBL_04183
OG0000152	2506672588	CEKMHFBL_03064
OG0000153	2506672053	CEKMHFBL_03460
OG0000154	2506672072	CEKMHFBL_03960, CEKMHFBL_03958
OG0000155	2506672686, 2506672179, 2506672760, 2506672759	CEKMHFBL_01186
OG0000156	2506672408	CEKMHFBL_02122
OG0000158	2506672604	CEKMHFBL_00922
OG0000159	2506672667	CEKMHFBL_02102
OG0000160	2506672748, 2506672750, 2506672749, 2506672756	CEKMHFBL_01185
OG0000168	2506672560, 2506669361	CEKMHFBL_02850
OG0000169	2506669414	CEKMHFBL_03866
OG0000170	2506669436	CEKMHFBL_00813
OG0000172	2506669562	CEKMHFBL_01555
OG0000173	2506669926, 2506670278	CEKMHFBL_01075
OG0000174	2506670943, 2506669933, 2506670455	CEKMHFBL_03448
OG0000175	2506669948	CEKMHFBL_02917
OG0000176	2506669972	CEKMHFBL_02358
OG0000177	2506670134	CEKMHFBL_01395
OG0000178	2506670311	CEKMHFBL_00830
OG0000179	2506670467	CEKMHFBL_00195
OG0000180	2506670518	CEKMHFBL_01980
OG0000181	2506671062, 2506670586	CEKMHFBL_03994
OG0000182	2506671569, 2506670607, 2506672615	CEKMHFBL_00817
OG0000183	2506670618	CEKMHFBL_00607
OG0000184	2506671136, 2506671853, 2506670786	CEKMHFBL_01410
OG0000185	2506670845	CEKMHFBL_04271
OG0000186	2506670882	CEKMHFBL_02742
OG0000188	2506670989	CEKMHFBL_01609
OG0000189	2506672433, 2506672434, 2506671101	CEKMHFBL_01271
OG0000191	2506671461	CEKMHFBL_00217, CEKMHFBL_04021, CEKMHFBL_01845
OG0000194	2506671744	CEKMHFBL_03402
OG0000195	2506671781	CEKMHFBL_03541
OG0000196	2506671900	CEKMHFBL_01263, CEKMHFBL_03202
OG0000197	2506672074	CEKMHFBL_04235, CEKMHFBL_00670
OG0000199	2506672160	CEKMHFBL_03220, CEKMHFBL_01050
OG0000200	2506672163	CEKMHFBL_00941
OG0000201	2506672342	CEKMHFBL_03997
OG0000202	2506672346	CEKMHFBL_03995
OG0000203	2506672356	CEKMHFBL_01603
OG0000204	2506672358	CEKMHFBL_01604
OG0000205	2506672462	CEKMHFBL_03490, CEKMHFBL_04054
OG0000206	2506672533	CEKMHFBL_02242
OG0000207	2506672657	CEKMHFBL_00737
OG0000215	2506669351, 2506669556	CEKMHFBL_01465
OG0000216	2506669552, 2506669352	CEKMHFBL_01467
OG0000217	2506671619	CEKMHFBL_01687
OG0000218	2506669372, 2506670686, 2506670671	CEKMHFBL_01300
OG0000219	2506669394, 2506670714, 2506672739, 2506670398, 2506669554	CEKMHFBL_03673
OG0000220	2506669409	CEKMHFBL_01313
OG0000221	2506669415	CEKMHFBL_03865
OG0000222	2506669480, 2506671335, 2506670389, 2506671739	CEKMHFBL_01612
OG0000223	2506669594, 2506669662	CEKMHFBL_03110
OG0000224	2506669614, 2506671061	CEKMHFBL_03635
OG0000225	2506669653	CEKMHFBL_03032
OG0000226	2506669655	CEKMHFBL_01997
OG0000227	2506672653	CEKMHFBL_01540
OG0000227	2506672461, 2506669666, 2506671769	CEKMHFBL_02271
OG0000228	2506669795, 2506669698, 2506669696	CEKMHFBL_02805
OG0000229	2506669711	CEKMHFBL_03068
OG0000230	2506669736	CEKMHFBL_01223
OG0000231	2506669816, 2506670344	CEKMHFBL_01643
OG0000232	2506669949	CEKMHFBL_02354, CEKMHFBL_03809
OG0000233	2506670121	CEKMHFBL_00663, CEKMHFBL_00822
OG0000234	2506670175	CEKMHFBL_04078
OG0000235	2506670180	CEKMHFBL_02461, CEKMHFBL_02193
OG0000236	2506670255	CEKMHFBL_00479
OG0000236	2506671142	CEKMHFBL_01122
OG0000238	2506671908, 2506670282	CEKMHFBL_01255, CEKMHFBL_03210
OG0000239	2506670292, 2506670333	CEKMHFBL_03025, CEKMHFBL_00130
OG0000240	2506672182, 2506670298	CEKMHFBL_00160
OG0000241	2506670472	CEKMHFBL_00200
OG0000242	2506670530	CEKMHFBL_02405
OG0000243	2506670598, 2506670591	CEKMHFBL_02489
OG0000244	2506670600	CEKMHFBL_00052
OG0000245	2506670620	CEKMHFBL_00102
OG0000246	2506670683	CEKMHFBL_02776, CEKMHFBL_03146
OG0000247	2506670684	CEKMHFBL_02777, CEKMHFBL_03145
OG0000248	2506672727, 2506671630, 2506670702	CEKMHFBL_03621
OG0000249	2506670843	CEKMHFBL_00564
OG0000250	2506671016	CEKMHFBL_03222, CEKMHFBL_01091
OG0000251	2506671129	CEKMHFBL_04198
OG0000252	2506671166	CEKMHFBL_01695
OG0000253	2506671206	CEKMHFBL_03716
OG0000254	2506671250	CEKMHFBL_00574
OG0000255	2506671642, 2506671281	CEKMHFBL_02206
OG0000256	2506671304	CEKMHFBL_04061
OG0000257	2506671321	CEKMHFBL_02288
OG0000258	2506671382	CEKMHFBL_00905
OG0000260	2506672029	CEKMHFBL_02946
OG0000260	2506671424	CEKMHFBL_02951
OG0000261	2506672343	CEKMHFBL_03996
OG0000262	2506671574	CEKMHFBL_01842
OG0000263	2506671695	CEKMHFBL_00322
OG0000264	2506671771	CEKMHFBL_01426
OG0000265	2506671779	CEKMHFBL_00224
OG0000266	2506671803	CEKMHFBL_03722, CEKMHFBL_02781
OG0000267	2506671862	CEKMHFBL_00229
OG0000268	2506671894, 2506671895	CEKMHFBL_01460
OG0000269	2506671901	CEKMHFBL_03203, CEKMHFBL_01262
OG0000270	2506671907, 2506672651	CEKMHFBL_01256, CEKMHFBL_03209
OG0000272	2506672037	CEKMHFBL_00857
OG0000273	2506672065, 2506672164	CEKMHFBL_03219, CEKMHFBL_04083
OG0000274	2506672084	CEKMHFBL_03926
OG0000275	2506672173	CEKMHFBL_02173
OG0000276	2506672311	CEKMHFBL_00954
OG0000277	2506672539	CEKMHFBL_02376
OG0000278	2506672580	CEKMHFBL_03065
OG0000279	2506672603	CEKMHFBL_00923
OG0000280	2506672610	CEKMHFBL_00914
OG0000281	2506672613	CEKMHFBL_00175, CEKMHFBL_00388
OG0000282	2506672642	CEKMHFBL_01095
OG0000283	2506672664	CEKMHFBL_02103
OG0000284	2506672712	CEKMHFBL_04114
OG0000285	2506672713	CEKMHFBL_04113
OG0000311	2506669368	CEKMHFBL_03080, CEKMHFBL_03970
OG0000312	2506669374	CEKMHFBL_01303
OG0000313	2506669423	CEKMHFBL_03858
OG0000314	2506669429, 2506669563	CEKMHFBL_03852
OG0000315	2506670312, 2506669434, 2506671972	CEKMHFBL_02956
OG0000316	2506669439	CEKMHFBL_03669
OG0000317	2506669440	CEKMHFBL_03670
OG0000318	2506669461, 2506669906	CEKMHFBL_00113
OG0000319	2506672113, 2506669478	CEKMHFBL_00747
OG0000320	2506669488, 2506670540	CEKMHFBL_01320
OG0000321	2506669513	CEKMHFBL_01492
OG0000322	2506669514	CEKMHFBL_01491
OG0000323	2506669525	CEKMHFBL_01483, CEKMHFBL_03302
OG0000324	2506669528	CEKMHFBL_01480
OG0000326	2506669560	CEKMHFBL_01461
OG0000327	2506669566, 2506671222	CEKMHFBL_04016
OG0000328	2506669569	CEKMHFBL_04013
OG0000329	2506671806, 2506669590	CEKMHFBL_02784
OG0000330	2506669631	CEKMHFBL_01404
OG0000331	2506669633, 2506669632	CEKMHFBL_01405
OG0000332	2506669641	CEKMHFBL_01472
OG0000333	2506669650	CEKMHFBL_03033
OG0000334	2506669651	CEKMHFBL_03031
OG0000335	2506672528, 2506669661	CEKMHFBL_01428
OG0000336	2506670020, 2506669669	CEKMHFBL_00643
OG0000337	2506671217, 2506669679	CEKMHFBL_02248
OG0000338	2506669685	CEKMHFBL_00092
OG0000339	2506669692	CEKMHFBL_03563
OG0000340	2506671560, 2506669695	CEKMHFBL_03562
OG0000341	2506669721	CEKMHFBL_01026
OG0000342	2506669726	CEKMHFBL_00958, CEKMHFBL_02596
OG0000343	2506669747	CEKMHFBL_01234
OG0000344	2506669767	CEKMHFBL_02496
OG0000345	2506669775	CEKMHFBL_02504
OG0000346	2506669783	CEKMHFBL_01666
OG0000347	2506669803	CEKMHFBL_00132
OG0000348	2506669814	CEKMHFBL_01642
OG0000349	2506669827	CEKMHFBL_01657
OG0000350	2506669873	CEKMHFBL_02892
OG0000351	2506669874, 2506671643	CEKMHFBL_01211
OG0000352	2506669880	CEKMHFBL_02923
OG0000353	2506669887	CEKMHFBL_00600
OG0000354	2506669888	CEKMHFBL_00598
OG0000355	2506669889	CEKMHFBL_00597
OG0000356	2506669920	CEKMHFBL_02819
OG0000358	2506670918, 2506669942	CEKMHFBL_03423
OG0000359	2506669963	CEKMHFBL_00780, CEKMHFBL_03806, CEKMHFBL_03882
OG0000360	2506669964	CEKMHFBL_02357
OG0000361	2506669999	CEKMHFBL_02120
OG0000362	2506670000	CEKMHFBL_02119
OG0000363	2506670001	CEKMHFBL_02118
OG0000364	2506670002	CEKMHFBL_02117
OG0000365	2506670025	CEKMHFBL_03773
OG0000366	2506670030	CEKMHFBL_03777
OG0000367	2506672573, 2506670044	CEKMHFBL_03478
OG0000368	2506670045, 2506671484	CEKMHFBL_03476
OG0000369	2506670046	CEKMHFBL_03475
OG0000370	2506670050	CEKMHFBL_02728
OG0000371	2506670054	CEKMHFBL_04165
OG0000372	2506670077	CEKMHFBL_01327, CEKMHFBL_00018
OG0000373	2506670083	CEKMHFBL_03885
OG0000374	2506670095	CEKMHFBL_01618, CEKMHFBL_01933
OG0000375	2506670107	CEKMHFBL_00299
OG0000376	2506670118	CEKMHFBL_00660
OG0000377	2506670119	CEKMHFBL_00661
OG0000378	2506670120	CEKMHFBL_00662
OG0000379	2506670122	CEKMHFBL_00664
OG0000380	2506670172	CEKMHFBL_04081
OG0000381	2506670179	CEKMHFBL_02462
OG0000382	2506670181	CEKMHFBL_02460, CEKMHFBL_02614
OG0000383	2506670182	CEKMHFBL_02459, CEKMHFBL_00506
OG0000384	2506670191	CEKMHFBL_02449, CEKMHFBL_03231
OG0000385	2506670197, 2506672417	CEKMHFBL_00544
OG0000386	2506670209	CEKMHFBL_00443
OG0000387	2506670215, 2506670351	CEKMHFBL_00280
OG0000388	2506670238	CEKMHFBL_02373
OG0000389	2506670239	CEKMHFBL_02372
OG0000390	2506670261	CEKMHFBL_02404
OG0000391	2506670265	CEKMHFBL_00709, CEKMHFBL_00707
OG0000392	2506670274	CEKMHFBL_02834
OG0000394	2506670322	CEKMHFBL_02331
OG0000395	2506670327	CEKMHFBL_02980
OG0000396	2506670336, 2506670525	CEKMHFBL_01673
OG0000397	2506670371	CEKMHFBL_01290, CEKMHFBL_02374
OG0000398	2506670381	CEKMHFBL_03053
OG0000399	2506670397	CEKMHFBL_03480
OG0000400	2506670427	CEKMHFBL_02397
OG0000401	2506670428	CEKMHFBL_02396
OG0000402	2506670429	CEKMHFBL_02395
OG0000403	2506670431	CEKMHFBL_02394
OG0000404	2506672688	CEKMHFBL_01000
OG0000405	2506670444	CEKMHFBL_02628
OG0000406	2506670468	CEKMHFBL_00196
OG0000407	2506670470	CEKMHFBL_00198
OG0000408	2506670475	CEKMHFBL_00203, CEKMHFBL_04037
OG0000409	2506670476	CEKMHFBL_00204, CEKMHFBL_04036
OG0000410	2506670479	CEKMHFBL_00207, CEKMHFBL_04033
OG0000411	2506670481	CEKMHFBL_00209, CEKMHFBL_04031
OG0000412	2506670483	CEKMHFBL_00211, CEKMHFBL_04029
OG0000413	2506670484	CEKMHFBL_00212, CEKMHFBL_04028
OG0000414	2506670487	CEKMHFBL_04024, CEKMHFBL_00215
OG0000415	2506670489	CEKMHFBL_00216, CEKMHFBL_04022
OG0000416	2506670517	CEKMHFBL_01981
OG0000417	2506671548, 2506670521	CEKMHFBL_00329
OG0000418	2506672594, 2506670555	CEKMHFBL_04049
OG0000419	2506670562	CEKMHFBL_04044
OG0000420	2506670568	CEKMHFBL_01449
OG0000421	2506670581	CEKMHFBL_01436
OG0000422	2506670583	CEKMHFBL_01011
OG0000423	2506670587, 2506671180	CEKMHFBL_04017
OG0000424	2506670592	CEKMHFBL_02490
OG0000425	2506670605, 2506672362	CEKMHFBL_00055
OG0000426	2506670609	CEKMHFBL_00955
OG0000427	2506670622	CEKMHFBL_02113
OG0000428	2506670624	CEKMHFBL_02114
OG0000429	2506670625	CEKMHFBL_02115
OG0000430	2506670639	CEKMHFBL_00003
OG0000431	2506670646	CEKMHFBL_03830
OG0000432	2506670659	CEKMHFBL_03833
OG0000433	2506670720	CEKMHFBL_03566
OG0000434	2506670736	CEKMHFBL_02959
OG0000435	2506670739	CEKMHFBL_02916
OG0000436	2506670752	CEKMHFBL_02078
OG0000437	2506670753	CEKMHFBL_02077
OG0000438	2506670754	CEKMHFBL_02076
OG0000439	2506670792	CEKMHFBL_00723
OG0000440	2506672503, 2506670820	CEKMHFBL_02894
OG0000441	2506670878	CEKMHFBL_00740
OG0000442	2506670885	CEKMHFBL_02745
OG0000444	2506670955, 2506671982	CEKMHFBL_02135
OG0000445	2506670966	CEKMHFBL_01273
OG0000446	2506670973	CEKMHFBL_01654
OG0000447	2506670978	CEKMHFBL_02663
OG0000448	2506670988	CEKMHFBL_01608
OG0000449	2506671015	CEKMHFBL_00681
OG0000450	2506671041	CEKMHFBL_03968
OG0000451	2506671051	CEKMHFBL_02984
OG0000452	2506671090	CEKMHFBL_01266, CEKMHFBL_01265
OG0000453	2506671095	CEKMHFBL_03583
OG0000454	2506671096	CEKMHFBL_03584
OG0000455	2506671099	CEKMHFBL_01269
OG0000456	2506671100	CEKMHFBL_01270
OG0000457	2506671104	CEKMHFBL_02939, CEKMHFBL_02332
OG0000458	2506671105, 2506672481	CEKMHFBL_01536
OG0000459	2506671106	CEKMHFBL_01523
OG0000460	2506671568, 2506671140	CEKMHFBL_01409
OG0000461	2506671148	CEKMHFBL_01707
OG0000462	2506671167, 2506671386	CEKMHFBL_01135
OG0000463	2506671172	CEKMHFBL_01639
OG0000464	2506672064, 2506671219	CEKMHFBL_03578
OG0000465	2506671233	CEKMHFBL_01945
OG0000466	2506671260	CEKMHFBL_00583
OG0000467	2506671265	CEKMHFBL_02514
OG0000468	2506671267	CEKMHFBL_02516
OG0000469	2506671273	CEKMHFBL_00966
OG0000470	2506671275	CEKMHFBL_01774
OG0000471	2506671641, 2506671280	CEKMHFBL_02207
OG0000472	2506671286	CEKMHFBL_02202
OG0000473	2506671311	CEKMHFBL_03493, CEKMHFBL_01391
OG0000474	2506671418	CEKMHFBL_03610
OG0000475	2506671432	CEKMHFBL_02838
OG0000476	2506671447, 2506671887	CEKMHFBL_01454
OG0000477	2506671454	CEKMHFBL_02910
OG0000478	2506671455	CEKMHFBL_02911
OG0000479	2506672178, 2506671460	CEKMHFBL_01189
OG0000480	2506671477	CEKMHFBL_00624, CEKMHFBL_01880
OG0000481	2506671479	CEKMHFBL_00623
OG0000482	2506671485	CEKMHFBL_03477
OG0000483	2506671533, 2506671795	CEKMHFBL_00657
OG0000484	2506671534, 2506671799	CEKMHFBL_00658
OG0000485	2506671535	CEKMHFBL_00659
OG0000486	2506671579	CEKMHFBL_01522
OG0000487	2506671649	CEKMHFBL_02879
OG0000488	2506671654	CEKMHFBL_02875
OG0000489	2506671678, 2506672415	CEKMHFBL_02717
OG0000490	2506671687	CEKMHFBL_03260
OG0000491	2506671688	CEKMHFBL_03259
OG0000492	2506671689	CEKMHFBL_03258
OG0000493	2506671690	CEKMHFBL_03257
OG0000494	2506671721	CEKMHFBL_00249, CEKMHFBL_01792
OG0000495	2506671740	CEKMHFBL_00676
OG0000496	2506671765	CEKMHFBL_00851
OG0000497	2506671791	CEKMHFBL_01083, CEKMHFBL_00138
OG0000498	2506671796	CEKMHFBL_02297
OG0000499	2506671812	CEKMHFBL_01775
OG0000500	2506671823	CEKMHFBL_02107
OG0000501	2506671824	CEKMHFBL_01938
OG0000502	2506671845	CEKMHFBL_03703
OG0000503	2506671850	CEKMHFBL_04108
OG0000504	2506671852	CEKMHFBL_04110
OG0000505	2506671857, 2506672347	CEKMHFBL_00978
OG0000506	2506671863	CEKMHFBL_00228
OG0000507	2506671874	CEKMHFBL_02941
OG0000508	2506671875	CEKMHFBL_02942
OG0000509	2506671876	CEKMHFBL_02943
OG0000510	2506671877	CEKMHFBL_02944
OG0000511	2506671888	CEKMHFBL_00756
OG0000512	2506671902	CEKMHFBL_01261, CEKMHFBL_03204
OG0000513	2506671903	CEKMHFBL_01260, CEKMHFBL_03205
OG0000514	2506671904	CEKMHFBL_01259, CEKMHFBL_03206
OG0000515	2506671905	CEKMHFBL_01258, CEKMHFBL_03207
OG0000516	2506671906	CEKMHFBL_01257, CEKMHFBL_03208
OG0000517	2506671909	CEKMHFBL_01254, CEKMHFBL_03211
OG0000518	2506671910	CEKMHFBL_01253, CEKMHFBL_03212
OG0000519	2506671911	CEKMHFBL_01252, CEKMHFBL_03213
OG0000520	2506671912	CEKMHFBL_03214, CEKMHFBL_02722
OG0000521	2506671933	CEKMHFBL_03089
OG0000522	2506671940	CEKMHFBL_01798
OG0000523	2506671941	CEKMHFBL_01799
OG0000524	2506671942	CEKMHFBL_01800
OG0000525	2506671943	CEKMHFBL_01801
OG0000526	2506671944	CEKMHFBL_01802
OG0000527	2506671945	CEKMHFBL_01803
OG0000528	2506671946	CEKMHFBL_01804
OG0000529	2506671950	CEKMHFBL_04269
OG0000530	2506671967	CEKMHFBL_03099
OG0000531	2506671969	CEKMHFBL_03498, CEKMHFBL_03101
OG0000532	2506671990	CEKMHFBL_02023
OG0000533	2506671994	CEKMHFBL_02020
OG0000534	2506672004	CEKMHFBL_01898
OG0000535	2506672035	CEKMHFBL_03114
OG0000536	2506672059	CEKMHFBL_00616
OG0000537	2506672069	CEKMHFBL_01777
OG0000539	2506672176	CEKMHFBL_01683
OG0000540	2506672184	CEKMHFBL_00392, CEKMHFBL_00157
OG0000541	2506672186	CEKMHFBL_00155, CEKMHFBL_00391
OG0000542	2506672223	CEKMHFBL_00696
OG0000543	2506672226	CEKMHFBL_00699
OG0000544	2506672229	CEKMHFBL_00701
OG0000545	2506672248	CEKMHFBL_00118
OG0000546	2506672252	CEKMHFBL_00122
OG0000547	2506672253	CEKMHFBL_00123
OG0000548	2506672284, 2506672711	CEKMHFBL_02421
OG0000549	2506672289	CEKMHFBL_00952
OG0000550	2506672290	CEKMHFBL_00953
OG0000551	2506672312	CEKMHFBL_02622
OG0000552	2506672334	CEKMHFBL_00943
OG0000553	2506672335	CEKMHFBL_00944
OG0000554	2506672337	CEKMHFBL_00946
OG0000555	2506672338	CEKMHFBL_00947
OG0000556	2506672351	CEKMHFBL_00715
OG0000557	2506672363	CEKMHFBL_00056
OG0000558	2506672370	CEKMHFBL_00063
OG0000559	2506672371	CEKMHFBL_00064
OG0000560	2506672401	CEKMHFBL_02140
OG0000561	2506672426	CEKMHFBL_01944
OG0000562	2506672443	CEKMHFBL_01773
OG0000563	2506672458	CEKMHFBL_01725
OG0000564	2506672459	CEKMHFBL_01724
OG0000565	2506672484	CEKMHFBL_01629
OG0000566	2506672485	CEKMHFBL_01630
OG0000567	2506672518	CEKMHFBL_01431
OG0000568	2506672544	CEKMHFBL_03655
OG0000569	2506672549	CEKMHFBL_04178
OG0000570	2506672557	CEKMHFBL_03647
OG0000571	2506672564	CEKMHFBL_02846
OG0000572	2506672589	CEKMHFBL_03063
OG0000573	2506672600	CEKMHFBL_01061, CEKMHFBL_00774
OG0000574	2506672658	CEKMHFBL_04130
OG0000575	2506672694	CEKMHFBL_00762
OG0000576	2506672696	CEKMHFBL_02835
OG0000602	2506669345, 2506669559	CEKMHFBL_01462
OG0000603	2506669355	CEKMHFBL_03558
OG0000604	2506669356	CEKMHFBL_03559
OG0000605	2506669370	CEKMHFBL_01298
OG0000606	2506669371	CEKMHFBL_01299
OG0000607	2506669373	CEKMHFBL_01301
OG0000608	2506669375	CEKMHFBL_01304
OG0000609	2506669376	CEKMHFBL_01305
OG0000610	2506669377	CEKMHFBL_01306
OG0000611	2506669378	CEKMHFBL_01307
OG0000612	2506669380	CEKMHFBL_01309
OG0000613	2506669381	CEKMHFBL_01310
OG0000614	2506669382	CEKMHFBL_01311
OG0000615	2506669385	CEKMHFBL_01284
OG0000616	2506669386	CEKMHFBL_01283
OG0000617	2506669393	CEKMHFBL_02215, CEKMHFBL_00811
OG0000618	2506669397	CEKMHFBL_01237
OG0000619	2506669398	CEKMHFBL_01236
OG0000620	2506669399	CEKMHFBL_01235
OG0000621	2506669400	CEKMHFBL_03928
OG0000622	2506669407	CEKMHFBL_02273
OG0000623	2506669412	CEKMHFBL_03868
OG0000624	2506669413	CEKMHFBL_03867
OG0000625	2506669418	CEKMHFBL_03863
OG0000626	2506669419	CEKMHFBL_03862
OG0000627	2506669420	CEKMHFBL_03861
OG0000628	2506669421	CEKMHFBL_03860
OG0000629	2506669422	CEKMHFBL_03859
OG0000630	2506669424	CEKMHFBL_03857
OG0000631	2506669425	CEKMHFBL_03856
OG0000632	2506669426	CEKMHFBL_03855
OG0000633	2506669427	CEKMHFBL_03854
OG0000634	2506669428	CEKMHFBL_03853
OG0000635	2506669430	CEKMHFBL_03851
OG0000636	2506669431	CEKMHFBL_03850
OG0000637	2506669433	CEKMHFBL_03668
OG0000638	2506669447	CEKMHFBL_00105
OG0000639	2506669448	CEKMHFBL_00106
OG0000640	2506669450	CEKMHFBL_00107
OG0000641	2506669451	CEKMHFBL_00108
OG0000642	2506669456	CEKMHFBL_00109
OG0000643	2506669460	CEKMHFBL_00112
OG0000644	2506669463	CEKMHFBL_01007
OG0000645	2506669464	CEKMHFBL_01006
OG0000646	2506669465	CEKMHFBL_01005
OG0000647	2506669466	CEKMHFBL_01004
OG0000648	2506669467	CEKMHFBL_01003
OG0000649	2506669468	CEKMHFBL_01002
OG0000650	2506669469	CEKMHFBL_01001
OG0000651	2506669474, 2506671624	CEKMHFBL_03822
OG0000652	2506669483, 2506670994	CEKMHFBL_00825
OG0000653	2506669491	CEKMHFBL_01506
OG0000654	2506669492	CEKMHFBL_01505
OG0000655	2506669496	CEKMHFBL_01503
OG0000656	2506669497	CEKMHFBL_01502
OG0000657	2506669498	CEKMHFBL_01501
OG0000658	2506669500	CEKMHFBL_01969
OG0000659	2506669504	CEKMHFBL_01238
OG0000660	2506669505	CEKMHFBL_01239
OG0000661	2506669508	CEKMHFBL_00245
OG0000662	2506669511	CEKMHFBL_01493
OG0000663	2506669515	CEKMHFBL_01490
OG0000664	2506669516	CEKMHFBL_01489
OG0000665	2506669517	CEKMHFBL_01488
OG0000666	2506669524	CEKMHFBL_01484
OG0000667	2506669526	CEKMHFBL_01482
OG0000668	2506669529	CEKMHFBL_01479
OG0000669	2506669531	CEKMHFBL_01475
OG0000670	2506669533	CEKMHFBL_01495
OG0000671	2506669539	CEKMHFBL_01671
OG0000672	2506669546	CEKMHFBL_01670
OG0000673	2506669553	CEKMHFBL_01466
OG0000674	2506669557	CEKMHFBL_01464
OG0000675	2506669558	CEKMHFBL_01463
OG0000676	2506669567	CEKMHFBL_04015
OG0000677	2506669568	CEKMHFBL_04014
OG0000678	2506669570	CEKMHFBL_04012
OG0000679	2506669571	CEKMHFBL_04011
OG0000680	2506669572	CEKMHFBL_04010
OG0000681	2506669573	CEKMHFBL_04009
OG0000682	2506669574	CEKMHFBL_04008
OG0000683	2506669576, 2506669593	CEKMHFBL_03111
OG0000684	2506669596, 2506669577	CEKMHFBL_03108
OG0000685	2506669579, 2506669597	CEKMHFBL_03107
OG0000686	2506669580, 2506669598	CEKMHFBL_03106
OG0000687	2506669583	CEKMHFBL_00568
OG0000688	2506669599, 2506669584	CEKMHFBL_03105
OG0000689	2506669601	CEKMHFBL_04002
OG0000690	2506669602	CEKMHFBL_04001
OG0000691	2506669619	CEKMHFBL_03112
OG0000692	2506669627	CEKMHFBL_01400
OG0000693	2506669629	CEKMHFBL_01402
OG0000694	2506669630	CEKMHFBL_01403
OG0000695	2506669634	CEKMHFBL_01406
OG0000696	2506669638	CEKMHFBL_01658
OG0000697	2506669639	CEKMHFBL_01749, CEKMHFBL_01761, CEKMHFBL_01762
OG0000698	2506669640	CEKMHFBL_01471
OG0000699	2506669643	CEKMHFBL_01473
OG0000700	2506669645	CEKMHFBL_01681
OG0000701	2506669649	CEKMHFBL_03783
OG0000702	2506671307, 2506670589, 2506669660	CEKMHFBL_01720
OG0000703	2506669678	CEKMHFBL_02247
OG0000704	2506669680	CEKMHFBL_02249
OG0000705	2506669681	CEKMHFBL_02250
OG0000706	2506669682	CEKMHFBL_00091
OG0000707	2506669686	CEKMHFBL_00093
OG0000708	2506669689	CEKMHFBL_00096
OG0000709	2506669691	CEKMHFBL_00276
OG0000710	2506669693	CEKMHFBL_03564
OG0000711	2506669700	CEKMHFBL_02644
OG0000712	2506669707	CEKMHFBL_02640
OG0000713	2506669708	CEKMHFBL_02639
OG0000714	2506669709	CEKMHFBL_03070
OG0000715	2506669710	CEKMHFBL_03069
OG0000716	2506669718	CEKMHFBL_01019
OG0000717	2506669720	CEKMHFBL_01023
OG0000718	2506669725	CEKMHFBL_00957
OG0000719	2506669727	CEKMHFBL_00959
OG0000720	2506669729	CEKMHFBL_01216
OG0000721	2506669730	CEKMHFBL_01217
OG0000722	2506669731	CEKMHFBL_01218
OG0000723	2506669732	CEKMHFBL_01219
OG0000724	2506669733	CEKMHFBL_01220
OG0000725	2506669734	CEKMHFBL_01221
OG0000726	2506669738	CEKMHFBL_01224
OG0000727	2506669739	CEKMHFBL_01225
OG0000728	2506669740	CEKMHFBL_01226
OG0000729	2506669741	CEKMHFBL_01227
OG0000730	2506669742	CEKMHFBL_01228
OG0000731	2506669743	CEKMHFBL_01229
OG0000732	2506669745	CEKMHFBL_01232
OG0000733	2506669746	CEKMHFBL_01233
OG0000734	2506669754	CEKMHFBL_01684
OG0000735	2506669755	CEKMHFBL_04098
OG0000736	2506669756	CEKMHFBL_03752
OG0000737	2506669758	CEKMHFBL_00680
OG0000738	2506669761	CEKMHFBL_00682
OG0000739	2506669762	CEKMHFBL_00683
OG0000740	2506669763	CEKMHFBL_02423
OG0000741	2506669765	CEKMHFBL_02422
OG0000742	2506669766	CEKMHFBL_02798
OG0000743	2506669769	CEKMHFBL_02497
OG0000744	2506669770	CEKMHFBL_02498
OG0000745	2506669771	CEKMHFBL_02500
OG0000746	2506669772	CEKMHFBL_02501
OG0000747	2506669773	CEKMHFBL_02502
OG0000748	2506669774	CEKMHFBL_02503
OG0000749	2506669776	CEKMHFBL_02505
OG0000750	2506669781	CEKMHFBL_01191
OG0000751	2506669782	CEKMHFBL_02256
OG0000752	2506669784	CEKMHFBL_01665
OG0000753	2506669786	CEKMHFBL_03379
OG0000754	2506669791	CEKMHFBL_03073
OG0000755	2506669793	CEKMHFBL_03072
OG0000756	2506669794	CEKMHFBL_03071
OG0000757	2506669796	CEKMHFBL_02804
OG0000758	2506669799	CEKMHFBL_04170
OG0000759	2506669800	CEKMHFBL_04169
OG0000760	2506669801	CEKMHFBL_04168
OG0000761	2506669809	CEKMHFBL_01983
OG0000762	2506669810	CEKMHFBL_01984
OG0000763	2506669811	CEKMHFBL_01985
OG0000764	2506669817	CEKMHFBL_01644
OG0000765	2506669818	CEKMHFBL_01645
OG0000766	2506669819	CEKMHFBL_01646
OG0000767	2506669820	CEKMHFBL_01647
OG0000768	2506669821	CEKMHFBL_01648
OG0000769	2506669822	CEKMHFBL_01649
OG0000770	2506669823	CEKMHFBL_01650
OG0000771	2506669824	CEKMHFBL_01655
OG0000772	2506669825	CEKMHFBL_01656
OG0000773	2506669857	CEKMHFBL_00592
OG0000774	2506669858	CEKMHFBL_00591
OG0000775	2506669860	CEKMHFBL_03454
OG0000776	2506669861	CEKMHFBL_03453
OG0000777	2506669867	CEKMHFBL_00589
OG0000778	2506669868	CEKMHFBL_00588
OG0000779	2506669869	CEKMHFBL_00587
OG0000780	2506669870	CEKMHFBL_00586
OG0000781	2506669875	CEKMHFBL_01212
OG0000782	2506669876	CEKMHFBL_01213
OG0000783	2506669878	CEKMHFBL_01214
OG0000784	2506669885	CEKMHFBL_01215
OG0000786	2506669919	CEKMHFBL_00710
OG0000787	2506669922	CEKMHFBL_02818
OG0000788	2506669934	CEKMHFBL_00047
OG0000789	2506669937	CEKMHFBL_01722
OG0000790	2506669940	CEKMHFBL_01901
OG0000791	2506669941	CEKMHFBL_01902
OG0000792	2506669943	CEKMHFBL_03876
OG0000793	2506669946	CEKMHFBL_02752
OG0000795	2506669959	CEKMHFBL_02211
OG0000796	2506669960	CEKMHFBL_01573
OG0000797	2506669975	CEKMHFBL_02361
OG0000798	2506669977	CEKMHFBL_02363
OG0000799	2506669982	CEKMHFBL_02364
OG0000800	2506669983	CEKMHFBL_02365
OG0000801	2506669984	CEKMHFBL_00167
OG0000802	2506669989	CEKMHFBL_02739
OG0000803	2506669990	CEKMHFBL_02738
OG0000804	2506669991	CEKMHFBL_02737
OG0000805	2506669992	CEKMHFBL_02736
OG0000806	2506669993	CEKMHFBL_02735
OG0000807	2506669994	CEKMHFBL_02734
OG0000808	2506669995	CEKMHFBL_02733
OG0000809	2506669996	CEKMHFBL_02732
OG0000810	2506670003	CEKMHFBL_00695
OG0000811	2506670004	CEKMHFBL_00694
OG0000812	2506670006	CEKMHFBL_00692
OG0000813	2506670007	CEKMHFBL_00691
OG0000814	2506670014	CEKMHFBL_02753
OG0000815	2506670018	CEKMHFBL_00646
OG0000816	2506670019	CEKMHFBL_00644
OG0000817	2506670021	CEKMHFBL_00642
OG0000818	2506670022	CEKMHFBL_03770
OG0000819	2506670023	CEKMHFBL_03771
OG0000820	2506670024	CEKMHFBL_03772
OG0000821	2506670027	CEKMHFBL_03774
OG0000822	2506670028	CEKMHFBL_03775
OG0000823	2506670029	CEKMHFBL_03776
OG0000824	2506670031	CEKMHFBL_03778
OG0000825	2506670032	CEKMHFBL_03779
OG0000826	2506670033	CEKMHFBL_03780
OG0000827	2506670034	CEKMHFBL_03781
OG0000828	2506670043	CEKMHFBL_03479
OG0000829	2506670048	CEKMHFBL_03473
OG0000830	2506670049	CEKMHFBL_03472
OG0000831	2506670051	CEKMHFBL_02727
OG0000832	2506670052	CEKMHFBL_04167
OG0000833	2506670062	CEKMHFBL_00043
OG0000834	2506670063	CEKMHFBL_00031
OG0000835	2506670066	CEKMHFBL_00029
OG0000836	2506670069	CEKMHFBL_00026
OG0000837	2506671297, 2506670071	CEKMHFBL_00024
OG0000838	2506670084	CEKMHFBL_03884
OG0000840	2506670088	CEKMHFBL_02227
OG0000841	2506670089	CEKMHFBL_02228
OG0000842	2506670091	CEKMHFBL_02229
OG0000843	2506670092	CEKMHFBL_01469
OG0000844	2506670093	CEKMHFBL_01930
OG0000845	2506670099	CEKMHFBL_03408
OG0000846	2506670101	CEKMHFBL_03406
OG0000847	2506670102	CEKMHFBL_03462
OG0000848	2506670105	CEKMHFBL_00302
OG0000849	2506670106	CEKMHFBL_00301
OG0000850	2506670108	CEKMHFBL_00298
OG0000851	2506670110	CEKMHFBL_00295
OG0000852	2506670113	CEKMHFBL_02979
OG0000853	2506670123	CEKMHFBL_00665
OG0000854	2506670130	CEKMHFBL_01393
OG0000855	2506670133	CEKMHFBL_01396
OG0000856	2506670135	CEKMHFBL_01397, CEKMHFBL_03339
OG0000857	2506670153	CEKMHFBL_01551
OG0000858	2506670158	CEKMHFBL_00517
OG0000859	2506670159	CEKMHFBL_00518
OG0000860	2506670162	CEKMHFBL_03948
OG0000861	2506670163	CEKMHFBL_01060
OG0000862	2506670164	CEKMHFBL_01059
OG0000863	2506670165	CEKMHFBL_01058
OG0000864	2506670166	CEKMHFBL_01057
OG0000865	2506670167	CEKMHFBL_01056
OG0000866	2506670168	CEKMHFBL_01055
OG0000867	2506670169	CEKMHFBL_01054
OG0000868	2506670170	CEKMHFBL_01053
OG0000869	2506670171	CEKMHFBL_01052
OG0000870	2506670174	CEKMHFBL_04079
OG0000871	2506670176	CEKMHFBL_02465
OG0000872	2506670178	CEKMHFBL_02463
OG0000873	2506670183	CEKMHFBL_02458
OG0000874	2506670184	CEKMHFBL_02457
OG0000875	2506670185	CEKMHFBL_02456
OG0000876	2506670186	CEKMHFBL_02455
OG0000877	2506670187	CEKMHFBL_02454
OG0000878	2506670188	CEKMHFBL_02453
OG0000879	2506670190	CEKMHFBL_02450
OG0000880	2506670192	CEKMHFBL_00550
OG0000881	2506670193	CEKMHFBL_00274
OG0000882	2506670194	CEKMHFBL_00273
OG0000883	2506670199	CEKMHFBL_03873
OG0000884	2506670205	CEKMHFBL_00438
OG0000885	2506670206	CEKMHFBL_00439
OG0000886	2506670207	CEKMHFBL_00440
OG0000887	2506670208	CEKMHFBL_00441
OG0000888	2506670210	CEKMHFBL_00444
OG0000889	2506670211	CEKMHFBL_00445
OG0000890	2506670219	CEKMHFBL_03272
OG0000891	2506670220	CEKMHFBL_03271
OG0000892	2506670222	CEKMHFBL_03270
OG0000893	2506670224	CEKMHFBL_03268
OG0000894	2506670252	CEKMHFBL_00482
OG0000895	2506670253	CEKMHFBL_00481
OG0000896	2506670254	CEKMHFBL_00480
OG0000897	2506671190, 2506670258	CEKMHFBL_03245
OG0000898	2506670267	CEKMHFBL_00758
OG0000899	2506670269	CEKMHFBL_00760
OG0000900	2506670271	CEKMHFBL_01651
OG0000901	2506670272	CEKMHFBL_01190
OG0000902	2506670318	CEKMHFBL_01243
OG0000903	2506670343	CEKMHFBL_03580
OG0000904	2506670358	CEKMHFBL_01245
OG0000905	2506670368	CEKMHFBL_01244
OG0000906	2506670383	CEKMHFBL_03966
OG0000907	2506670391	CEKMHFBL_03965
OG0000908	2506670399	CEKMHFBL_01597
OG0000909	2506670400	CEKMHFBL_01595
OG0000910	2506670403	CEKMHFBL_00358
OG0000911	2506670404	CEKMHFBL_00359
OG0000912	2506670405	CEKMHFBL_00360
OG0000913	2506670408	CEKMHFBL_00363
OG0000914	2506670410	CEKMHFBL_00366
OG0000915	2506670411	CEKMHFBL_00367
OG0000916	2506670412	CEKMHFBL_00368
OG0000917	2506670413	CEKMHFBL_00369
OG0000918	2506670414	CEKMHFBL_00370
OG0000919	2506670415	CEKMHFBL_00371
OG0000920	2506670418	CEKMHFBL_02881
OG0000921	2506670419	CEKMHFBL_02880
OG0000922	2506670425	CEKMHFBL_01031
OG0000923	2506670426	CEKMHFBL_02398
OG0000924	2506670432	CEKMHFBL_02393
OG0000925	2506670433	CEKMHFBL_02346
OG0000926	2506670434	CEKMHFBL_02637
OG0000927	2506670436	CEKMHFBL_02636
OG0000928	2506670437	CEKMHFBL_02635
OG0000929	2506670438	CEKMHFBL_02634
OG0000930	2506670439	CEKMHFBL_02633
OG0000931	2506670440	CEKMHFBL_02632
OG0000932	2506670441	CEKMHFBL_02631
OG0000933	2506670442	CEKMHFBL_02630
OG0000934	2506670443	CEKMHFBL_02629
OG0000935	2506670445	CEKMHFBL_02627
OG0000936	2506670446	CEKMHFBL_02626
OG0000937	2506670447	CEKMHFBL_02625
OG0000938	2506670448	CEKMHFBL_02624
OG0000939	2506670449	CEKMHFBL_02623
OG0000940	2506670453	CEKMHFBL_00992
OG0000941	2506670454	CEKMHFBL_00991
OG0000942	2506670456	CEKMHFBL_00184
OG0000943	2506670457	CEKMHFBL_00185
OG0000944	2506670458	CEKMHFBL_00186
OG0000945	2506670459	CEKMHFBL_00187
OG0000946	2506670460	CEKMHFBL_00188
OG0000947	2506670461	CEKMHFBL_00189
OG0000948	2506670462	CEKMHFBL_00190
OG0000949	2506670463	CEKMHFBL_00191
OG0000950	2506670464	CEKMHFBL_00192
OG0000951	2506670465	CEKMHFBL_00193
OG0000952	2506670471	CEKMHFBL_00199
OG0000953	2506670477	CEKMHFBL_04035, CEKMHFBL_00205
OG0000954	2506670478	CEKMHFBL_00206, CEKMHFBL_04034
OG0000955	2506670486	CEKMHFBL_00214, CEKMHFBL_04025
OG0000956	2506670501	CEKMHFBL_02796
OG0000957	2506670504	CEKMHFBL_01242
OG0000958	2506670505	CEKMHFBL_01500
OG0000959	2506670563, 2506670508	CEKMHFBL_00140
OG0000960	2506670524	CEKMHFBL_01672
OG0000961	2506670526	CEKMHFBL_02789
OG0000962	2506670527	CEKMHFBL_02790
OG0000963	2506670528	CEKMHFBL_02791
OG0000964	2506670529	CEKMHFBL_02792
OG0000965	2506670532	CEKMHFBL_04059
OG0000966	2506670533	CEKMHFBL_04058
OG0000967	2506670534	CEKMHFBL_04057
OG0000968	2506670546	CEKMHFBL_01093
OG0000969	2506670554	CEKMHFBL_04050
OG0000970	2506670558	CEKMHFBL_04047
OG0000971	2506670561	CEKMHFBL_04045
OG0000972	2506670564	CEKMHFBL_01453
OG0000973	2506670565	CEKMHFBL_01452
OG0000974	2506670566	CEKMHFBL_01451
OG0000975	2506670567	CEKMHFBL_01450
OG0000976	2506670569	CEKMHFBL_01448
OG0000977	2506670570	CEKMHFBL_01447
OG0000978	2506670571	CEKMHFBL_01446
OG0000979	2506670572	CEKMHFBL_01445
OG0000980	2506670573	CEKMHFBL_01444
OG0000981	2506670574	CEKMHFBL_01443
OG0000982	2506670575	CEKMHFBL_01442
OG0000983	2506670576	CEKMHFBL_01441
OG0000984	2506670577	CEKMHFBL_01440
OG0000985	2506670578	CEKMHFBL_01439
OG0000986	2506670579	CEKMHFBL_01438
OG0000987	2506670580	CEKMHFBL_01437
OG0000988	2506670584	CEKMHFBL_01010
OG0000989	2506670601	CEKMHFBL_00098
OG0000990	2506670613, 2506671726	CEKMHFBL_00255
OG0000991	2506672427, 2506670615	CEKMHFBL_00099
OG0000992	2506670617	CEKMHFBL_00101
OG0000993	2506670626	CEKMHFBL_02116
OG0000994	2506670628	CEKMHFBL_00011
OG0000995	2506670634	CEKMHFBL_00008
OG0000996	2506670635	CEKMHFBL_00007
OG0000997	2506670636	CEKMHFBL_00006
OG0000998	2506670637	CEKMHFBL_00005
OG0000999	2506670638	CEKMHFBL_00004
OG0001000	2506670643	CEKMHFBL_03827
OG0001001	2506670644	CEKMHFBL_03828
OG0001002	2506670645	CEKMHFBL_03829
OG0001003	2506670648	CEKMHFBL_03831
OG0001004	2506670658	CEKMHFBL_03832
OG0001005	2506670661	CEKMHFBL_02988
OG0001006	2506670665	CEKMHFBL_03836
OG0001007	2506670666	CEKMHFBL_03837
OG0001008	2506670667	CEKMHFBL_03838
OG0001009	2506670674	CEKMHFBL_03841
OG0001010	2506670675	CEKMHFBL_03842
OG0001011	2506670676	CEKMHFBL_03843
OG0001012	2506670678	CEKMHFBL_03844
OG0001013	2506670690	CEKMHFBL_03389
OG0001014	2506670691	CEKMHFBL_03612
OG0001015	2506670692	CEKMHFBL_03613
OG0001016	2506670693	CEKMHFBL_03614
OG0001017	2506670694	CEKMHFBL_03615
OG0001018	2506670699	CEKMHFBL_03619
OG0001019	2506670701	CEKMHFBL_03620
OG0001020	2506670715	CEKMHFBL_04181
OG0001021	2506670718	CEKMHFBL_03567
OG0001022	2506670721	CEKMHFBL_02920
OG0001023	2506670732	CEKMHFBL_03784
OG0001024	2506670740	CEKMHFBL_02915
OG0001025	2506670743	CEKMHFBL_02913
OG0001026	2506670744	CEKMHFBL_02912
OG0001027	2506671453, 2506670745	CEKMHFBL_02087
OG0001028	2506670746	CEKMHFBL_02081
OG0001029	2506670750	CEKMHFBL_02080
OG0001030	2506670751	CEKMHFBL_02079
OG0001031	2506670757	CEKMHFBL_02074
OG0001032	2506670758	CEKMHFBL_02073
OG0001033	2506670759	CEKMHFBL_02072
OG0001034	2506670760	CEKMHFBL_02071
OG0001035	2506670761	CEKMHFBL_02070
OG0001036	2506670766	CEKMHFBL_02065
OG0001037	2506670767	CEKMHFBL_02064
OG0001038	2506670768	CEKMHFBL_02063
OG0001039	2506670769	CEKMHFBL_02062
OG0001040	2506670770	CEKMHFBL_02061
OG0001041	2506670771	CEKMHFBL_02060
OG0001042	2506670772	CEKMHFBL_02059
OG0001043	2506670773	CEKMHFBL_02058
OG0001044	2506670775	CEKMHFBL_02056
OG0001045	2506670776	CEKMHFBL_02055
OG0001046	2506670777	CEKMHFBL_02054
OG0001047	2506670778	CEKMHFBL_02053
OG0001048	2506670779	CEKMHFBL_02052
OG0001049	2506670791	CEKMHFBL_03082
OG0001050	2506670805	CEKMHFBL_00620
OG0001051	2506670815	CEKMHFBL_02992
OG0001052	2506670818	CEKMHFBL_00622
OG0001053	2506670821	CEKMHFBL_01714
OG0001054	2506670824	CEKMHFBL_03156
OG0001055	2506670825	CEKMHFBL_03155
OG0001056	2506670826	CEKMHFBL_03154
OG0001057	2506670827	CEKMHFBL_03153
OG0001058	2506670828	CEKMHFBL_03152
OG0001059	2506670829	CEKMHFBL_03151
OG0001060	2506670830	CEKMHFBL_03150
OG0001061	2506670831	CEKMHFBL_00552
OG0001062	2506670832	CEKMHFBL_00553
OG0001063	2506670833	CEKMHFBL_00554
OG0001064	2506670834	CEKMHFBL_00555
OG0001065	2506670835	CEKMHFBL_00556
OG0001066	2506670836	CEKMHFBL_00557
OG0001067	2506670837	CEKMHFBL_00558
OG0001068	2506670838	CEKMHFBL_00559
OG0001069	2506670839	CEKMHFBL_00560
OG0001070	2506670847	CEKMHFBL_03395
OG0001071	2506670848	CEKMHFBL_03394
OG0001072	2506670849	CEKMHFBL_03393
OG0001073	2506670850	CEKMHFBL_03392
OG0001074	2506670851	CEKMHFBL_03391
OG0001075	2506670852	CEKMHFBL_03390
OG0001076	2506670854	CEKMHFBL_03388
OG0001077	2506670858	CEKMHFBL_01521
OG0001078	2506670859	CEKMHFBL_01520
OG0001079	2506670860	CEKMHFBL_01519
OG0001080	2506670864	CEKMHFBL_00805
OG0001081	2506670870	CEKMHFBL_01954
OG0001082	2506670871	CEKMHFBL_01953
OG0001083	2506670874	CEKMHFBL_00736
OG0001084	2506670876	CEKMHFBL_00738
OG0001085	2506670880	CEKMHFBL_02741
OG0001086	2506670883	CEKMHFBL_02743
OG0001087	2506670884	CEKMHFBL_02744
OG0001088	2506670887	CEKMHFBL_01956
OG0001089	2506670888	CEKMHFBL_01474
OG0001090	2506670894	CEKMHFBL_00376
OG0001091	2506670895	CEKMHFBL_00375
OG0001092	2506670897	CEKMHFBL_00373
OG0001093	2506670898	CEKMHFBL_00372
OG0001094	2506670902	CEKMHFBL_04112
OG0001095	2506670904	CEKMHFBL_03413
OG0001096	2506670905	CEKMHFBL_03414
OG0001097	2506670910	CEKMHFBL_03415
OG0001098	2506670911	CEKMHFBL_03416
OG0001099	2506670912	CEKMHFBL_03417
OG0001100	2506670913	CEKMHFBL_03418
OG0001101	2506670914	CEKMHFBL_03419
OG0001102	2506670916	CEKMHFBL_03421
OG0001103	2506670917	CEKMHFBL_03422
OG0001104	2506670920	CEKMHFBL_03426
OG0001105	2506670921	CEKMHFBL_03427
OG0001106	2506670922	CEKMHFBL_03428
OG0001107	2506670923	CEKMHFBL_03429
OG0001108	2506670924	CEKMHFBL_03430
OG0001109	2506670925	CEKMHFBL_03431
OG0001110	2506670929	CEKMHFBL_03435
OG0001111	2506670930	CEKMHFBL_03436
OG0001112	2506670931	CEKMHFBL_03437
OG0001113	2506670932	CEKMHFBL_03438
OG0001114	2506670933	CEKMHFBL_03439
OG0001115	2506670935	CEKMHFBL_03441
OG0001116	2506670937	CEKMHFBL_03442
OG0001117	2506670938	CEKMHFBL_03443
OG0001118	2506670939	CEKMHFBL_03444
OG0001119	2506670940	CEKMHFBL_03445
OG0001120	2506670944	CEKMHFBL_03449
OG0001121	2506670945	CEKMHFBL_03450
OG0001122	2506670946	CEKMHFBL_03451
OG0001123	2506670957	CEKMHFBL_00789
OG0001124	2506670958	CEKMHFBL_00790
OG0001125	2506670962	CEKMHFBL_02203
OG0001126	2506672129, 2506670963	CEKMHFBL_02204
OG0001127	2506671162	CEKMHFBL_01699
OG0001128	2506670975	CEKMHFBL_01653
OG0001129	2506670979	CEKMHFBL_02662
OG0001130	2506670980	CEKMHFBL_02661
OG0001131	2506672054, 2506671002	CEKMHFBL_03672
OG0001132	2506671017	CEKMHFBL_03705
OG0001133	2506671019	CEKMHFBL_02550
OG0001134	2506671020	CEKMHFBL_02551
OG0001135	2506671021	CEKMHFBL_02552
OG0001136	2506671022	CEKMHFBL_02553
OG0001137	2506671023	CEKMHFBL_02554
OG0001138	2506671025	CEKMHFBL_02556
OG0001139	2506671026	CEKMHFBL_02557
OG0001140	2506671027	CEKMHFBL_02558
OG0001141	2506671028	CEKMHFBL_02559
OG0001142	2506671029	CEKMHFBL_02560
OG0001143	2506671030	CEKMHFBL_02561
OG0001144	2506671031	CEKMHFBL_02562
OG0001145	2506671032	CEKMHFBL_02563
OG0001146	2506671033	CEKMHFBL_02564
OG0001147	2506671034	CEKMHFBL_02565
OG0001148	2506671035	CEKMHFBL_04177
OG0001149	2506671036	CEKMHFBL_02566
OG0001150	2506671038	CEKMHFBL_02974
OG0001151	2506671040	CEKMHFBL_02975
OG0001152	2506671043	CEKMHFBL_02977
OG0001153	2506671044	CEKMHFBL_02978
OG0001154	2506671053	CEKMHFBL_02986
OG0001155	2506672506, 2506671054	CEKMHFBL_02886
OG0001156	2506671058	CEKMHFBL_03638
OG0001157	2506671059	CEKMHFBL_03637
OG0001158	2506671060	CEKMHFBL_03636
OG0001159	2506671084	CEKMHFBL_00478
OG0001160	2506671085	CEKMHFBL_00477
OG0001161	2506671089	CEKMHFBL_01264
OG0001162	2506671091	CEKMHFBL_01267
OG0001163	2506671092	CEKMHFBL_01268
OG0001164	2506671094	CEKMHFBL_01659
OG0001165	2506671097	CEKMHFBL_03585
OG0001166	2506671107	CEKMHFBL_01524
OG0001167	2506671147	CEKMHFBL_01708
OG0001168	2506671151	CEKMHFBL_01706
OG0001169	2506671153	CEKMHFBL_01705
OG0001170	2506671154	CEKMHFBL_01704
OG0001171	2506671155	CEKMHFBL_01703
OG0001172	2506671156	CEKMHFBL_00535, CEKMHFBL_01702
OG0001173	2506671158	CEKMHFBL_01701
OG0001174	2506671163	CEKMHFBL_01698
OG0001175	2506671164	CEKMHFBL_01697
OG0001176	2506671165	CEKMHFBL_01696
OG0001177	2506671171	CEKMHFBL_01640
OG0001178	2506671185	CEKMHFBL_03181
OG0001178	2506671662	CEKMHFBL_03183
OG0001179	2506671186, 2506671661	CEKMHFBL_03182
OG0001180	2506671197	CEKMHFBL_01421
OG0001181	2506671199	CEKMHFBL_04229
OG0001182	2506671235	CEKMHFBL_01946
OG0001183	2506671236	CEKMHFBL_01947
OG0001184	2506671237	CEKMHFBL_01948
OG0001185	2506671238	CEKMHFBL_01949
OG0001186	2506671239	CEKMHFBL_01950
OG0001187	2506671242	CEKMHFBL_00565, CEKMHFBL_03162
OG0001188	2506671251	CEKMHFBL_00575
OG0001189	2506671252	CEKMHFBL_00576
OG0001190	2506671253	CEKMHFBL_00577
OG0001191	2506671254	CEKMHFBL_00578
OG0001192	2506671255	CEKMHFBL_00579
OG0001193	2506671258	CEKMHFBL_00581
OG0001194	2506671259	CEKMHFBL_00582
OG0001195	2506671261	CEKMHFBL_00584
OG0001196	2506671262	CEKMHFBL_00585
OG0001197	2506671269	CEKMHFBL_00999
OG0001198	2506671272	CEKMHFBL_02740
OG0001199	2506671276	CEKMHFBL_00965
OG0001200	2506671277	CEKMHFBL_00964
OG0001201	2506671278	CEKMHFBL_00963
OG0001202	2506671282	CEKMHFBL_02205
OG0001204	2506671287	CEKMHFBL_02201
OG0001205	2506671288	CEKMHFBL_02200
OG0001206	2506671289	CEKMHFBL_02199
OG0001207	2506671290	CEKMHFBL_02198
OG0001208	2506671291	CEKMHFBL_02197
OG0001209	2506671301	CEKMHFBL_04064
OG0001210	2506671302	CEKMHFBL_04063
OG0001211	2506671303	CEKMHFBL_04062
OG0001212	2506671305	CEKMHFBL_02146
OG0001213	2506671313	CEKMHFBL_02260
OG0001214	2506671314	CEKMHFBL_02261
OG0001215	2506671316	CEKMHFBL_02817
OG0001216	2506671317	CEKMHFBL_02816
OG0001217	2506671318	CEKMHFBL_04172
OG0001218	2506671319	CEKMHFBL_02815
OG0001219	2506671320	CEKMHFBL_02814
OG0001220	2506672467, 2506671322	CEKMHFBL_02287
OG0001221	2506671323	CEKMHFBL_02813
OG0001222	2506671324	CEKMHFBL_02812
OG0001223	2506671325	CEKMHFBL_02811
OG0001224	2506671326	CEKMHFBL_02810
OG0001225	2506671334	CEKMHFBL_03757
OG0001226	2506671340	CEKMHFBL_00998
OG0001227	2506671341	CEKMHFBL_00997
OG0001228	2506671342	CEKMHFBL_00996
OG0001229	2506671343	CEKMHFBL_00995
OG0001230	2506671344	CEKMHFBL_00994
OG0001232	2506671351	CEKMHFBL_03595
OG0001233	2506671359	CEKMHFBL_00971
OG0001234	2506671360	CEKMHFBL_00972
OG0001235	2506671361	CEKMHFBL_00973
OG0001236	2506671364	CEKMHFBL_00975
OG0001237	2506671365	CEKMHFBL_00976
OG0001238	2506671366	CEKMHFBL_00977
OG0001239	2506671370	CEKMHFBL_00126
OG0001240	2506671371	CEKMHFBL_00127
OG0001241	2506671372	CEKMHFBL_00089
OG0001242	2506671373	CEKMHFBL_00088
OG0001243	2506671374	CEKMHFBL_00087
OG0001244	2506671375	CEKMHFBL_00086
OG0001245	2506671398	CEKMHFBL_00082
OG0001246	2506671399	CEKMHFBL_00083
OG0001247	2506671400	CEKMHFBL_00084
OG0001248	2506671401	CEKMHFBL_00085
OG0001249	2506671419	CEKMHFBL_03609
OG0001250	2506671430	CEKMHFBL_02836
OG0001251	2506671433	CEKMHFBL_02839
OG0001252	2506671434	CEKMHFBL_00848
OG0001253	2506671435	CEKMHFBL_00849
OG0001254	2506671442	CEKMHFBL_01962
OG0001255	2506671449	CEKMHFBL_02082
OG0001256	2506671450	CEKMHFBL_02083
OG0001257	2506671451	CEKMHFBL_02084
OG0001258	2506671452	CEKMHFBL_02085
OG0001259	2506671480	CEKMHFBL_00625
OG0001260	2506671486	CEKMHFBL_00033, CEKMHFBL_00040
OG0001261	2506671497	CEKMHFBL_01674
OG0001262	2506671532, 2506671798	CEKMHFBL_00656
OG0001263	2506671541	CEKMHFBL_00645
OG0001265	2506671602	CEKMHFBL_00818
OG0001266	2506671644	CEKMHFBL_01496
OG0001267	2506671651	CEKMHFBL_02878
OG0001268	2506671652	CEKMHFBL_02877
OG0001269	2506671657	CEKMHFBL_02872
OG0001270	2506671658	CEKMHFBL_02871
OG0001271	2506671666	CEKMHFBL_02721
OG0001272	2506671667	CEKMHFBL_02719
OG0001273	2506671677	CEKMHFBL_02718
OG0001274	2506671686	CEKMHFBL_01324
OG0001275	2506671691	CEKMHFBL_00306
OG0001276	2506671693	CEKMHFBL_04018, CEKMHFBL_02149
OG0001277	2506671707	CEKMHFBL_00348
OG0001278	2506671708	CEKMHFBL_00349
OG0001279	2506671709	CEKMHFBL_00350
OG0001280	2506671710	CEKMHFBL_00351
OG0001281	2506671715	CEKMHFBL_00356
OG0001282	2506671716	CEKMHFBL_00357
OG0001283	2506671718	CEKMHFBL_00246
OG0001284	2506671719	CEKMHFBL_00247
OG0001285	2506671720	CEKMHFBL_00248
OG0001286	2506671722	CEKMHFBL_00250
OG0001287	2506671723	CEKMHFBL_00252
OG0001288	2506671724	CEKMHFBL_00253
OG0001289	2506671725	CEKMHFBL_00254
OG0001290	2506671727	CEKMHFBL_00496
OG0001291	2506671730	CEKMHFBL_00259
OG0001292	2506671738	CEKMHFBL_00673
OG0001293	2506671745	CEKMHFBL_03403
OG0001294	2506671747	CEKMHFBL_02660
OG0001295	2506671751	CEKMHFBL_03677
OG0001296	2506671752	CEKMHFBL_03676
OG0001297	2506671753	CEKMHFBL_03675
OG0001298	2506671754	CEKMHFBL_03674
OG0001299	2506671757	CEKMHFBL_04075
OG0001300	2506671764	CEKMHFBL_00850
OG0001301	2506671783	CEKMHFBL_03542
OG0001302	2506671800	CEKMHFBL_01312
OG0001303	2506671801	CEKMHFBL_02779
OG0001304	2506671804	CEKMHFBL_02782
OG0001305	2506671805	CEKMHFBL_02783
OG0001306	2506671807	CEKMHFBL_02785
OG0001307	2506671809	CEKMHFBL_02788
OG0001308	2506671811	CEKMHFBL_02618
OG0001309	2506671831	CEKMHFBL_00983
OG0001310	2506671832	CEKMHFBL_00982
OG0001311	2506671833	CEKMHFBL_00981
OG0001312	2506671834	CEKMHFBL_00980
OG0001313	2506671851	CEKMHFBL_04109
OG0001314	2506671860	CEKMHFBL_00236
OG0001315	2506671861	CEKMHFBL_00235
OG0001316	2506671864	CEKMHFBL_00227
OG0001317	2506671865	CEKMHFBL_00226
OG0001318	2506671866	CEKMHFBL_00225
OG0001319	2506671870	CEKMHFBL_03102
OG0001320	2506671871	CEKMHFBL_03083
OG0001321	2506671873	CEKMHFBL_02940
OG0001322	2506671882	CEKMHFBL_00081
OG0001323	2506671884	CEKMHFBL_00987
OG0001324	2506671885	CEKMHFBL_00988
OG0001325	2506671886	CEKMHFBL_00989
OG0001326	2506671889	CEKMHFBL_01455
OG0001327	2506671891	CEKMHFBL_01457
OG0001328	2506671892	CEKMHFBL_01458
OG0001329	2506671893	CEKMHFBL_01459
OG0001330	2506671897	CEKMHFBL_02292
OG0001331	2506671898	CEKMHFBL_02291
OG0001332	2506671899	CEKMHFBL_02251
OG0001333	2506671914	CEKMHFBL_01527
OG0001334	2506671915	CEKMHFBL_01526
OG0001335	2506671916	CEKMHFBL_01525
OG0001336	2506671919	CEKMHFBL_02252
OG0001337	2506671920	CEKMHFBL_02253
OG0001338	2506671921	CEKMHFBL_02254
OG0001339	2506671922	CEKMHFBL_02255
OG0001340	2506671924	CEKMHFBL_02258
OG0001341	2506671925	CEKMHFBL_02259
OG0001342	2506671928	CEKMHFBL_01386
OG0001343	2506671929	CEKMHFBL_01385
OG0001344	2506671930	CEKMHFBL_01384
OG0001345	2506671931	CEKMHFBL_01383
OG0001346	2506671932	CEKMHFBL_01382
OG0001347	2506671934	CEKMHFBL_03088
OG0001348	2506671935	CEKMHFBL_03087
OG0001349	2506671936	CEKMHFBL_01794
OG0001350	2506671937	CEKMHFBL_01795
OG0001351	2506671938	CEKMHFBL_01796
OG0001352	2506671939	CEKMHFBL_01797
OG0001353	2506671949	CEKMHFBL_01805
OG0001354	2506671956	CEKMHFBL_01627
OG0001355	2506671957	CEKMHFBL_01586
OG0001356	2506671961	CEKMHFBL_01626
OG0001357	2506671962	CEKMHFBL_01625
OG0001358	2506671963	CEKMHFBL_01624
OG0001359	2506671965	CEKMHFBL_03098
OG0001360	2506671968	CEKMHFBL_03100
OG0001361	2506671970	CEKMHFBL_02224
OG0001362	2506671971	CEKMHFBL_02225
OG0001363	2506671978	CEKMHFBL_00407
OG0001364	2506671987	CEKMHFBL_00408
OG0001365	2506671989	CEKMHFBL_00409
OG0001366	2506671995	CEKMHFBL_01889
OG0001367	2506671996	CEKMHFBL_01890
OG0001368	2506671997	CEKMHFBL_01891
OG0001369	2506671999	CEKMHFBL_01893
OG0001370	2506672000	CEKMHFBL_01894
OG0001371	2506672001	CEKMHFBL_01895
OG0001372	2506672002	CEKMHFBL_01896
OG0001373	2506672003	CEKMHFBL_01897
OG0001374	2506672005	CEKMHFBL_01899
OG0001375	2506672011	CEKMHFBL_01903
OG0001376	2506672017	CEKMHFBL_00522
OG0001378	2506672040	CEKMHFBL_00717
OG0001379	2506672041	CEKMHFBL_00730
OG0001380	2506672042	CEKMHFBL_00731
OG0001381	2506672045	CEKMHFBL_00733
OG0001382	2506672046	CEKMHFBL_00734
OG0001383	2506672047	CEKMHFBL_00735
OG0001384	2506672060	CEKMHFBL_00617
OG0001385	2506672068	CEKMHFBL_01776
OG0001387	2506672107	CEKMHFBL_00751
OG0001388	2506672108	CEKMHFBL_00750
OG0001389	2506672112	CEKMHFBL_00748
OG0001390	2506672114	CEKMHFBL_00746
OG0001391	2506672145	CEKMHFBL_00745
OG0001392	2506672146	CEKMHFBL_00744
OG0001393	2506672147	CEKMHFBL_00743
OG0001394	2506672148	CEKMHFBL_00742
OG0001395	2506672153	CEKMHFBL_00741
OG0001396	2506672155	CEKMHFBL_01291
OG0001397	2506672156	CEKMHFBL_01292
OG0001398	2506672158	CEKMHFBL_01294
OG0001399	2506672159	CEKMHFBL_01295
OG0001400	2506672165	CEKMHFBL_00940
OG0001401	2506672181	CEKMHFBL_00161
OG0001402	2506672183	CEKMHFBL_00159
OG0001403	2506672187	CEKMHFBL_00389
OG0001404	2506672188	CEKMHFBL_00154
OG0001405	2506672189	CEKMHFBL_00153
OG0001406	2506672191	CEKMHFBL_00152
OG0001407	2506672192	CEKMHFBL_00151
OG0001408	2506672193	CEKMHFBL_00150
OG0001409	2506672194	CEKMHFBL_00149
OG0001410	2506672195	CEKMHFBL_00148
OG0001411	2506672196	CEKMHFBL_00147
OG0001412	2506672197	CEKMHFBL_00146
OG0001413	2506672198	CEKMHFBL_00145
OG0001414	2506672199	CEKMHFBL_00144
OG0001415	2506672200	CEKMHFBL_00143
OG0001416	2506672201	CEKMHFBL_00142
OG0001417	2506672224	CEKMHFBL_00697
OG0001418	2506672225	CEKMHFBL_00698
OG0001419	2506672228	CEKMHFBL_01982, CEKMHFBL_00700
OG0001420	2506672231	CEKMHFBL_01991
OG0001421	2506672232	CEKMHFBL_01990
OG0001422	2506672233	CEKMHFBL_01989
OG0001423	2506672234	CEKMHFBL_01988
OG0001424	2506672238	CEKMHFBL_01035
OG0001425	2506672239	CEKMHFBL_01036
OG0001426	2506672240	CEKMHFBL_01037
OG0001427	2506672241	CEKMHFBL_01038
OG0001428	2506672243	CEKMHFBL_00114
OG0001429	2506672244	CEKMHFBL_00115
OG0001430	2506672245	CEKMHFBL_00116
OG0001431	2506672247	CEKMHFBL_00117
OG0001432	2506672249	CEKMHFBL_00119
OG0001433	2506672251	CEKMHFBL_00121
OG0001434	2506672254	CEKMHFBL_00124
OG0001435	2506672255	CEKMHFBL_00125
OG0001436	2506672256	CEKMHFBL_01939
OG0001437	2506672257	CEKMHFBL_02770
OG0001438	2506672259	CEKMHFBL_02768
OG0001439	2506672260	CEKMHFBL_02767
OG0001440	2506672261	CEKMHFBL_02766
OG0001441	2506672262	CEKMHFBL_02765
OG0001442	2506672263	CEKMHFBL_02764
OG0001443	2506672264	CEKMHFBL_02763
OG0001444	2506672265	CEKMHFBL_02762
OG0001445	2506672266	CEKMHFBL_02761
OG0001446	2506672267	CEKMHFBL_02760
OG0001447	2506672268	CEKMHFBL_02759
OG0001448	2506672270	CEKMHFBL_02757
OG0001449	2506672271	CEKMHFBL_02756
OG0001450	2506672272	CEKMHFBL_02755
OG0001451	2506672273	CEKMHFBL_02754
OG0001452	2506672278	CEKMHFBL_02414
OG0001453	2506672279	CEKMHFBL_02415
OG0001454	2506672280	CEKMHFBL_02416
OG0001455	2506672282	CEKMHFBL_02418
OG0001456	2506672283	CEKMHFBL_02420
OG0001457	2506672308	CEKMHFBL_01943
OG0001458	2506672314	CEKMHFBL_02621
OG0001459	2506672315	CEKMHFBL_02620
OG0001460	2506672327	CEKMHFBL_03730
OG0001461	2506672328	CEKMHFBL_03731
OG0001462	2506672332	CEKMHFBL_01434
OG0001463	2506672333	CEKMHFBL_01433
OG0001464	2506672360	CEKMHFBL_00053
OG0001465	2506672361	CEKMHFBL_00054
OG0001466	2506672364	CEKMHFBL_00057
OG0001467	2506672365	CEKMHFBL_00058
OG0001468	2506672366	CEKMHFBL_00059
OG0001469	2506672367	CEKMHFBL_00060
OG0001470	2506672368	CEKMHFBL_00061
OG0001471	2506672369	CEKMHFBL_00062
OG0001472	2506672372	CEKMHFBL_00065
OG0001473	2506672373	CEKMHFBL_00066
OG0001474	2506672374	CEKMHFBL_00067
OG0001475	2506672375	CEKMHFBL_00068
OG0001476	2506672376	CEKMHFBL_00069
OG0001477	2506672377	CEKMHFBL_00070
OG0001478	2506672378	CEKMHFBL_00071
OG0001479	2506672379	CEKMHFBL_00072
OG0001480	2506672380	CEKMHFBL_00073
OG0001481	2506672381	CEKMHFBL_00074
OG0001482	2506672382	CEKMHFBL_00075
OG0001483	2506672383	CEKMHFBL_00076
OG0001484	2506672384	CEKMHFBL_00077
OG0001485	2506672385	CEKMHFBL_00078
OG0001486	2506672386	CEKMHFBL_02312
OG0001487	2506672387	CEKMHFBL_02313
OG0001488	2506672388	CEKMHFBL_02314
OG0001489	2506672389	CEKMHFBL_02316
OG0001490	2506672390	CEKMHFBL_02317
OG0001491	2506672391	CEKMHFBL_02318
OG0001492	2506672392	CEKMHFBL_02319
OG0001493	2506672394	CEKMHFBL_02321
OG0001494	2506672395	CEKMHFBL_02322
OG0001495	2506672396	CEKMHFBL_02323
OG0001496	2506672397	CEKMHFBL_02324
OG0001497	2506672398	CEKMHFBL_02325
OG0001498	2506672399	CEKMHFBL_02326
OG0001499	2506672400	CEKMHFBL_02327
OG0001500	2506672402	CEKMHFBL_02139
OG0001501	2506672403	CEKMHFBL_02127
OG0001502	2506672405	CEKMHFBL_02125
OG0001503	2506672406	CEKMHFBL_02124
OG0001504	2506672407	CEKMHFBL_02123
OG0001505	2506672698, 2506672419	CEKMHFBL_02379
OG0001506	2506672424	CEKMHFBL_02617
OG0001507	2506672446	CEKMHFBL_03794
OG0001508	2506672449	CEKMHFBL_03793
OG0001509	2506672450	CEKMHFBL_03792
OG0001510	2506672451	CEKMHFBL_03791
OG0001511	2506672454	CEKMHFBL_03788
OG0001512	2506672455	CEKMHFBL_03787
OG0001513	2506672460	CEKMHFBL_01723
OG0001514	2506672466	CEKMHFBL_01554
OG0001518	2506672482	CEKMHFBL_01537
OG0001519	2506672483	CEKMHFBL_01628
OG0001520	2506672486	CEKMHFBL_01631
OG0001521	2506672487	CEKMHFBL_01632
OG0001522	2506672488	CEKMHFBL_01184
OG0001523	2506672492	CEKMHFBL_01928
OG0001524	2506672493	CEKMHFBL_02235
OG0001525	2506672494	CEKMHFBL_02236, CEKMHFBL_03201
OG0001526	2506672496	CEKMHFBL_00689
OG0001527	2506672497	CEKMHFBL_00690
OG0001528	2506672498	CEKMHFBL_01098
OG0001529	2506672499	CEKMHFBL_01097
OG0001530	2506672504	CEKMHFBL_00451
OG0001531	2506672514	CEKMHFBL_02380
OG0001532	2506672516	CEKMHFBL_01432
OG0001533	2506672526	CEKMHFBL_01429
OG0001534	2506672527	CEKMHFBL_01957
OG0001535	2506672529	CEKMHFBL_02238
OG0001536	2506672530	CEKMHFBL_02239
OG0001537	2506672532	CEKMHFBL_02241
OG0001538	2506672535	CEKMHFBL_02244
OG0001539	2506672536	CEKMHFBL_02245
OG0001540	2506672540	CEKMHFBL_03658
OG0001541	2506672542	CEKMHFBL_03657
OG0001542	2506672543	CEKMHFBL_03656
OG0001543	2506672546	CEKMHFBL_02646
OG0001544	2506672547	CEKMHFBL_01468
OG0001545	2506672548	CEKMHFBL_01322
OG0001546	2506672550	CEKMHFBL_03654
OG0001547	2506672551	CEKMHFBL_03653
OG0001548	2506672554	CEKMHFBL_03650
OG0001549	2506672556	CEKMHFBL_03648
OG0001550	2506672558	CEKMHFBL_03646
OG0001551	2506672559	CEKMHFBL_02851
OG0001552	2506672562	CEKMHFBL_02848
OG0001553	2506672563	CEKMHFBL_02847
OG0001554	2506672565	CEKMHFBL_02845
OG0001555	2506672566	CEKMHFBL_02844
OG0001556	2506672569	CEKMHFBL_03574
OG0001557	2506672572	CEKMHFBL_03573
OG0001558	2506672579	CEKMHFBL_02109
OG0001559	2506672581	CEKMHFBL_02104
OG0001560	2506672591	CEKMHFBL_02106
OG0001561	2506672599	CEKMHFBL_00773
OG0001562	2506672631	CEKMHFBL_04120
OG0001563	2506672632	CEKMHFBL_04119
OG0001564	2506672633	CEKMHFBL_00542
OG0001565	2506672634	CEKMHFBL_04118
OG0001566	2506672636	CEKMHFBL_04117
OG0001567	2506672639	CEKMHFBL_04116
OG0001568	2506672654	CEKMHFBL_04133
OG0001569	2506672655	CEKMHFBL_04132
OG0001570	2506672669	CEKMHFBL_01652
OG0001571	2506672670	CEKMHFBL_01039
OG0001572	2506672672	CEKMHFBL_02016
OG0001573	2506672675	CEKMHFBL_02040
OG0001574	2506672676	CEKMHFBL_02041
OG0001575	2506672677	CEKMHFBL_02042
OG0001576	2506672678	CEKMHFBL_02043
OG0001577	2506672679	CEKMHFBL_02044
OG0001578	2506672680	CEKMHFBL_02045
OG0001579	2506672681	CEKMHFBL_02046
OG0001580	2506672682	CEKMHFBL_02047
OG0001581	2506672683	CEKMHFBL_02048
OG0001582	2506672684	CEKMHFBL_02049
OG0001583	2506672685	CEKMHFBL_02050
OG0001584	2506672687	CEKMHFBL_01187
OG0001585	2506672689	CEKMHFBL_00768
OG0001586	2506672690	CEKMHFBL_00766
OG0001587	2506672691	CEKMHFBL_00765
OG0001588	2506672692	CEKMHFBL_00764
OG0001589	2506672695	CEKMHFBL_00761
OG0001590	2506672699	CEKMHFBL_02378
OG0001666	2506669358	CEKMHFBL_01686
OG0001667	2506669359	CEKMHFBL_01685
OG0001668	2506669365	CEKMHFBL_01174
OG0001669	2506669384	CEKMHFBL_00135
OG0001670	2506669392	CEKMHFBL_03136
OG0001671	2506669396	CEKMHFBL_01821
OG0001672	2506669416	CEKMHFBL_03864
OG0001673	2506669449	CEKMHFBL_00671
OG0001674	2506669470	CEKMHFBL_01906
OG0001675	2506669475	CEKMHFBL_03824
OG0001676	2506669482	CEKMHFBL_00824
OG0001678	2506669510	CEKMHFBL_01494
OG0001679	2506669521	CEKMHFBL_01487
OG0001680	2506669522	CEKMHFBL_01486
OG0001681	2506669523	CEKMHFBL_01485
OG0001682	2506669585	CEKMHFBL_04007
OG0001683	2506669586	CEKMHFBL_04006
OG0001684	2506669587	CEKMHFBL_04005
OG0001685	2506669588	CEKMHFBL_04004
OG0001686	2506669595	CEKMHFBL_03109
OG0001687	2506669600	CEKMHFBL_04003
OG0001688	2506669604	CEKMHFBL_04000
OG0001689	2506669605	CEKMHFBL_03999
OG0001690	2506669606	CEKMHFBL_03998
OG0001691	2506669615	CEKMHFBL_03751
OG0001692	2506669626	CEKMHFBL_01399
OG0001693	2506669637	CEKMHFBL_02647
OG0001694	2506669671	CEKMHFBL_04067
OG0001695	2506669699	CEKMHFBL_02643
OG0001696	2506669712	CEKMHFBL_01012
OG0001697	2506669713	CEKMHFBL_01013
OG0001698	2506669714	CEKMHFBL_01014
OG0001699	2506669716	CEKMHFBL_01015
OG0001700	2506669719	CEKMHFBL_01022
OG0001701	2506669723	CEKMHFBL_01833
OG0001702	2506669735	CEKMHFBL_01222
OG0001703	2506669778	CEKMHFBL_03642
OG0001704	2506669779	CEKMHFBL_03643
OG0001705	2506669790	CEKMHFBL_02262
OG0001706	2506669797	CEKMHFBL_01934
OG0001707	2506669798	CEKMHFBL_04171
OG0001709	2506669815	CEKMHFBL_01641
OG0001710	2506669829	CEKMHFBL_03085
OG0001711	2506669831	CEKMHFBL_00654
OG0001712	2506669841	CEKMHFBL_02030
OG0001714	2506669849	CEKMHFBL_02032
OG0001715	2506669852	CEKMHFBL_02033
OG0001716	2506669853	CEKMHFBL_01422
OG0001717	2506669854	CEKMHFBL_00595
OG0001718	2506669855	CEKMHFBL_00594
OG0001719	2506669856	CEKMHFBL_00593
OG0001720	2506669859	CEKMHFBL_00001
OG0001721	2506669905, 2506671883	CEKMHFBL_00863
OG0001722	2506669917	CEKMHFBL_03956
OG0001723	2506669923	CEKMHFBL_01617
OG0001724	2506669930, 2506672583	CEKMHFBL_03729
OG0001725	2506669935	CEKMHFBL_00048
OG0001726	2506669947	CEKMHFBL_03485
OG0001727	2506669973	CEKMHFBL_02359
OG0001728	2506669974	CEKMHFBL_02360
OG0001729	2506669976	CEKMHFBL_02362
OG0001730	2506669987	CEKMHFBL_03470
OG0001731	2506670005	CEKMHFBL_00693
OG0001732	2506670035	CEKMHFBL_02989
OG0001733	2506670036	CEKMHFBL_02990
OG0001734	2506670037	CEKMHFBL_01246
OG0001735	2506670040	CEKMHFBL_02571
OG0001736	2506670041	CEKMHFBL_02570
OG0001737	2506670047	CEKMHFBL_03474
OG0001738	2506670053	CEKMHFBL_04166
OG0001739	2506670064	CEKMHFBL_00030
OG0001740	2506670065	CEKMHFBL_02356
OG0001741	2506670074	CEKMHFBL_00021
OG0001742	2506670075	CEKMHFBL_00020
OG0001743	2506670076	CEKMHFBL_00019
OG0001744	2506670078	CEKMHFBL_00017
OG0001745	2506670079	CEKMHFBL_00016
OG0001746	2506670080	CEKMHFBL_00015
OG0001747	2506670081	CEKMHFBL_00014
OG0001748	2506670082	CEKMHFBL_00013
OG0001749	2506670085	CEKMHFBL_03881
OG0001750	2506670094	CEKMHFBL_01932
OG0001751	2506670097	CEKMHFBL_02221
OG0001752	2506670100	CEKMHFBL_03407
OG0001753	2506670109	CEKMHFBL_00296
OG0001754	2506670112	CEKMHFBL_00291
OG0001755	2506670126	CEKMHFBL_01398
OG0001758	2506670136, 2506671045	CEKMHFBL_00840
OG0001759	2506670137	CEKMHFBL_00839
OG0001760	2506670139	CEKMHFBL_00837
OG0001761	2506670140	CEKMHFBL_00836
OG0001762	2506670141	CEKMHFBL_00835
OG0001763	2506670142	CEKMHFBL_00834
OG0001764	2506670143	CEKMHFBL_00833
OG0001765	2506670144	CEKMHFBL_00832
OG0001766	2506670145	CEKMHFBL_00831
OG0001767	2506670177	CEKMHFBL_02464
OG0001768	2506670189	CEKMHFBL_02451
OG0001769	2506670195	CEKMHFBL_00272
OG0001770	2506670200	CEKMHFBL_03872
OG0001771	2506670213	CEKMHFBL_02111, CEKMHFBL_01177
OG0001772	2506670214	CEKMHFBL_01176
OG0001773	2506670223	CEKMHFBL_03269
OG0001774	2506670225	CEKMHFBL_03267
OG0001775	2506670244, 2506672033	CEKMHFBL_02692
OG0001776	2506670245	CEKMHFBL_00489
OG0001777	2506670246	CEKMHFBL_00488
OG0001778	2506670247	CEKMHFBL_00487
OG0001779	2506670248	CEKMHFBL_00486
OG0001780	2506670249	CEKMHFBL_00485
OG0001781	2506670250	CEKMHFBL_00484
OG0001782	2506670251	CEKMHFBL_00483
OG0001783	2506670277	CEKMHFBL_03632
OG0001784	2506670279	CEKMHFBL_01076
OG0001785	2506670283	CEKMHFBL_00779
OG0001786	2506670286	CEKMHFBL_03461
OG0001788	2506670342	CEKMHFBL_01199
OG0001789	2506670345	CEKMHFBL_01028
OG0001790	2506670355	CEKMHFBL_02212
OG0001791	2506670359	CEKMHFBL_00449
OG0001792	2506670363	CEKMHFBL_01556
OG0001793	2506670366	CEKMHFBL_00883
OG0001794	2506670382	CEKMHFBL_01693
OG0001795	2506670386	CEKMHFBL_03355
OG0001796	2506670392	CEKMHFBL_03484
OG0001797	2506670393	CEKMHFBL_03483
OG0001798	2506670394	CEKMHFBL_03482
OG0001799	2506670395	CEKMHFBL_03481
OG0001800	2506670401	CEKMHFBL_01592
OG0001801	2506670407	CEKMHFBL_00362
OG0001802	2506670466	CEKMHFBL_00194
OG0001803	2506670473	CEKMHFBL_04039, CEKMHFBL_00201
OG0001804	2506670474	CEKMHFBL_00202, CEKMHFBL_04038
OG0001805	2506670488	CEKMHFBL_04023
OG0001806	2506670502	CEKMHFBL_01975
OG0001807	2506670506	CEKMHFBL_00139
OG0001808	2506670519	CEKMHFBL_01979
OG0001809	2506670520	CEKMHFBL_01978
OG0001810	2506670560	CEKMHFBL_02274
OG0001811	2506671306, 2506670590	CEKMHFBL_01721
OG0001812	2506670621	CEKMHFBL_02409
OG0001813	2506670627	CEKMHFBL_00012
OG0001814	2506670633	CEKMHFBL_00009
OG0001815	2506670640	CEKMHFBL_00002
OG0001816	2506670642	CEKMHFBL_00323
OG0001817	2506672477, 2506671598, 2506670687, 2506671793	CEKMHFBL_03575
OG0001818	2506670704	CEKMHFBL_02681
OG0001819	2506670712	CEKMHFBL_03631
OG0001820	2506670713	CEKMHFBL_03630
OG0001821	2506670725	CEKMHFBL_02919
OG0001822	2506670741	CEKMHFBL_02914
OG0001823	2506670762	CEKMHFBL_02069
OG0001824	2506670763	CEKMHFBL_02068
OG0001825	2506670764	CEKMHFBL_02067
OG0001826	2506670765	CEKMHFBL_02066
OG0001827	2506670774	CEKMHFBL_02057
OG0001828	2506670804	CEKMHFBL_00619
OG0001829	2506670842	CEKMHFBL_00563
OG0001831	2506670877	CEKMHFBL_00739
OG0001832	2506670881	CEKMHFBL_01511
OG0001833	2506670892	CEKMHFBL_00383
OG0001834	2506670896	CEKMHFBL_00374
OG0001835	2506670908	CEKMHFBL_01078
OG0001836	2506670915	CEKMHFBL_03420
OG0001837	2506670919	CEKMHFBL_03424
OG0001838	2506670926	CEKMHFBL_03432
OG0001839	2506670927	CEKMHFBL_03433
OG0001840	2506670928	CEKMHFBL_03434
OG0001841	2506670950	CEKMHFBL_04204
OG0001842	2506670954	CEKMHFBL_01034
OG0001843	2506670976	CEKMHFBL_02665
OG0001844	2506670977	CEKMHFBL_02664
OG0001845	2506670981	CEKMHFBL_02666
OG0001846	2506670996	CEKMHFBL_02672
OG0001847	2506670997	CEKMHFBL_02673
OG0001848	2506670998	CEKMHFBL_02674
OG0001849	2506670999	CEKMHFBL_02675
OG0001850	2506671005	CEKMHFBL_02677
OG0001852	2506671014	CEKMHFBL_03561
OG0001854	2506671039	CEKMHFBL_02131, CEKMHFBL_00540
OG0001855	2506671042	CEKMHFBL_02976
OG0001856	2506671049	CEKMHFBL_02982
OG0001857	2506671050	CEKMHFBL_02983
OG0001858	2506671052	CEKMHFBL_02985
OG0001859	2506671093	CEKMHFBL_03581
OG0001860	2506671125	CEKMHFBL_04247
OG0001861	2506671159	CEKMHFBL_01700
OG0001862	2506671170, 2506671750	CEKMHFBL_03835
OG0001863	2506671189	CEKMHFBL_03244
OG0001864	2506671200	CEKMHFBL_04228
OG0001865	2506671243	CEKMHFBL_00566
OG0001866	2506671244	CEKMHFBL_00567
OG0001867	2506671245	CEKMHFBL_00569
OG0001868	2506671246	CEKMHFBL_00570
OG0001869	2506671247	CEKMHFBL_00571
OG0001870	2506671248	CEKMHFBL_00572
OG0001871	2506671249	CEKMHFBL_00573
OG0001872	2506671257	CEKMHFBL_00580
OG0001873	2506671279	CEKMHFBL_00962
OG0001874	2506671315	CEKMHFBL_01883
OG0001875	2506671328	CEKMHFBL_02808
OG0001876	2506671346	CEKMHFBL_02276
OG0001877	2506671348	CEKMHFBL_03598
OG0001878	2506671353	CEKMHFBL_03593
OG0001879	2506671354	CEKMHFBL_03592
OG0001880	2506671355	CEKMHFBL_03591
OG0001881	2506671356	CEKMHFBL_03590
OG0001882	2506671357	CEKMHFBL_03589
OG0001883	2506671358	CEKMHFBL_00970
OG0001884	2506671363	CEKMHFBL_00974
OG0001886	2506671402	CEKMHFBL_04043
OG0001887	2506671420	CEKMHFBL_00718
OG0001888	2506671431	CEKMHFBL_02837
OG0001889	2506671457	CEKMHFBL_02419
OG0001890	2506671498	CEKMHFBL_01296
OG0001891	2506671503	CEKMHFBL_00471
OG0001894	2506671562	CEKMHFBL_02513
OG0001896	2506671607	CEKMHFBL_02341
OG0001897	2506671650	CEKMHFBL_02527
OG0001898	2506671653	CEKMHFBL_02876
OG0001899	2506671655	CEKMHFBL_02874
OG0001900	2506671656	CEKMHFBL_02873
OG0001902	2506671698	CEKMHFBL_00325
OG0001903	2506671713	CEKMHFBL_00354
OG0001904	2506671732	CEKMHFBL_00667
OG0001905	2506671733	CEKMHFBL_00668
OG0001906	2506671741	CEKMHFBL_00677
OG0001907	2506671742	CEKMHFBL_00678
OG0001908	2506671759	CEKMHFBL_04214
OG0001909	2506671760	CEKMHFBL_04215
OG0001910	2506671788	CEKMHFBL_01965
OG0001911	2506671797	CEKMHFBL_02298
OG0001912	2506671830	CEKMHFBL_00984
OG0001913	2506671844	CEKMHFBL_00979
OG0001914	2506671890	CEKMHFBL_01456
OG0001915	2506671913	CEKMHFBL_02723
OG0001916	2506671927	CEKMHFBL_01387
OG0001917	2506671966	CEKMHFBL_02220
OG0001918	2506671974	CEKMHFBL_00344
OG0001919	2506671979	CEKMHFBL_01477
OG0001920	2506671981	CEKMHFBL_02730, CEKMHFBL_03186
OG0001922	2506672006	CEKMHFBL_01900
OG0001923	2506672018	CEKMHFBL_00826
OG0001924	2506672025	CEKMHFBL_03735
OG0001925	2506672044	CEKMHFBL_00732
OG0001926	2506672050	CEKMHFBL_03457
OG0001927	2506672051	CEKMHFBL_03458
OG0001928	2506672058	CEKMHFBL_00615
OG0001929	2506672061	CEKMHFBL_00618
OG0001930	2506672066	CEKMHFBL_01876
OG0001931	2506672157	CEKMHFBL_01293
OG0001932	2506672185	CEKMHFBL_00156
OG0001933	2506672242	CEKMHFBL_02408
OG0001934	2506672250	CEKMHFBL_00120
OG0001935	2506672269	CEKMHFBL_02758
OG0001936	2506672281	CEKMHFBL_02417
OG0001937	2506672303	CEKMHFBL_00340
OG0001938	2506672331	CEKMHFBL_01435
OG0001939	2506672393	CEKMHFBL_02320
OG0001940	2506672444	CEKMHFBL_03796
OG0001941	2506672453	CEKMHFBL_03789
OG0001942	2506672456	CEKMHFBL_03452
OG0001943	2506672457	CEKMHFBL_01726
OG0001944	2506672471	CEKMHFBL_02304
OG0001947	2506672500	CEKMHFBL_01090
OG0001948	2506672502	CEKMHFBL_01888
OG0001949	2506672531	CEKMHFBL_02240
OG0001950	2506672534	CEKMHFBL_02243
OG0001951	2506672575	CEKMHFBL_03358, CEKMHFBL_03354
OG0001952	2506672577	CEKMHFBL_03360
OG0001953	2506672638	CEKMHFBL_00141
OG0001954	2506672640	CEKMHFBL_01209
OG0001955	2506672693	CEKMHFBL_00763
OG0001956	2506672715	CEKMHFBL_02678
OG0002120	2506669379	CEKMHFBL_01308
OG0002121	2506669402	CEKMHFBL_02167
OG0002123	2506669472	CEKMHFBL_01678
OG0002124	2506669487	CEKMHFBL_00778
OG0002125	2506669607	CEKMHFBL_03886
OG0002126	2506669628	CEKMHFBL_01401
OG0002127	2506669646	CEKMHFBL_00543
OG0002130	2506669752	CEKMHFBL_00134
OG0002131	2506669753	CEKMHFBL_00133
OG0002133	2506669833	CEKMHFBL_01940
OG0002135	2506669850, 2506672352	CEKMHFBL_00935
OG0002137	2506669872	CEKMHFBL_02382
OG0002140	2506670016	CEKMHFBL_01677
OG0002141	2506670068	CEKMHFBL_00027
OG0002142	2506670098	CEKMHFBL_02222
OG0002143	2506670111	CEKMHFBL_00292
OG0002144	2506670125	CEKMHFBL_01806
OG0002146	2506670138	CEKMHFBL_00838
OG0002148	2506670202	CEKMHFBL_03039
OG0002149	2506670203	CEKMHFBL_00436
OG0002150	2506670281	CEKMHFBL_00890
OG0002151	2506670346	CEKMHFBL_00852
OG0002152	2506670380	CEKMHFBL_03879
OG0002153	2506670385	CEKMHFBL_02746
OG0002155	2506670388	CEKMHFBL_00785
OG0002156	2506672323, 2506670420	CEKMHFBL_03666
OG0002157	2506670430	CEKMHFBL_01987
OG0002158	2506670469	CEKMHFBL_00197
OG0002159	2506670482	CEKMHFBL_00210, CEKMHFBL_04030
OG0002160	2506670493	CEKMHFBL_03342
OG0002161	2506670511	CEKMHFBL_01272
OG0002162	2506670516	CEKMHFBL_03378
OG0002164	2506670552	CEKMHFBL_02388
OG0002165	2506670559	CEKMHFBL_04046
OG0002166	2506671310, 2506670588	CEKMHFBL_01717
OG0002167	2506670593	CEKMHFBL_02299
OG0002168	2506670594	CEKMHFBL_02300
OG0002169	2506670595	CEKMHFBL_02301
OG0002170	2506670596	CEKMHFBL_02302
OG0002171	2506670597	CEKMHFBL_02303
OG0002172	2506670616	CEKMHFBL_00100
OG0002173	2506670629	CEKMHFBL_00010
OG0002175	2506670711	CEKMHFBL_02726
OG0002176	2506670799	CEKMHFBL_03362
OG0002177	2506670809	CEKMHFBL_00855
OG0002179	2506670867	CEKMHFBL_04216
OG0002180	2506670889	CEKMHFBL_00378
OG0002181	2506670906	CEKMHFBL_00414
OG0002182	2506670970	CEKMHFBL_03400
OG0002183	2506670972	CEKMHFBL_03401
OG0002184	2506670983	CEKMHFBL_02669
OG0002185	2506671001	CEKMHFBL_02676
OG0002186	2506671131	CEKMHFBL_03325
OG0002188	2506671184, 2506671663	CEKMHFBL_03184
OG0002189	2506671187	CEKMHFBL_03242
OG0002190	2506671188	CEKMHFBL_03243
OG0002191	2506671191	CEKMHFBL_03246
OG0002192	2506671193	CEKMHFBL_03248
OG0002193	2506671196	CEKMHFBL_03252
OG0002194	2506671201	CEKMHFBL_04227
OG0002195	2506671202	CEKMHFBL_04226
OG0002196	2506671203	CEKMHFBL_03713
OG0002197	2506671204	CEKMHFBL_03714
OG0002198	2506671205	CEKMHFBL_03715
OG0002199	2506671208	CEKMHFBL_02351
OG0002200	2506671210	CEKMHFBL_03253
OG0002201	2506671211	CEKMHFBL_03254
OG0002202	2506671212	CEKMHFBL_03255
OG0002203	2506671213	CEKMHFBL_03256
OG0002204	2506671215	CEKMHFBL_00601
OG0002205	2506671240	CEKMHFBL_02370
OG0002207	2506671308	CEKMHFBL_01719
OG0002208	2506671309	CEKMHFBL_01718
OG0002209	2506671349	CEKMHFBL_03597
OG0002210	2506671350	CEKMHFBL_03596
OG0002213	2506671404	CEKMHFBL_02308
OG0002214	2506671406	CEKMHFBL_03740
OG0002215	2506671407	CEKMHFBL_03739
OG0002216	2506671543	CEKMHFBL_03890
OG0002217	2506671551	CEKMHFBL_00854
OG0002218	2506671564	CEKMHFBL_03553
OG0002219	2506671605	CEKMHFBL_00297
OG0002220	2506671608	CEKMHFBL_02340
OG0002221	2506671611	CEKMHFBL_01966
OG0002222	2506671634	CEKMHFBL_01192
OG0002223	2506671646	CEKMHFBL_03847, CEKMHFBL_00222, CEKMHFBL_01127
OG0002224	2506671648	CEKMHFBL_03849
OG0002225	2506671660	CEKMHFBL_03180
OG0002226	2506671679	CEKMHFBL_02887
OG0002227	2506671680	CEKMHFBL_02888
OG0002228	2506671685	CEKMHFBL_01183
OG0002229	2506671734	CEKMHFBL_00669
OG0002230	2506671756	CEKMHFBL_04073
OG0002232	2506671790	CEKMHFBL_01972
OG0002233	2506671810	CEKMHFBL_02619
OG0002234	2506671822, 2506672592	CEKMHFBL_02108
OG0002235	2506671846	CEKMHFBL_03702
OG0002236	2506671855	CEKMHFBL_03165
OG0002237	2506671881	CEKMHFBL_00080
OG0002238	2506671926	CEKMHFBL_00777
OG0002239	2506671960	CEKMHFBL_01206
OG0002240	2506671980	CEKMHFBL_01855
OG0002241	2506672012	CEKMHFBL_01908
OG0002242	2506672021	CEKMHFBL_03097
OG0002243	2506672052	CEKMHFBL_03459
OG0002244	2506672062	CEKMHFBL_01877
OG0002245	2506672071	CEKMHFBL_03959
OG0002246	2506672075	CEKMHFBL_00647
OG0002247	2506672174	CEKMHFBL_02172
OG0002248	2506672285	CEKMHFBL_03644
OG0002250	2506672317	CEKMHFBL_03871
OG0002251	2506672357	CEKMHFBL_01602
OG0002252	2506672445	CEKMHFBL_03795
OG0002253	2506672524	CEKMHFBL_01430
OG0002255	2506672576	CEKMHFBL_03359
OG0002256	2506672578	CEKMHFBL_03361
OG0002257	2506672618	CEKMHFBL_02998
OG0002258	2506672620	CEKMHFBL_02996
OG0002259	2506672656	CEKMHFBL_04131
OG0002260	2506672716	CEKMHFBL_02151
OG0002533	2506669360	CEKMHFBL_04097
OG0002534	2506669362	CEKMHFBL_03311
OG0002539	2506669484	CEKMHFBL_03078
OG0002540	2506669494	CEKMHFBL_01504
OG0002541	2506669506	CEKMHFBL_01240
OG0002542	2506669520	CEKMHFBL_00090
OG0002544	2506669565	CEKMHFBL_01715
OG0002545	2506669578, 2506671712	CEKMHFBL_00352
OG0002546	2506669658	CEKMHFBL_03040
OG0002548	2506669757	CEKMHFBL_04099
OG0002551	2506672275, 2506669896	CEKMHFBL_02110
OG0002552	2506670060	CEKMHFBL_00419, CEKMHFBL_00421, CEKMHFBL_03803
OG0002554	2506670086	CEKMHFBL_03883
OG0002556	2506670114	CEKMHFBL_01542
OG0002557	2506670231	CEKMHFBL_00810
OG0002558	2506670263	CEKMHFBL_00319
OG0002560	2506670319	CEKMHFBL_03767
OG0002563	2506670549	CEKMHFBL_03125
OG0002566	2506670722	CEKMHFBL_00508
OG0002567	2506670724	CEKMHFBL_04148
OG0002571	2506670890	CEKMHFBL_00381
OG0002572	2506670891	CEKMHFBL_00382
OG0002573	2506670991	CEKMHFBL_01389
OG0002574	2506671003	CEKMHFBL_02701
OG0002575	2506671046	CEKMHFBL_02491
OG0002577	2506671113	CEKMHFBL_03586
OG0002578	2506671114	CEKMHFBL_03587
OG0002579	2506671138	CEKMHFBL_01870
OG0002580	2506671183	CEKMHFBL_00629
OG0002581	2506671195	CEKMHFBL_03251
OG0002582	2506671221	CEKMHFBL_02539
OG0002585	2506671284	CEKMHFBL_00431
OG0002587	2506671494	CEKMHFBL_01351
OG0002588	2506671511	CEKMHFBL_03516
OG0002591	2506671566	CEKMHFBL_00265
OG0002593	2506671609	CEKMHFBL_02535
OG0002594	2506671647	CEKMHFBL_03848
OG0002595	2506671700	CEKMHFBL_01278, CEKMHFBL_03765
OG0002598	2506671773	CEKMHFBL_01637
OG0002599	2506671872	CEKMHFBL_03104
OG0002601	2506671896	CEKMHFBL_00724
OG0002602	2506671953	CEKMHFBL_01544
OG0002603	2506671954	CEKMHFBL_01543
OG0002604	2506672007	CEKMHFBL_00430
OG0002605	2506672099	CEKMHFBL_00938
OG0002606	2506672111	CEKMHFBL_03957
OG0002610	2506672336	CEKMHFBL_00945
OG0002612	2506672410	CEKMHFBL_00041
OG0002614	2506672431	CEKMHFBL_02641
OG0002617	2506672619	CEKMHFBL_02208
OG0002618	2506672629	CEKMHFBL_01541, CEKMHFBL_01392
OG0002619	2506672644	CEKMHFBL_03799
OG0002620	2506672652	CEKMHFBL_02270, CEKMHFBL_01539
OG0002850	2506669367, 2506672626	CEKMHFBL_03081
OG0002851	2506669408	CEKMHFBL_01289
OG0002852	2506671952, 2506669442	CEKMHFBL_00385
OG0002854	2506669471	CEKMHFBL_01679
OG0002855	2506669519	CEKMHFBL_03240
OG0002861	2506669644	CEKMHFBL_02286
OG0002867	2506669900	CEKMHFBL_01588
OG0002868	2506669901	CEKMHFBL_00727
OG0002869	2506669961, 2506670297	CEKMHFBL_03328
OG0002870	2506669981	CEKMHFBL_04155
OG0002875	2506670268	CEKMHFBL_00759
OG0002880	2506670340	CEKMHFBL_03738
OG0002887	2506670406	CEKMHFBL_00361
OG0002888	2506670421	CEKMHFBL_03665
OG0002889	2506670422	CEKMHFBL_03664
OG0002893	2506670664	CEKMHFBL_00237
OG0002895	2506670795	CEKMHFBL_03366
OG0002896	2506670796	CEKMHFBL_03365
OG0002897	2506670797	CEKMHFBL_03364
OG0002898	2506670798	CEKMHFBL_03363
OG0002902	2506670879	CEKMHFBL_01163
OG0002903	2506670948	CEKMHFBL_04156
OG0002905	2506670986	CEKMHFBL_02691
OG0002907	2506671116	CEKMHFBL_02540
OG0002908	2506671117	CEKMHFBL_02541
OG0002909	2506671118	CEKMHFBL_02542
OG0002910	2506671119	CEKMHFBL_02543
OG0002911	2506671120	CEKMHFBL_02544
OG0002912	2506671121	CEKMHFBL_02545
OG0002913	2506671133	CEKMHFBL_02546
OG0002914	2506671134	CEKMHFBL_02547
OG0002915	2506671135	CEKMHFBL_02548
OG0002916	2506671141	CEKMHFBL_02534
OG0002917	2506671143	CEKMHFBL_02533
OG0002918	2506671144	CEKMHFBL_02532
OG0002919	2506671145	CEKMHFBL_02531
OG0002920	2506671146	CEKMHFBL_02530
OG0002922	2506671274	CEKMHFBL_03113
OG0002923	2506671327	CEKMHFBL_02809
OG0002924	2506671329	CEKMHFBL_02807
OG0002925	2506671330	CEKMHFBL_02806
OG0002926	2506671367	CEKMHFBL_02277
OG0002928	2506671524	CEKMHFBL_02538
OG0002929	2506671559	CEKMHFBL_01619
OG0002930	2506671565	CEKMHFBL_00266
OG0002931	2506671604	CEKMHFBL_03349
OG0002932	2506671613	CEKMHFBL_02537
OG0002935	2506671774	CEKMHFBL_02638
OG0002938	2506671792	CEKMHFBL_00137
OG0002939	2506671923	CEKMHFBL_04150
OG0002947	2506672432	CEKMHFBL_01204
OG0002949	2506672472	CEKMHFBL_00402
OG0003229	2506669618	CEKMHFBL_01813
OG0003231	2506669654	CEKMHFBL_03626
OG0003234	2506669703	CEKMHFBL_01314
OG0003236	2506669881	CEKMHFBL_01281
OG0003245	2506669962	CEKMHFBL_00820
OG0003246	2506670146	CEKMHFBL_02950
OG0003247	2506670150	CEKMHFBL_04238
OG0003249	2506670218	CEKMHFBL_01557
OG0003255	2506670494	CEKMHFBL_01916
OG0003261	2506670734	CEKMHFBL_00781
OG0003265	2506670941, 2506672648	CEKMHFBL_03446
OG0003266	2506670942, 2506672647	CEKMHFBL_03447
OG0003269	2506671056	CEKMHFBL_01203
OG0003270	2506671126	CEKMHFBL_04248
OG0003274	2506671198	CEKMHFBL_04231
OG0003275	2506671285	CEKMHFBL_03346
OG0003277	2506671332	CEKMHFBL_03754
OG0003283	2506671482	CEKMHFBL_01731
OG0003284	2506671490	CEKMHFBL_01881, CEKMHFBL_02439
OG0003296	2506671587	CEKMHFBL_01840
OG0003303	2506671858	CEKMHFBL_01755, CEKMHFBL_03164
OG0003305	2506671959	CEKMHFBL_03611
OG0003306	2506671993	CEKMHFBL_02021
OG0003316	2506672464	CEKMHFBL_03897
OG0003317	2506672495	CEKMHFBL_00687
OG0003322	2506672585	CEKMHFBL_02011
OG0003324	2506672597	CEKMHFBL_00283
OG0003700	2506669537	CEKMHFBL_01817
OG0003702	2506669635	CEKMHFBL_03177
OG0003706	2506669840	CEKMHFBL_01514
OG0003715	2506669968	CEKMHFBL_02216
OG0003716	2506669969	CEKMHFBL_02217
OG0003719	2506670055	CEKMHFBL_00042
OG0003729	2506670384	CEKMHFBL_01692
OG0003730	2506670537	CEKMHFBL_00784
OG0003734	2506670631	CEKMHFBL_00842
OG0003735	2506670668	CEKMHFBL_03137
OG0003736	2506670705	CEKMHFBL_03178
OG0003739	2506670756	CEKMHFBL_02075
OG0003748	2506671395	CEKMHFBL_01923
OG0003756	2506671422	CEKMHFBL_03600
OG0003757	2506671423	CEKMHFBL_03601
OG0003770	2506671761	CEKMHFBL_00304
OG0003772	2506671780	CEKMHFBL_00223
OG0003773	2506671784	CEKMHFBL_01125, CEKMHFBL_03607
OG0003787	2506672102	CEKMHFBL_00939
OG0003796	2506672441	CEKMHFBL_03142
OG0004398	2506669545	CEKMHFBL_00462
OG0004412	2506669690	CEKMHFBL_00860
OG0004422	2506669864	CEKMHFBL_02134
OG0004432	2506670149	CEKMHFBL_03488
OG0004453	2506670606	CEKMHFBL_00816
OG0004456	2506670630	CEKMHFBL_00841
OG0004492	2506671537	CEKMHFBL_00812
OG0004496	2506671586	CEKMHFBL_01841
OG0004510	2506671839	CEKMHFBL_03176
OG0004519	2506672098	CEKMHFBL_00937
OG0004550	2506672344	CEKMHFBL_00809
