Orthogroup	2506520024	spades-bin.32
OG0000000	2506669534, 2506669830, 2506670515	BBLLADNB_01887, BBLLADNB_01888
OG0000000	2506672246	BBLLADNB_00941
OG0000000	2506669364, 2506672081, 2506671112, 2506670856	BBLLADNB_03358
OG0000001	2506670855	BBLLADNB_03360
OG0000001	2506671842, 2506670514	BBLLADNB_01431
OG0000001	2506669501	BBLLADNB_03667
OG0000003	2506670353, 2506670217, 2506672109, 2506671829, 2506671216, 2506669899, 2506670308, 2506669575, 2506671675, 2506670873, 2506671766, 2506671448, 2506671347, 2506669958, 2506672168, 2506670198, 2506671975, 2506672032, 2506670204, 2506670602, 2506671955, 2506669750, 2506670201, 2506670647, 2506670812, 2506672026, 2506671671, 2506669411	BBLLADNB_02283
OG0000007	2506671603	BBLLADNB_02365
OG0000007	2506672436	BBLLADNB_02048
OG0000008	2506670553	BBLLADNB_01965, BBLLADNB_02916
OG0000009	2506671496	BBLLADNB_00363
OG0000010	2506671410, 2506672508, 2506670257, 2506669954, 2506670117	BBLLADNB_03377
OG0000011	2506672719, 2506670347, 2506670350	BBLLADNB_00442, BBLLADNB_00454, BBLLADNB_03054, BBLLADNB_00011, BBLLADNB_00010, BBLLADNB_00439, BBLLADNB_00438, BBLLADNB_00014
OG0000014	2506670652, 2506670651	BBLLADNB_03006, BBLLADNB_00625, BBLLADNB_00567
OG0000018	2506670550	BBLLADNB_02917
OG0000020	2506670480	BBLLADNB_03115
OG0000025	2506670072	BBLLADNB_00234
OG0000025	2506670070	BBLLADNB_00232
OG0000026	2506670294	BBLLADNB_01301
OG0000027	2506670423	BBLLADNB_00516, BBLLADNB_03780, BBLLADNB_02016
OG0000028	2506672297	BBLLADNB_03701, BBLLADNB_03481
OG0000031	2506672722, 2506671047	BBLLADNB_02526
OG0000031	2506669389, 2506670285	BBLLADNB_02574, BBLLADNB_02737
OG0000032	2506672150, 2506672744, 2506670402, 2506669555, 2506671836, 2506671128, 2506670545, 2506670679, 2506671977	BBLLADNB_02940
OG0000033	2506671563	BBLLADNB_02789, BBLLADNB_01869, BBLLADNB_01136, BBLLADNB_01722
OG0000036	2506669688	BBLLADNB_00050
OG0000036	2506669884	BBLLADNB_03688
OG0000037	2506670173	BBLLADNB_02512
OG0000037	2506670324	BBLLADNB_01720
OG0000038	2506670542, 2506670531, 2506672294	BBLLADNB_01016, BBLLADNB_01017
OG0000039	2506672341	BBLLADNB_01332
OG0000039	2506671083	BBLLADNB_01823
OG0000042	2506671802	BBLLADNB_00833
OG0000042	2506669625	BBLLADNB_03740
OG0000043	2506671737	BBLLADNB_03212
OG0000043	2506669837, 2506672203	BBLLADNB_03100
OG0000044	2506669879	BBLLADNB_02029
OG0000045	2506672552	BBLLADNB_00254
OG0000045	2506671072	BBLLADNB_01943
OG0000049	2506669657	BBLLADNB_03233, BBLLADNB_02825
OG0000050	2506669882, 2506671174, 2506671596	BBLLADNB_03871
OG0000051	2506672175	BBLLADNB_03799
OG0000052	2506672590	BBLLADNB_00641, BBLLADNB_01939
OG0000052	2506671827	BBLLADNB_01564
OG0000057	2506669527	BBLLADNB_03571, BBLLADNB_02559
OG0000058	2506672230	BBLLADNB_00531
OG0000059	2506670794	BBLLADNB_02843
OG0000059	2506670538	BBLLADNB_03386
OG0000060	2506670841	BBLLADNB_02996, BBLLADNB_01044
OG0000061	2506671173	BBLLADNB_02719
OG0000062	2506671681	BBLLADNB_02809
OG0000062	2506671682	BBLLADNB_02808
OG0000063	2506671998	BBLLADNB_03591, BBLLADNB_01762
OG0000064	2506672110	BBLLADNB_01223
OG0000070	2506669473	BBLLADNB_01895, BBLLADNB_03107, BBLLADNB_03662
OG0000071	2506669715	BBLLADNB_02913, BBLLADNB_00262
OG0000072	2506669890, 2506670264, 2506671772, 2506672649, 2506672139, 2506672140	BBLLADNB_00868
OG0000073	2506670424	BBLLADNB_01613
OG0000074	2506670535	BBLLADNB_03003, BBLLADNB_02243, BBLLADNB_00364
OG0000075	2506671037	BBLLADNB_01834, BBLLADNB_00307
OG0000076	2506671192	BBLLADNB_00340, BBLLADNB_00652
OG0000077	2506671333	BBLLADNB_00643, BBLLADNB_02286, BBLLADNB_01199
OG0000078	2506672555	BBLLADNB_00755, BBLLADNB_00766
OG0000083	2506669363	BBLLADNB_02141, BBLLADNB_02028
OG0000084	2506669453	BBLLADNB_02835, BBLLADNB_03705
OG0000085	2506670680, 2506669844, 2506672009, 2506670512	BBLLADNB_03162, BBLLADNB_00836
OG0000086	2506670073	BBLLADNB_00235
OG0000087	2506670733	BBLLADNB_02085, BBLLADNB_01215
OG0000088	2506670846	BBLLADNB_01048
OG0000089	2506671139, 2506672340	BBLLADNB_03117
OG0000090	2506671405	BBLLADNB_03364
OG0000091	2506671584	BBLLADNB_01733
OG0000092	2506671585	BBLLADNB_03648
OG0000093	2506671694	BBLLADNB_03580
OG0000094	2506671704	BBLLADNB_03381
OG0000095	2506672094	BBLLADNB_02570, BBLLADNB_03727
OG0000105	2506669406	BBLLADNB_02590
OG0000107	2506672742	BBLLADNB_01277
OG0000107	2506669667	BBLLADNB_01264
OG0000108	2506670409, 2506671789	BBLLADNB_01379
OG0000109	2506671194, 2506670260	BBLLADNB_00650
OG0000110	2506672177, 2506670273	BBLLADNB_00662
OG0000111	2506670335	BBLLADNB_02702
OG0000112	2506670708, 2506672292, 2506671182, 2506671177	BBLLADNB_03151
OG0000114	2506670903, 2506671111	BBLLADNB_03539
OG0000115	2506671458	BBLLADNB_02604, BBLLADNB_02495
OG0000116	2506671703	BBLLADNB_03380
OG0000117	2506671847	BBLLADNB_02316
OG0000118	2506671848	BBLLADNB_02317
OG0000120	2506671964	BBLLADNB_00499, BBLLADNB_03915
OG0000121	2506672056	BBLLADNB_02628
OG0000122	2506672236	BBLLADNB_03668
OG0000125	2506672745	BBLLADNB_02766
OG0000137	2506669541	BBLLADNB_00955
OG0000138	2506671207, 2506672020, 2506669591, 2506669777, 2506669780	BBLLADNB_03919
OG0000139	2506672151, 2506669722, 2506671150	BBLLADNB_03911
OG0000140	2506672452	BBLLADNB_02477
OG0000141	2506672668, 2506670862, 2506670863, 2506670299	BBLLADNB_02017
OG0000142	2506670485, 2506671500, 2506670869, 2506670370	BBLLADNB_03111
OG0000144	2506672593, 2506670557, 2506672753, 2506670556, 2506672755, 2506672761	BBLLADNB_01027
OG0000145	2506670672	BBLLADNB_03085
OG0000146	2506670709, 2506672293, 2506671176, 2506671181	BBLLADNB_03150
OG0000147	2506670982	BBLLADNB_00284
OG0000147	2506671777	BBLLADNB_03268
OG0000149	2506671610	BBLLADNB_02864
OG0000152	2506672588	BBLLADNB_01941
OG0000153	2506672053	BBLLADNB_02453, BBLLADNB_01881
OG0000154	2506672072	BBLLADNB_00384, BBLLADNB_00382
OG0000155	2506672686, 2506672179, 2506672760, 2506672759	BBLLADNB_03037
OG0000156	2506672408	BBLLADNB_01924, BBLLADNB_03806
OG0000158	2506672604	BBLLADNB_00207
OG0000159	2506672667	BBLLADNB_01568
OG0000160	2506672748, 2506672750, 2506672749, 2506672756	BBLLADNB_03038
OG0000168	2506669361	BBLLADNB_02833
OG0000169	2506669414	BBLLADNB_02759
OG0000170	2506669436	BBLLADNB_00809
OG0000171	2506669544	BBLLADNB_00958
OG0000173	2506669926, 2506670278	BBLLADNB_02960
OG0000174	2506670943, 2506669933, 2506670455	BBLLADNB_02040
OG0000175	2506669948	BBLLADNB_00096
OG0000176	2506669972	BBLLADNB_00561
OG0000177	2506670134	BBLLADNB_03332
OG0000178	2506670311	BBLLADNB_01682
OG0000179	2506670467	BBLLADNB_03156
OG0000180	2506670518	BBLLADNB_03608
OG0000181	2506671062, 2506670586	BBLLADNB_03278
OG0000182	2506672615	BBLLADNB_02160
OG0000183	2506670618	BBLLADNB_00862
OG0000184	2506671136, 2506671853, 2506670786	BBLLADNB_00048
OG0000185	2506670845	BBLLADNB_01047
OG0000186	2506670882	BBLLADNB_02879, BBLLADNB_01434
OG0000187	2506670965	BBLLADNB_01653
OG0000189	2506672433, 2506672434, 2506671101	BBLLADNB_01438
OG0000192	2506672141	BBLLADNB_00345
OG0000194	2506671744	BBLLADNB_02109, BBLLADNB_02121
OG0000195	2506671781	BBLLADNB_00824, BBLLADNB_01540
OG0000196	2506671900	BBLLADNB_00584
OG0000197	2506672074	BBLLADNB_02954, BBLLADNB_03025
OG0000198	2506672085	BBLLADNB_02588
OG0000199	2506672160	BBLLADNB_02886
OG0000200	2506672163	BBLLADNB_03629, BBLLADNB_03450
OG0000201	2506672342	BBLLADNB_02539, BBLLADNB_02532
OG0000202	2506672346	BBLLADNB_03829
OG0000203	2506672356	BBLLADNB_00245
OG0000205	2506672462	BBLLADNB_02335, BBLLADNB_01024
OG0000206	2506672533	BBLLADNB_02599
OG0000207	2506672657	BBLLADNB_00982, BBLLADNB_01235
OG0000215	2506669351, 2506669556	BBLLADNB_01004
OG0000216	2506669552, 2506669352	BBLLADNB_01956, BBLLADNB_01006
OG0000217	2506669357	BBLLADNB_02992
OG0000218	2506669372, 2506670686, 2506670671	BBLLADNB_01661
OG0000221	2506669415	BBLLADNB_02758
OG0000222	2506669480, 2506671335, 2506670389, 2506671739	BBLLADNB_00790
OG0000223	2506669594, 2506669662	BBLLADNB_02840
OG0000224	2506671061	BBLLADNB_02431
OG0000225	2506669653	BBLLADNB_03622
OG0000226	2506669655	BBLLADNB_02826, BBLLADNB_02416
OG0000228	2506669795, 2506669698, 2506669696	BBLLADNB_02443
OG0000229	2506669711	BBLLADNB_03149
OG0000230	2506669736	BBLLADNB_03321
OG0000231	2506669816, 2506670344	BBLLADNB_01974, BBLLADNB_01975
OG0000232	2506669949	BBLLADNB_02885
OG0000233	2506670121	BBLLADNB_00696
OG0000234	2506670175	BBLLADNB_02514
OG0000235	2506670180	BBLLADNB_02519, BBLLADNB_00644
OG0000236	2506670255	BBLLADNB_00108
OG0000238	2506671908, 2506670282	BBLLADNB_00576
OG0000239	2506670292, 2506670333	BBLLADNB_00927
OG0000240	2506672182, 2506670298	BBLLADNB_00026
OG0000241	2506670472	BBLLADNB_02387
OG0000243	2506670598, 2506670591	BBLLADNB_02762
OG0000244	2506670600	BBLLADNB_02631
OG0000248	2506672727, 2506671630, 2506670702	BBLLADNB_02209
OG0000249	2506670843	BBLLADNB_01042, BBLLADNB_01046
OG0000250	2506671016	BBLLADNB_03804
OG0000251	2506671129	BBLLADNB_02948
OG0000252	2506671166	BBLLADNB_01847
OG0000254	2506671250	BBLLADNB_00890
OG0000255	2506671642, 2506671281	BBLLADNB_02245
OG0000256	2506671304	BBLLADNB_01910
OG0000259	2506671393	BBLLADNB_01499
OG0000260	2506672029	BBLLADNB_01340
OG0000261	2506671540	BBLLADNB_02533
OG0000263	2506671695	BBLLADNB_03581
OG0000264	2506672435	BBLLADNB_00053
OG0000265	2506671779	BBLLADNB_01531, BBLLADNB_01511
OG0000266	2506671803	BBLLADNB_00072
OG0000267	2506671862	BBLLADNB_01305
OG0000268	2506671894, 2506671895	BBLLADNB_00710
OG0000269	2506671901	BBLLADNB_00583
OG0000270	2506671907, 2506672651	BBLLADNB_00577
OG0000271	2506671983	BBLLADNB_00389, BBLLADNB_00387
OG0000272	2506672037	BBLLADNB_01349
OG0000274	2506672084	BBLLADNB_02589
OG0000275	2506672173	BBLLADNB_03356, BBLLADNB_03164
OG0000276	2506672311	BBLLADNB_03693, BBLLADNB_03774
OG0000277	2506672539	BBLLADNB_02765
OG0000278	2506672580	BBLLADNB_01942, BBLLADNB_03152
OG0000279	2506672603	BBLLADNB_00208
OG0000280	2506672610	BBLLADNB_03544
OG0000281	2506672613	BBLLADNB_02417, BBLLADNB_02827
OG0000282	2506672642	BBLLADNB_01821
OG0000283	2506672664	BBLLADNB_01567
OG0000284	2506672712	BBLLADNB_03089, BBLLADNB_03749
OG0000285	2506672713	BBLLADNB_03750, BBLLADNB_03653
OG0000311	2506669368	BBLLADNB_01667
OG0000312	2506669374	BBLLADNB_01659
OG0000313	2506669423	BBLLADNB_02137, BBLLADNB_03848
OG0000314	2506669429, 2506669563	BBLLADNB_02144
OG0000316	2506669439	BBLLADNB_03772, BBLLADNB_03263
OG0000317	2506669440	BBLLADNB_03262, BBLLADNB_03773
OG0000318	2506669461, 2506669906	BBLLADNB_00430
OG0000319	2506672113, 2506669478	BBLLADNB_01225
OG0000321	2506669513	BBLLADNB_00610
OG0000322	2506669514	BBLLADNB_00612
OG0000323	2506669525	BBLLADNB_02561
OG0000324	2506669528	BBLLADNB_02558, BBLLADNB_02011
OG0000326	2506669560	BBLLADNB_03838
OG0000327	2506669566, 2506671222	BBLLADNB_02127
OG0000328	2506669569	BBLLADNB_02124
OG0000329	2506671806, 2506669590	BBLLADNB_00069
OG0000330	2506669631	BBLLADNB_02798
OG0000331	2506669633, 2506669632	BBLLADNB_02799
OG0000332	2506669641	BBLLADNB_01012
OG0000333	2506669650	BBLLADNB_03640
OG0000334	2506669651	BBLLADNB_03641
OG0000335	2506672528, 2506669661	BBLLADNB_00818
OG0000336	2506670020, 2506669669	BBLLADNB_02724
OG0000337	2506671217, 2506669679	BBLLADNB_03238
OG0000338	2506669685	BBLLADNB_00052
OG0000339	2506669692	BBLLADNB_01296
OG0000340	2506671560, 2506669695	BBLLADNB_01295
OG0000341	2506669721	BBLLADNB_03912
OG0000343	2506669747	BBLLADNB_03424
OG0000344	2506669767	BBLLADNB_03552
OG0000345	2506669775	BBLLADNB_02787
OG0000346	2506669783	BBLLADNB_02154
OG0000347	2506669803	BBLLADNB_00929
OG0000348	2506669814	BBLLADNB_02161
OG0000349	2506669827	BBLLADNB_01354
OG0000350	2506669873	BBLLADNB_02806
OG0000351	2506669874, 2506671643	BBLLADNB_01465
OG0000352	2506669880	BBLLADNB_01896
OG0000353	2506669887	BBLLADNB_00864
OG0000354	2506669888	BBLLADNB_00866
OG0000355	2506669889	BBLLADNB_00867
OG0000357	2506670539, 2506670844	BBLLADNB_03638
OG0000357	2506669939	BBLLADNB_01725
OG0000358	2506670918, 2506669942	BBLLADNB_02412
OG0000359	2506669963	BBLLADNB_00385
OG0000360	2506669964	BBLLADNB_00562
OG0000361	2506669999	BBLLADNB_03673
OG0000362	2506670000	BBLLADNB_03674
OG0000363	2506670001	BBLLADNB_03675
OG0000364	2506670002	BBLLADNB_03724
OG0000365	2506670025	BBLLADNB_02976
OG0000366	2506670030	BBLLADNB_02107, BBLLADNB_02000
OG0000367	2506672573, 2506670044	BBLLADNB_02642
OG0000368	2506670045, 2506671484	BBLLADNB_02640
OG0000369	2506670046	BBLLADNB_02639
OG0000370	2506670050	BBLLADNB_00021
OG0000371	2506670054	BBLLADNB_01328
OG0000372	2506670077	BBLLADNB_00754, BBLLADNB_00239
OG0000373	2506670083	BBLLADNB_01866, BBLLADNB_03301
OG0000374	2506670095	BBLLADNB_03845
OG0000375	2506670107	BBLLADNB_02502
OG0000376	2506670118	BBLLADNB_00693
OG0000377	2506670119	BBLLADNB_00694
OG0000378	2506670120	BBLLADNB_00695
OG0000379	2506670122	BBLLADNB_00697
OG0000380	2506670172	BBLLADNB_02511
OG0000381	2506670179	BBLLADNB_02518
OG0000382	2506670181	BBLLADNB_02520
OG0000383	2506670182	BBLLADNB_02521
OG0000384	2506670191	BBLLADNB_02896
OG0000385	2506670197, 2506672417	BBLLADNB_02032
OG0000386	2506670209	BBLLADNB_02748
OG0000387	2506670215, 2506670351	BBLLADNB_02947
OG0000388	2506670238	BBLLADNB_02768
OG0000389	2506670239	BBLLADNB_02769
OG0000390	2506670261	BBLLADNB_01617
OG0000391	2506670265	BBLLADNB_00302
OG0000392	2506670274	BBLLADNB_01479
OG0000394	2506670322	BBLLADNB_01532
OG0000395	2506670327	BBLLADNB_03371
OG0000396	2506670336, 2506670525	BBLLADNB_03646
OG0000397	2506670371	BBLLADNB_02767
OG0000398	2506670381	BBLLADNB_02463
OG0000399	2506670397	BBLLADNB_02644
OG0000400	2506670427	BBLLADNB_03470
OG0000401	2506670428	BBLLADNB_03469
OG0000402	2506670429	BBLLADNB_03468
OG0000403	2506670431	BBLLADNB_03467
OG0000404	2506672688	BBLLADNB_01699
OG0000405	2506670444	BBLLADNB_01087, BBLLADNB_03189
OG0000406	2506670468	BBLLADNB_03157
OG0000407	2506670470	BBLLADNB_02389
OG0000408	2506670475	BBLLADNB_02384
OG0000409	2506670476	BBLLADNB_02383
OG0000410	2506670479	BBLLADNB_03116
OG0000411	2506670481	BBLLADNB_03114
OG0000412	2506670483	BBLLADNB_03113
OG0000413	2506670484	BBLLADNB_03112
OG0000414	2506670487	BBLLADNB_03109
OG0000416	2506670517	BBLLADNB_03609, BBLLADNB_02451
OG0000417	2506671548, 2506670521	BBLLADNB_03073
OG0000418	2506672594, 2506670555	BBLLADNB_01026
OG0000419	2506670562	BBLLADNB_00588, BBLLADNB_03486
OG0000420	2506670568	BBLLADNB_00721
OG0000421	2506670581	BBLLADNB_00734
OG0000422	2506670583	BBLLADNB_01710, BBLLADNB_00479
OG0000423	2506670587, 2506671180	BBLLADNB_02129
OG0000424	2506670592	BBLLADNB_02763
OG0000425	2506670605, 2506672362	BBLLADNB_02634
OG0000426	2506670609	BBLLADNB_01766
OG0000427	2506670622	BBLLADNB_03730
OG0000428	2506670624	BBLLADNB_03731
OG0000429	2506670625	BBLLADNB_03732
OG0000430	2506670639	BBLLADNB_02908
OG0000431	2506670646	BBLLADNB_00854
OG0000432	2506670659	BBLLADNB_00849, BBLLADNB_02009
OG0000433	2506670720	BBLLADNB_02012
OG0000434	2506670736	BBLLADNB_02531
OG0000435	2506670739	BBLLADNB_00095
OG0000436	2506670752	BBLLADNB_00080
OG0000437	2506670753	BBLLADNB_01784, BBLLADNB_00079
OG0000438	2506670754	BBLLADNB_00078, BBLLADNB_01783
OG0000439	2506670792	BBLLADNB_03737
OG0000440	2506672503, 2506670820	BBLLADNB_02803
OG0000441	2506670878	BBLLADNB_01232
OG0000442	2506670885	BBLLADNB_02882
OG0000443	2506670900	BBLLADNB_00660
OG0000444	2506671982	BBLLADNB_00390
OG0000445	2506670966	BBLLADNB_01437
OG0000446	2506670973	BBLLADNB_02773
OG0000447	2506670978	BBLLADNB_02950
OG0000448	2506670988	BBLLADNB_00104
OG0000449	2506671015	BBLLADNB_03567
OG0000450	2506671041	BBLLADNB_03298
OG0000452	2506671090	BBLLADNB_03244
OG0000453	2506671095	BBLLADNB_01119
OG0000454	2506671096	BBLLADNB_01120
OG0000455	2506671099	BBLLADNB_03241
OG0000456	2506671100	BBLLADNB_01439
OG0000458	2506671105, 2506672481	BBLLADNB_03535
OG0000459	2506671106	BBLLADNB_00425
OG0000460	2506671568, 2506671140	BBLLADNB_00189
OG0000461	2506671148	BBLLADNB_02682
OG0000462	2506671167, 2506671386	BBLLADNB_02424
OG0000463	2506671172	BBLLADNB_01789
OG0000464	2506672064, 2506671219	BBLLADNB_01113
OG0000465	2506671233	BBLLADNB_00402
OG0000466	2506671260	BBLLADNB_00881
OG0000467	2506671265	BBLLADNB_03131
OG0000468	2506671267	BBLLADNB_03133
OG0000469	2506671273	BBLLADNB_02791
OG0000470	2506671275	BBLLADNB_03559
OG0000471	2506671641, 2506671280	BBLLADNB_02244
OG0000472	2506671286	BBLLADNB_02813
OG0000473	2506671311	BBLLADNB_01938
OG0000474	2506671418	BBLLADNB_02693
OG0000475	2506671432	BBLLADNB_02944, BBLLADNB_02534
OG0000476	2506671447, 2506671887	BBLLADNB_00716
OG0000477	2506671454	BBLLADNB_00089
OG0000478	2506671455	BBLLADNB_00090
OG0000479	2506672178, 2506671460	BBLLADNB_03034
OG0000480	2506671477	BBLLADNB_02551
OG0000481	2506671479	BBLLADNB_02552
OG0000482	2506671485	BBLLADNB_02641
OG0000483	2506671533, 2506671795	BBLLADNB_00690
OG0000484	2506671534, 2506671799	BBLLADNB_00691
OG0000485	2506671535	BBLLADNB_00692
OG0000486	2506671579	BBLLADNB_03449, BBLLADNB_00097
OG0000487	2506671649	BBLLADNB_01320
OG0000489	2506671678, 2506672415	BBLLADNB_00413
OG0000490	2506671687	BBLLADNB_03346
OG0000491	2506671688	BBLLADNB_03345
OG0000492	2506671689	BBLLADNB_03344
OG0000493	2506671690	BBLLADNB_03343
OG0000494	2506671721	BBLLADNB_01775
OG0000495	2506671740	BBLLADNB_03208
OG0000497	2506671791	BBLLADNB_00935
OG0000498	2506671796	BBLLADNB_02867
OG0000499	2506671812	BBLLADNB_03560
OG0000500	2506671823	BBLLADNB_03832
OG0000501	2506671824	BBLLADNB_01157
OG0000502	2506671845	BBLLADNB_00101
OG0000503	2506671850	BBLLADNB_03293
OG0000504	2506671852	BBLLADNB_03295
OG0000505	2506671857, 2506672347	BBLLADNB_03864
OG0000506	2506671863	BBLLADNB_01306
OG0000507	2506671874	BBLLADNB_01311
OG0000508	2506671875	BBLLADNB_01312
OG0000509	2506671876	BBLLADNB_01313
OG0000510	2506671877	BBLLADNB_01314
OG0000511	2506671888	BBLLADNB_01216
OG0000512	2506671902	BBLLADNB_00582
OG0000513	2506671903	BBLLADNB_00581
OG0000514	2506671904	BBLLADNB_00580
OG0000515	2506671905	BBLLADNB_00579
OG0000516	2506671906	BBLLADNB_00578
OG0000517	2506671909	BBLLADNB_00575
OG0000518	2506671910	BBLLADNB_00574
OG0000519	2506671911	BBLLADNB_00573
OG0000520	2506671912	BBLLADNB_00572
OG0000521	2506671933	BBLLADNB_01926
OG0000522	2506671940	BBLLADNB_02256
OG0000523	2506671941	BBLLADNB_02255
OG0000524	2506671942	BBLLADNB_02254
OG0000525	2506671943	BBLLADNB_02253
OG0000526	2506671944	BBLLADNB_02252
OG0000527	2506671945	BBLLADNB_02251
OG0000528	2506671946	BBLLADNB_02250
OG0000530	2506671967	BBLLADNB_02488, BBLLADNB_00495
OG0000531	2506671969	BBLLADNB_00493
OG0000532	2506671990	BBLLADNB_02493
OG0000533	2506671994	BBLLADNB_02494, BBLLADNB_03503
OG0000534	2506672004	BBLLADNB_03093
OG0000535	2506672035	BBLLADNB_01338
OG0000536	2506672059	BBLLADNB_03851
OG0000538	2506672070	BBLLADNB_03894
OG0000539	2506672176	BBLLADNB_03800
OG0000540	2506672184	BBLLADNB_00030
OG0000541	2506672186	BBLLADNB_00032
OG0000542	2506672223	BBLLADNB_00524
OG0000543	2506672226	BBLLADNB_00527
OG0000544	2506672229	BBLLADNB_00530, BBLLADNB_02832
OG0000545	2506672248	BBLLADNB_00945
OG0000546	2506672252	BBLLADNB_00949
OG0000547	2506672253	BBLLADNB_00950
OG0000548	2506672284, 2506672711	BBLLADNB_01646
OG0000549	2506672289	BBLLADNB_03695
OG0000550	2506672290	BBLLADNB_03694
OG0000551	2506672312	BBLLADNB_01873
OG0000552	2506672334	BBLLADNB_00738
OG0000553	2506672335	BBLLADNB_00739
OG0000554	2506672337	BBLLADNB_03576
OG0000555	2506672338	BBLLADNB_03575
OG0000556	2506672351	BBLLADNB_03040
OG0000557	2506672363	BBLLADNB_02635
OG0000558	2506672370	BBLLADNB_03683
OG0000559	2506672371	BBLLADNB_03684
OG0000560	2506672401	BBLLADNB_01917
OG0000561	2506672426	BBLLADNB_01141
OG0000562	2506672443	BBLLADNB_03557
OG0000563	2506672458	BBLLADNB_01859, BBLLADNB_00401
OG0000564	2506672459	BBLLADNB_00400, BBLLADNB_01860
OG0000565	2506672484	BBLLADNB_00508
OG0000566	2506672485	BBLLADNB_00509
OG0000567	2506672518	BBLLADNB_01729
OG0000568	2506672544	BBLLADNB_00257
OG0000569	2506672549	BBLLADNB_03472, BBLLADNB_00636
OG0000570	2506672557	BBLLADNB_00297
OG0000571	2506672564	BBLLADNB_03691
OG0000572	2506672589	BBLLADNB_01940
OG0000573	2506672600	BBLLADNB_00448
OG0000574	2506672658	BBLLADNB_02609
OG0000575	2506672694	BBLLADNB_02091
OG0000576	2506672696	BBLLADNB_01478
OG0000603	2506669355	BBLLADNB_02990
OG0000604	2506669356	BBLLADNB_02991
OG0000605	2506669370	BBLLADNB_01663
OG0000606	2506669371	BBLLADNB_01662
OG0000607	2506669373	BBLLADNB_01660
OG0000608	2506669375	BBLLADNB_01658
OG0000609	2506669376	BBLLADNB_01657
OG0000610	2506669377	BBLLADNB_01656
OG0000611	2506669378	BBLLADNB_01655
OG0000612	2506669380	BBLLADNB_02872
OG0000613	2506669381	BBLLADNB_02871
OG0000614	2506669382	BBLLADNB_02870
OG0000615	2506669385	BBLLADNB_03119
OG0000616	2506669386	BBLLADNB_03120
OG0000617	2506669393	BBLLADNB_00024
OG0000618	2506669397	BBLLADNB_03421
OG0000619	2506669398	BBLLADNB_03422
OG0000620	2506669399	BBLLADNB_03423
OG0000621	2506669400	BBLLADNB_03696
OG0000622	2506669407	BBLLADNB_02152
OG0000623	2506669412	BBLLADNB_02761
OG0000624	2506669413	BBLLADNB_02760
OG0000625	2506669418	BBLLADNB_02756
OG0000626	2506669419	BBLLADNB_02755
OG0000627	2506669420	BBLLADNB_02754
OG0000628	2506669421	BBLLADNB_03846
OG0000629	2506669422	BBLLADNB_03847
OG0000630	2506669424	BBLLADNB_02138
OG0000631	2506669425	BBLLADNB_02139
OG0000632	2506669426	BBLLADNB_02140
OG0000633	2506669427	BBLLADNB_02142
OG0000634	2506669428	BBLLADNB_02143
OG0000635	2506669430	BBLLADNB_02145
OG0000636	2506669431	BBLLADNB_03124
OG0000637	2506669433	BBLLADNB_03264
OG0000638	2506669447	BBLLADNB_03260
OG0000639	2506669448	BBLLADNB_00437
OG0000640	2506669450	BBLLADNB_00436
OG0000641	2506669451	BBLLADNB_00435
OG0000642	2506669456	BBLLADNB_00434
OG0000643	2506669460	BBLLADNB_00431
OG0000644	2506669463	BBLLADNB_01706
OG0000645	2506669464	BBLLADNB_01705
OG0000646	2506669465	BBLLADNB_01704
OG0000647	2506669466	BBLLADNB_01703
OG0000648	2506669467	BBLLADNB_01702
OG0000649	2506669468	BBLLADNB_01701
OG0000650	2506669469	BBLLADNB_01700
OG0000651	2506669474, 2506671624	BBLLADNB_01123
OG0000652	2506669483, 2506670994	BBLLADNB_01126
OG0000653	2506669491	BBLLADNB_00591
OG0000654	2506669492	BBLLADNB_00592
OG0000655	2506669496	BBLLADNB_00595
OG0000656	2506669497	BBLLADNB_00596
OG0000657	2506669498	BBLLADNB_00597
OG0000658	2506669500	BBLLADNB_00795
OG0000659	2506669504	BBLLADNB_03420
OG0000660	2506669505	BBLLADNB_03419
OG0000661	2506669508	BBLLADNB_01300
OG0000662	2506669511	BBLLADNB_00609
OG0000663	2506669515	BBLLADNB_00613
OG0000664	2506669516	BBLLADNB_00614
OG0000665	2506669517	BBLLADNB_00615
OG0000666	2506669524	BBLLADNB_02562
OG0000667	2506669526	BBLLADNB_02560
OG0000668	2506669529	BBLLADNB_02557
OG0000669	2506669531	BBLLADNB_00198
OG0000670	2506669533	BBLLADNB_03818, BBLLADNB_00607
OG0000671	2506669539	BBLLADNB_03678
OG0000672	2506669546	BBLLADNB_03679
OG0000673	2506669553	BBLLADNB_01005
OG0000674	2506669557	BBLLADNB_01003
OG0000675	2506669558	BBLLADNB_01002
OG0000676	2506669567	BBLLADNB_02126
OG0000677	2506669568	BBLLADNB_02125
OG0000678	2506669570	BBLLADNB_03759
OG0000679	2506669571	BBLLADNB_03758
OG0000680	2506669572	BBLLADNB_03757
OG0000681	2506669573	BBLLADNB_03756
OG0000682	2506669574	BBLLADNB_03755
OG0000683	2506669576, 2506669593	BBLLADNB_02841
OG0000684	2506669596, 2506669577	BBLLADNB_02025
OG0000685	2506669579, 2506669597	BBLLADNB_02024
OG0000686	2506669580, 2506669598	BBLLADNB_02023
OG0000688	2506669599, 2506669584	BBLLADNB_02022
OG0000689	2506669601	BBLLADNB_03890
OG0000690	2506669602	BBLLADNB_03891
OG0000691	2506669619	BBLLADNB_02842
OG0000692	2506669627	BBLLADNB_02793
OG0000693	2506669629	BBLLADNB_02796
OG0000694	2506669630	BBLLADNB_02797
OG0000695	2506669634	BBLLADNB_02800
OG0000696	2506669638	BBLLADNB_01355
OG0000697	2506669639	BBLLADNB_00765
OG0000698	2506669640	BBLLADNB_01011
OG0000699	2506669643	BBLLADNB_01014
OG0000700	2506669645	BBLLADNB_01638
OG0000701	2506669649	BBLLADNB_02101
OG0000702	2506671307, 2506670589, 2506669660	BBLLADNB_02988
OG0000703	2506669678	BBLLADNB_03239
OG0000704	2506669680	BBLLADNB_03237
OG0000705	2506669681	BBLLADNB_03236
OG0000706	2506669682	BBLLADNB_00054
OG0000707	2506669686	BBLLADNB_00051
OG0000708	2506669689	BBLLADNB_00049
OG0000709	2506669691	BBLLADNB_02498
OG0000710	2506669693	BBLLADNB_01297
OG0000712	2506669707	BBLLADNB_01075
OG0000713	2506669708	BBLLADNB_01076
OG0000714	2506669709	BBLLADNB_03147
OG0000715	2506669710	BBLLADNB_03148
OG0000716	2506669718	BBLLADNB_02199
OG0000717	2506669720	BBLLADNB_02196
OG0000720	2506669729	BBLLADNB_01471
OG0000721	2506669730	BBLLADNB_01472
OG0000722	2506669731	BBLLADNB_01473
OG0000723	2506669732	BBLLADNB_01474
OG0000724	2506669733	BBLLADNB_01475
OG0000725	2506669734	BBLLADNB_01476
OG0000726	2506669738	BBLLADNB_03322
OG0000727	2506669739	BBLLADNB_03323
OG0000728	2506669740	BBLLADNB_03324
OG0000729	2506669741	BBLLADNB_03325
OG0000730	2506669742	BBLLADNB_03326
OG0000731	2506669743	BBLLADNB_03327
OG0000732	2506669745	BBLLADNB_03330
OG0000733	2506669746	BBLLADNB_03425
OG0000735	2506669755	BBLLADNB_03570
OG0000736	2506669756	BBLLADNB_03569
OG0000737	2506669758	BBLLADNB_03568
OG0000738	2506669761	BBLLADNB_03566
OG0000739	2506669762	BBLLADNB_03193
OG0000740	2506669763	BBLLADNB_01650
OG0000741	2506669765	BBLLADNB_01649
OG0000742	2506669766	BBLLADNB_01976
OG0000743	2506669769	BBLLADNB_02781
OG0000744	2506669770	BBLLADNB_02782
OG0000745	2506669771	BBLLADNB_02783
OG0000746	2506669772	BBLLADNB_02784
OG0000747	2506669773	BBLLADNB_02785
OG0000748	2506669774	BBLLADNB_02786
OG0000749	2506669776	BBLLADNB_02788
OG0000751	2506669782	BBLLADNB_00419
OG0000752	2506669784	BBLLADNB_02155
OG0000753	2506669786	BBLLADNB_01406
OG0000754	2506669791	BBLLADNB_00806
OG0000755	2506672095	BBLLADNB_00807
OG0000755	2506669793	BBLLADNB_03145
OG0000756	2506669794	BBLLADNB_03146
OG0000757	2506669796	BBLLADNB_01982
OG0000758	2506669799	BBLLADNB_01794
OG0000759	2506669800	BBLLADNB_01793
OG0000760	2506669801	BBLLADNB_01792
OG0000761	2506669809	BBLLADNB_00925
OG0000762	2506669810	BBLLADNB_00924
OG0000763	2506669811	BBLLADNB_00923
OG0000764	2506669817	BBLLADNB_01973
OG0000765	2506669818	BBLLADNB_01972
OG0000766	2506669819	BBLLADNB_01971
OG0000767	2506669820	BBLLADNB_01970
OG0000768	2506669821	BBLLADNB_02779
OG0000769	2506669822	BBLLADNB_02778
OG0000770	2506669823	BBLLADNB_02777
OG0000771	2506669824	BBLLADNB_01352
OG0000772	2506669825	BBLLADNB_01353
OG0000773	2506669857	BBLLADNB_00872
OG0000774	2506669858	BBLLADNB_00873
OG0000775	2506669860	BBLLADNB_00859
OG0000776	2506669861	BBLLADNB_00858
OG0000777	2506669867	BBLLADNB_00875
OG0000778	2506669868	BBLLADNB_00876
OG0000779	2506669869	BBLLADNB_00877
OG0000780	2506669870	BBLLADNB_00878
OG0000781	2506669875	BBLLADNB_01466
OG0000782	2506669876	BBLLADNB_01467
OG0000783	2506669878	BBLLADNB_01469
OG0000784	2506669885	BBLLADNB_01470
OG0000785	2506672202, 2506669895, 2506669953	BBLLADNB_00017
OG0000786	2506669919	BBLLADNB_00301
OG0000787	2506669922	BBLLADNB_02432
OG0000788	2506669934	BBLLADNB_01623
OG0000789	2506669937	BBLLADNB_01862
OG0000790	2506669940	BBLLADNB_03096
OG0000791	2506669941	BBLLADNB_03097
OG0000792	2506669943	BBLLADNB_01857
OG0000793	2506669946	BBLLADNB_01433
OG0000795	2506669959	BBLLADNB_00126
OG0000796	2506669960	BBLLADNB_03887
OG0000798	2506669977	BBLLADNB_02968
OG0000799	2506669982	BBLLADNB_02970
OG0000800	2506669983	BBLLADNB_02971
OG0000801	2506669984	BBLLADNB_02972
OG0000802	2506669989	BBLLADNB_00001
OG0000803	2506669990	BBLLADNB_00002
OG0000804	2506669991	BBLLADNB_00003
OG0000805	2506669992	BBLLADNB_00004
OG0000806	2506669993	BBLLADNB_00005
OG0000807	2506669994	BBLLADNB_00006
OG0000808	2506669995	BBLLADNB_00007
OG0000809	2506669996	BBLLADNB_00008
OG0000810	2506670003	BBLLADNB_03723
OG0000811	2506670004	BBLLADNB_03722
OG0000812	2506670006	BBLLADNB_03201
OG0000813	2506670007	BBLLADNB_03200
OG0000814	2506670014	BBLLADNB_01432
OG0000815	2506670018	BBLLADNB_02728
OG0000816	2506670019	BBLLADNB_02725
OG0000817	2506670021	BBLLADNB_02723
OG0000818	2506670022	BBLLADNB_02973
OG0000819	2506670023	BBLLADNB_02974
OG0000820	2506670024	BBLLADNB_02975
OG0000821	2506670027	BBLLADNB_02977
OG0000822	2506670028	BBLLADNB_02978
OG0000823	2506670029	BBLLADNB_02108
OG0000824	2506670031	BBLLADNB_02106
OG0000825	2506670032	BBLLADNB_02105
OG0000826	2506670033	BBLLADNB_02104
OG0000827	2506670034	BBLLADNB_02103
OG0000828	2506670043	BBLLADNB_02643
OG0000829	2506670048	BBLLADNB_01212
OG0000830	2506670049	BBLLADNB_01211
OG0000831	2506670051	BBLLADNB_00022
OG0000832	2506670052	BBLLADNB_01330
OG0000833	2506670062	BBLLADNB_00214
OG0000834	2506670063	BBLLADNB_00225
OG0000835	2506670066	BBLLADNB_00228
OG0000836	2506670069	BBLLADNB_00231
OG0000837	2506671297, 2506670071	BBLLADNB_00233
OG0000838	2506670084	BBLLADNB_01865
OG0000839	2506671234	BBLLADNB_01403
OG0000840	2506670088	BBLLADNB_01716
OG0000841	2506670089	BBLLADNB_01714
OG0000842	2506670091	BBLLADNB_03046
OG0000843	2506670092	BBLLADNB_01009
OG0000844	2506670093	BBLLADNB_03836
OG0000845	2506670099	BBLLADNB_00520
OG0000846	2506670101	BBLLADNB_00522
OG0000847	2506670102	BBLLADNB_03628
OG0000848	2506670105	BBLLADNB_02499
OG0000849	2506670106	BBLLADNB_02500
OG0000850	2506670108	BBLLADNB_02503
OG0000851	2506670110	BBLLADNB_02507
OG0000852	2506670113	BBLLADNB_03370
OG0000853	2506670123	BBLLADNB_00698
OG0000854	2506670130	BBLLADNB_03337
OG0000855	2506670133	BBLLADNB_03333
OG0000857	2506670153	BBLLADNB_02585
OG0000858	2506670158	BBLLADNB_01597
OG0000859	2506670159	BBLLADNB_01598
OG0000860	2506670162	BBLLADNB_01600
OG0000861	2506670163	BBLLADNB_01601
OG0000862	2506670164	BBLLADNB_01602
OG0000863	2506670165	BBLLADNB_01603
OG0000864	2506670166	BBLLADNB_01604
OG0000865	2506670167	BBLLADNB_01605
OG0000866	2506670168	BBLLADNB_01606
OG0000867	2506670169	BBLLADNB_01607
OG0000868	2506670170	BBLLADNB_01608
OG0000869	2506670171	BBLLADNB_01609
OG0000870	2506670174	BBLLADNB_02513
OG0000871	2506670176	BBLLADNB_02515
OG0000872	2506670178	BBLLADNB_02517
OG0000873	2506670183	BBLLADNB_02522
OG0000874	2506670184	BBLLADNB_02523
OG0000875	2506670185	BBLLADNB_02524
OG0000876	2506670186	BBLLADNB_02902
OG0000877	2506670187	BBLLADNB_02901
OG0000878	2506670188	BBLLADNB_02900
OG0000879	2506670190	BBLLADNB_02897
OG0000880	2506670192	BBLLADNB_01032
OG0000881	2506670193	BBLLADNB_03058
OG0000882	2506670194	BBLLADNB_01561
OG0000883	2506670199	BBLLADNB_01855
OG0000884	2506670205	BBLLADNB_02466
OG0000885	2506670206	BBLLADNB_02467
OG0000886	2506670207	BBLLADNB_02468
OG0000887	2506670208	BBLLADNB_02469
OG0000888	2506670210	BBLLADNB_02747
OG0000889	2506670211	BBLLADNB_02746
OG0000890	2506670219	BBLLADNB_02738
OG0000891	2506670220	BBLLADNB_02739
OG0000892	2506670222	BBLLADNB_02740
OG0000893	2506670224	BBLLADNB_02742
OG0000894	2506670252	BBLLADNB_00111
OG0000895	2506670253	BBLLADNB_00110
OG0000896	2506670254	BBLLADNB_00109
OG0000897	2506671190, 2506670258	BBLLADNB_00654
OG0000898	2506670267	BBLLADNB_01214, BBLLADNB_02191
OG0000899	2506670269	BBLLADNB_02093
OG0000900	2506670271	BBLLADNB_02776
OG0000901	2506670272	BBLLADNB_03033
OG0000902	2506670318	BBLLADNB_03763
OG0000903	2506670343	BBLLADNB_01116
OG0000905	2506670368	BBLLADNB_03762
OG0000906	2506670383	BBLLADNB_03300
OG0000907	2506670391	BBLLADNB_01836
OG0000910	2506670403	BBLLADNB_01384
OG0000911	2506670404	BBLLADNB_01383
OG0000912	2506670405	BBLLADNB_01382
OG0000913	2506670408	BBLLADNB_01380
OG0000914	2506670410	BBLLADNB_01377
OG0000915	2506670411	BBLLADNB_01376
OG0000916	2506670412	BBLLADNB_01375
OG0000917	2506670413	BBLLADNB_01374
OG0000918	2506670414	BBLLADNB_01373
OG0000919	2506670415	BBLLADNB_01372
OG0000920	2506670418	BBLLADNB_01322
OG0000921	2506670419	BBLLADNB_01321
OG0000923	2506670426	BBLLADNB_03471
OG0000924	2506670432	BBLLADNB_01969
OG0000925	2506670433	BBLLADNB_01885
OG0000926	2506670434	BBLLADNB_01077
OG0000927	2506670436	BBLLADNB_01078
OG0000928	2506670437	BBLLADNB_01079
OG0000929	2506670438	BBLLADNB_01081
OG0000930	2506670439	BBLLADNB_01082
OG0000931	2506670440	BBLLADNB_01083
OG0000932	2506670441	BBLLADNB_01084
OG0000933	2506670442	BBLLADNB_01085
OG0000934	2506670443	BBLLADNB_01086
OG0000935	2506670445	BBLLADNB_01088
OG0000936	2506670446	BBLLADNB_01089
OG0000937	2506670447	BBLLADNB_01090
OG0000938	2506670448	BBLLADNB_01091
OG0000939	2506670449	BBLLADNB_01092
OG0000940	2506670453	BBLLADNB_01093
OG0000941	2506670454	BBLLADNB_01094
OG0000942	2506670456	BBLLADNB_01759
OG0000943	2506670457	BBLLADNB_01758
OG0000944	2506670458	BBLLADNB_01757
OG0000945	2506670459	BBLLADNB_01756
OG0000946	2506670460	BBLLADNB_01755
OG0000947	2506670461	BBLLADNB_01754
OG0000948	2506670462	BBLLADNB_01753
OG0000949	2506670463	BBLLADNB_01752
OG0000950	2506670464	BBLLADNB_01751
OG0000951	2506670465	BBLLADNB_03154
OG0000952	2506670471	BBLLADNB_02388
OG0000953	2506670477	BBLLADNB_02382
OG0000954	2506670478	BBLLADNB_02381
OG0000955	2506670486	BBLLADNB_03110
OG0000956	2506670501	BBLLADNB_03787
OG0000957	2506670504	BBLLADNB_03764
OG0000958	2506670505	BBLLADNB_00602
OG0000959	2506670563, 2506670508	BBLLADNB_00937
OG0000960	2506670524	BBLLADNB_03676
OG0000961	2506670526	BBLLADNB_00064
OG0000962	2506670527	BBLLADNB_00063
OG0000963	2506670528	BBLLADNB_00062
OG0000964	2506670529	BBLLADNB_00061
OG0000965	2506670532	BBLLADNB_01018
OG0000966	2506670533	BBLLADNB_01020
OG0000967	2506670534	BBLLADNB_01021
OG0000968	2506670546	BBLLADNB_01994
OG0000969	2506670554	BBLLADNB_01025
OG0000970	2506670558	BBLLADNB_03489
OG0000971	2506670561	BBLLADNB_03487
OG0000972	2506670564	BBLLADNB_00717
OG0000973	2506670565	BBLLADNB_00718
OG0000974	2506670566	BBLLADNB_00719
OG0000975	2506670567	BBLLADNB_00720
OG0000976	2506670569	BBLLADNB_00722
OG0000977	2506670570	BBLLADNB_00723
OG0000978	2506670571	BBLLADNB_00724
OG0000979	2506670572	BBLLADNB_00725
OG0000980	2506670573	BBLLADNB_00726
OG0000981	2506670574	BBLLADNB_00727
OG0000982	2506670575	BBLLADNB_00728
OG0000983	2506670576	BBLLADNB_00729
OG0000984	2506670577	BBLLADNB_00730
OG0000985	2506670578	BBLLADNB_00731
OG0000986	2506670579	BBLLADNB_00732
OG0000987	2506670580	BBLLADNB_00733
OG0000988	2506670584	BBLLADNB_01709
OG0000989	2506670601	BBLLADNB_03175
OG0000990	2506670613, 2506671726	BBLLADNB_02218
OG0000991	2506672427, 2506670615	BBLLADNB_03523
OG0000992	2506670617	BBLLADNB_03521
OG0000993	2506670626	BBLLADNB_03733
OG0000995	2506670634	BBLLADNB_02903
OG0000996	2506670635	BBLLADNB_02904
OG0000997	2506670636	BBLLADNB_02905
OG0000998	2506670637	BBLLADNB_02906
OG0000999	2506670638	BBLLADNB_02907
OG0001000	2506670643	BBLLADNB_00857
OG0001001	2506670644	BBLLADNB_00856
OG0001002	2506670645	BBLLADNB_00855
OG0001003	2506670648	BBLLADNB_00853
OG0001004	2506670658	BBLLADNB_00850
OG0001005	2506670661	BBLLADNB_02421
OG0001006	2506670665	BBLLADNB_00847
OG0001007	2506670666	BBLLADNB_00846
OG0001008	2506670667	BBLLADNB_00845
OG0001009	2506670674	BBLLADNB_00842
OG0001010	2506670675	BBLLADNB_00841
OG0001011	2506670676	BBLLADNB_00840
OG0001012	2506670678	BBLLADNB_00839
OG0001013	2506670690	BBLLADNB_01416
OG0001014	2506670691	BBLLADNB_02694
OG0001015	2506670692	BBLLADNB_02695
OG0001016	2506670693	BBLLADNB_02696
OG0001017	2506670694	BBLLADNB_02697
OG0001018	2506670699	BBLLADNB_02698
OG0001019	2506670701	BBLLADNB_02208
OG0001020	2506670715	BBLLADNB_02015
OG0001021	2506670718	BBLLADNB_02013
OG0001022	2506670721	BBLLADNB_03797
OG0001023	2506670732	BBLLADNB_02100
OG0001024	2506670740	BBLLADNB_00094
OG0001025	2506670743	BBLLADNB_00092
OG0001026	2506670744	BBLLADNB_00091
OG0001027	2506671453, 2506670745	BBLLADNB_00088
OG0001028	2506670746	BBLLADNB_00083
OG0001029	2506670750	BBLLADNB_00082
OG0001030	2506670751	BBLLADNB_00081
OG0001031	2506670757	BBLLADNB_00077
OG0001032	2506670758	BBLLADNB_00076
OG0001033	2506670759	BBLLADNB_00075
OG0001034	2506670760	BBLLADNB_00074
OG0001035	2506670761	BBLLADNB_00073
OG0001036	2506670766	BBLLADNB_01291
OG0001037	2506670767	BBLLADNB_01290
OG0001038	2506670768	BBLLADNB_01289
OG0001039	2506670769	BBLLADNB_01288
OG0001040	2506670770	BBLLADNB_01287
OG0001041	2506670771	BBLLADNB_01286
OG0001042	2506670772	BBLLADNB_01285
OG0001043	2506670773	BBLLADNB_01284
OG0001044	2506670775	BBLLADNB_01282
OG0001045	2506670776	BBLLADNB_01281
OG0001046	2506670777	BBLLADNB_01280
OG0001047	2506670778	BBLLADNB_01279
OG0001048	2506670779	BBLLADNB_01278
OG0001049	2506670791	BBLLADNB_01668
OG0001050	2506670805	BBLLADNB_02555
OG0001051	2506670815	BBLLADNB_02370
OG0001052	2506670818	BBLLADNB_02553
OG0001053	2506670821	BBLLADNB_02446
OG0001054	2506670824	BBLLADNB_00263
OG0001055	2506670825	BBLLADNB_00264
OG0001056	2506670826	BBLLADNB_00265
OG0001057	2506670827	BBLLADNB_00266
OG0001058	2506670828	BBLLADNB_00267
OG0001059	2506670829	BBLLADNB_00268
OG0001060	2506670830	BBLLADNB_00269
OG0001061	2506670831	BBLLADNB_01033
OG0001062	2506670832	BBLLADNB_01034
OG0001063	2506670833	BBLLADNB_01035
OG0001064	2506670834	BBLLADNB_01036
OG0001065	2506670835	BBLLADNB_01037
OG0001066	2506670836	BBLLADNB_01038
OG0001067	2506670837	BBLLADNB_01039
OG0001068	2506670838	BBLLADNB_01040
OG0001069	2506670839	BBLLADNB_01041
OG0001070	2506670847	BBLLADNB_01422
OG0001071	2506670848	BBLLADNB_01421
OG0001072	2506670849	BBLLADNB_01420
OG0001073	2506670850	BBLLADNB_01419
OG0001074	2506670851	BBLLADNB_01418
OG0001075	2506670852	BBLLADNB_01417
OG0001076	2506670854	BBLLADNB_01415
OG0001077	2506670858	BBLLADNB_01877
OG0001078	2506670859	BBLLADNB_01878
OG0001079	2506670860	BBLLADNB_01879
OG0001080	2506670864	BBLLADNB_03554
OG0001081	2506670870	BBLLADNB_01831
OG0001082	2506670871	BBLLADNB_01832
OG0001083	2506670874	BBLLADNB_03711
OG0001084	2506670876	BBLLADNB_01234
OG0001085	2506670880	BBLLADNB_02240
OG0001086	2506670883	BBLLADNB_02880
OG0001087	2506670884	BBLLADNB_02881
OG0001088	2506670887	BBLLADNB_01760
OG0001089	2506670888	BBLLADNB_01015
OG0001090	2506670894	BBLLADNB_00333
OG0001091	2506670895	BBLLADNB_00334
OG0001092	2506670897	BBLLADNB_01370
OG0001093	2506670898	BBLLADNB_01371
OG0001094	2506670902	BBLLADNB_00661
OG0001095	2506670904	BBLLADNB_03253
OG0001096	2506670905	BBLLADNB_03252
OG0001097	2506670910	BBLLADNB_03251
OG0001098	2506670911	BBLLADNB_03250
OG0001099	2506670912	BBLLADNB_03249
OG0001100	2506670913	BBLLADNB_03248
OG0001101	2506670914	BBLLADNB_03247
OG0001102	2506670916	BBLLADNB_02414
OG0001103	2506670917	BBLLADNB_02413
OG0001104	2506670920	BBLLADNB_02410
OG0001105	2506670921	BBLLADNB_02409
OG0001106	2506670922	BBLLADNB_02408
OG0001107	2506670923	BBLLADNB_02407
OG0001108	2506670924	BBLLADNB_02406
OG0001109	2506670925	BBLLADNB_02405
OG0001110	2506670929	BBLLADNB_02655
OG0001111	2506670930	BBLLADNB_02654
OG0001112	2506670931	BBLLADNB_02653
OG0001113	2506670932	BBLLADNB_02652
OG0001114	2506670933	BBLLADNB_02651
OG0001115	2506670935	BBLLADNB_02649
OG0001116	2506670937	BBLLADNB_02648
OG0001117	2506670938	BBLLADNB_02647
OG0001118	2506670939	BBLLADNB_02646
OG0001119	2506670940	BBLLADNB_02039
OG0001120	2506670944	BBLLADNB_02041
OG0001121	2506670945	BBLLADNB_02042
OG0001122	2506670946	BBLLADNB_02043
OG0001123	2506670957	BBLLADNB_00271
OG0001124	2506670958	BBLLADNB_00272
OG0001125	2506670962	BBLLADNB_02812
OG0001126	2506672129, 2506670963	BBLLADNB_02811
OG0001127	2506671162	BBLLADNB_01851
OG0001128	2506670975	BBLLADNB_02774
OG0001129	2506670979	BBLLADNB_02951
OG0001130	2506670980	BBLLADNB_02952
OG0001131	2506672054, 2506671002	BBLLADNB_01155
OG0001132	2506671017	BBLLADNB_03578
OG0001133	2506671019	BBLLADNB_00324
OG0001134	2506671020	BBLLADNB_00323
OG0001135	2506671021	BBLLADNB_00322
OG0001136	2506671022	BBLLADNB_00321
OG0001137	2506671023	BBLLADNB_00320
OG0001138	2506671025	BBLLADNB_00318
OG0001139	2506671026	BBLLADNB_00317
OG0001140	2506671027	BBLLADNB_00316
OG0001141	2506671028	BBLLADNB_00315
OG0001142	2506671029	BBLLADNB_00314
OG0001143	2506671030	BBLLADNB_00313
OG0001144	2506671031	BBLLADNB_00312
OG0001145	2506671032	BBLLADNB_00311
OG0001146	2506671033	BBLLADNB_00310
OG0001147	2506671034	BBLLADNB_00309
OG0001148	2506671035	BBLLADNB_01007
OG0001149	2506671036	BBLLADNB_00308
OG0001150	2506671038	BBLLADNB_03867
OG0001151	2506671040	BBLLADNB_03868
OG0001152	2506671043	BBLLADNB_03803
OG0001153	2506671044	BBLLADNB_03369
OG0001154	2506671053	BBLLADNB_02422
OG0001155	2506672506, 2506671054	BBLLADNB_02274
OG0001156	2506671058	BBLLADNB_02428
OG0001157	2506671059	BBLLADNB_02429
OG0001158	2506671060	BBLLADNB_02430
OG0001159	2506671084	BBLLADNB_00107
OG0001160	2506671085	BBLLADNB_00106
OG0001161	2506671089	BBLLADNB_03245
OG0001162	2506671091	BBLLADNB_03243
OG0001163	2506671092	BBLLADNB_03242
OG0001164	2506671094	BBLLADNB_01356
OG0001165	2506671097	BBLLADNB_01121
OG0001166	2506671107	BBLLADNB_00426
OG0001167	2506671147	BBLLADNB_02683
OG0001168	2506671151	BBLLADNB_02680
OG0001169	2506671153	BBLLADNB_02679
OG0001170	2506671154	BBLLADNB_02678
OG0001171	2506671155	BBLLADNB_02677
OG0001172	2506671156	BBLLADNB_02676
OG0001173	2506671158	BBLLADNB_02674
OG0001174	2506671163	BBLLADNB_01850
OG0001175	2506671164	BBLLADNB_01849
OG0001176	2506671165	BBLLADNB_01848
OG0001177	2506671171	BBLLADNB_01788
OG0001178	2506671185	BBLLADNB_03125
OG0001179	2506671186, 2506671661	BBLLADNB_03083
OG0001180	2506671197	BBLLADNB_03511
OG0001181	2506671199	BBLLADNB_03513
OG0001182	2506671235	BBLLADNB_00403
OG0001183	2506671236	BBLLADNB_00404
OG0001184	2506671237	BBLLADNB_00405
OG0001185	2506671238	BBLLADNB_00406
OG0001186	2506671239	BBLLADNB_00407
OG0001188	2506671251	BBLLADNB_00889
OG0001189	2506671252	BBLLADNB_00888
OG0001190	2506671253	BBLLADNB_00887
OG0001191	2506671254	BBLLADNB_00886
OG0001192	2506671255	BBLLADNB_00885
OG0001193	2506671258	BBLLADNB_00883
OG0001194	2506671259	BBLLADNB_00882
OG0001195	2506671261	BBLLADNB_00880
OG0001196	2506671262	BBLLADNB_00879
OG0001197	2506671269	BBLLADNB_01698
OG0001198	2506671272	BBLLADNB_02241
OG0001199	2506671276	BBLLADNB_02928
OG0001200	2506671277	BBLLADNB_02929
OG0001201	2506671278	BBLLADNB_02930
OG0001202	2506671282	BBLLADNB_02810
OG0001203	2506671283	BBLLADNB_00121
OG0001204	2506671287	BBLLADNB_02814
OG0001205	2506671288	BBLLADNB_02815
OG0001206	2506671289	BBLLADNB_02816
OG0001207	2506671290	BBLLADNB_02817
OG0001208	2506671291	BBLLADNB_02818
OG0001209	2506671301	BBLLADNB_02822
OG0001210	2506671302	BBLLADNB_02823
OG0001211	2506671303	BBLLADNB_01909
OG0001212	2506671305	BBLLADNB_01911
OG0001213	2506671313	BBLLADNB_00415
OG0001214	2506671314	BBLLADNB_00414
OG0001215	2506671316	BBLLADNB_02434
OG0001216	2506671317	BBLLADNB_02435
OG0001217	2506671318	BBLLADNB_00586
OG0001218	2506671319	BBLLADNB_02436
OG0001219	2506671320	BBLLADNB_02437
OG0001221	2506671323	BBLLADNB_02438
OG0001222	2506671324	BBLLADNB_02439
OG0001223	2506671325	BBLLADNB_02440
OG0001224	2506671326	BBLLADNB_02441
OG0001225	2506671334	BBLLADNB_02287
OG0001226	2506671340	BBLLADNB_01697
OG0001227	2506671341	BBLLADNB_01696
OG0001228	2506671342	BBLLADNB_01695
OG0001229	2506671343	BBLLADNB_01694
OG0001230	2506671344	BBLLADNB_01693
OG0001231	2506671345, 2506671599	BBLLADNB_00343
OG0001233	2506671359	BBLLADNB_03902
OG0001234	2506671360	BBLLADNB_03903
OG0001235	2506671361	BBLLADNB_03904
OG0001236	2506671364	BBLLADNB_03861
OG0001237	2506671365	BBLLADNB_03862
OG0001238	2506671366	BBLLADNB_03863
OG0001239	2506671370	BBLLADNB_03031
OG0001240	2506671371	BBLLADNB_03901
OG0001241	2506671372	BBLLADNB_00055
OG0001242	2506671373	BBLLADNB_00056
OG0001243	2506671374	BBLLADNB_00057
OG0001244	2506671375	BBLLADNB_00058
OG0001245	2506671398	BBLLADNB_00373
OG0001246	2506671399	BBLLADNB_00374
OG0001247	2506671400	BBLLADNB_00375
OG0001248	2506671401	BBLLADNB_00376
OG0001249	2506671419	BBLLADNB_00830
OG0001250	2506671430	BBLLADNB_01477
OG0001251	2506671433	BBLLADNB_02945
OG0001252	2506671434	BBLLADNB_03549
OG0001253	2506671435	BBLLADNB_03550
OG0001254	2506671442	BBLLADNB_01393
OG0001255	2506671449	BBLLADNB_00084
OG0001256	2506671450	BBLLADNB_00085
OG0001257	2506671451	BBLLADNB_00086
OG0001258	2506671452	BBLLADNB_00087
OG0001259	2506671480	BBLLADNB_02550
OG0001260	2506671486	BBLLADNB_00223
OG0001261	2506671497	BBLLADNB_00752, BBLLADNB_00647
OG0001263	2506671541	BBLLADNB_02727
OG0001265	2506671602	BBLLADNB_02363
OG0001266	2506671644	BBLLADNB_00606
OG0001267	2506671651	BBLLADNB_01319
OG0001268	2506671652	BBLLADNB_01318
OG0001269	2506671657	BBLLADNB_03271
OG0001270	2506671658	BBLLADNB_03270
OG0001271	2506671666	BBLLADNB_00410
OG0001272	2506671667	BBLLADNB_00411
OG0001273	2506671677	BBLLADNB_00412
OG0001275	2506671691	BBLLADNB_02068
OG0001276	2506671693	BBLLADNB_02130
OG0001277	2506671707	BBLLADNB_01185
OG0001278	2506671708	BBLLADNB_01184
OG0001279	2506671709	BBLLADNB_01183
OG0001280	2506671710	BBLLADNB_01182
OG0001281	2506671715	BBLLADNB_01387
OG0001282	2506671716	BBLLADNB_01386
OG0001283	2506671718	BBLLADNB_01778
OG0001284	2506671719	BBLLADNB_01777
OG0001285	2506671720	BBLLADNB_01776
OG0001286	2506671722	BBLLADNB_01774
OG0001287	2506671723	BBLLADNB_01772
OG0001288	2506671724	BBLLADNB_01771
OG0001289	2506671725	BBLLADNB_02219
OG0001290	2506671727	BBLLADNB_03859
OG0001291	2506671730	BBLLADNB_02215
OG0001292	2506671738	BBLLADNB_03211
OG0001293	2506671745	BBLLADNB_02111
OG0001294	2506671747	BBLLADNB_02953
OG0001295	2506671751	BBLLADNB_01150
OG0001296	2506671752	BBLLADNB_01151
OG0001297	2506671753	BBLLADNB_01152
OG0001298	2506671754	BBLLADNB_01153
OG0001299	2506671757	BBLLADNB_02322
OG0001300	2506671764	BBLLADNB_03465
OG0001301	2506671783	BBLLADNB_00825
OG0001302	2506671800	BBLLADNB_02869
OG0001303	2506671801	BBLLADNB_00834
OG0001304	2506671804	BBLLADNB_00071
OG0001305	2506671805	BBLLADNB_00070
OG0001306	2506671807	BBLLADNB_00068
OG0001307	2506671809	BBLLADNB_00065
OG0001308	2506671811	BBLLADNB_03644
OG0001309	2506671831	BBLLADNB_03170
OG0001310	2506671832	BBLLADNB_03169
OG0001311	2506671833	BBLLADNB_03168
OG0001312	2506671834	BBLLADNB_03167
OG0001313	2506671851	BBLLADNB_03294
OG0001314	2506671860	BBLLADNB_02357
OG0001315	2506671861	BBLLADNB_01303
OG0001316	2506671864	BBLLADNB_01307
OG0001317	2506671865	BBLLADNB_01308
OG0001318	2506671866	BBLLADNB_01309
OG0001319	2506671870	BBLLADNB_03056
OG0001320	2506671871	BBLLADNB_01669
OG0001321	2506671873	BBLLADNB_01310
OG0001322	2506671882	BBLLADNB_03067
OG0001323	2506671884	BBLLADNB_01098
OG0001324	2506671885	BBLLADNB_01097
OG0001325	2506671886	BBLLADNB_01096
OG0001326	2506671889	BBLLADNB_00715
OG0001327	2506671891	BBLLADNB_00713
OG0001328	2506671892	BBLLADNB_00712
OG0001329	2506671893	BBLLADNB_00711
OG0001330	2506671897	BBLLADNB_00709
OG0001331	2506671898	BBLLADNB_00708
OG0001332	2506671899	BBLLADNB_01522
OG0001333	2506671914	BBLLADNB_00429
OG0001334	2506671915	BBLLADNB_00428
OG0001335	2506671916	BBLLADNB_00427
OG0001336	2506671919	BBLLADNB_00423
OG0001337	2506671920	BBLLADNB_00422
OG0001338	2506671921	BBLLADNB_00421
OG0001339	2506671922	BBLLADNB_00420
OG0001340	2506671924	BBLLADNB_00417
OG0001341	2506671925	BBLLADNB_00416
OG0001342	2506671928	BBLLADNB_01931
OG0001343	2506671929	BBLLADNB_01930
OG0001344	2506671930	BBLLADNB_01929
OG0001345	2506671931	BBLLADNB_01928
OG0001346	2506671932	BBLLADNB_01927
OG0001347	2506671934	BBLLADNB_01925
OG0001348	2506671935	BBLLADNB_03741
OG0001349	2506671936	BBLLADNB_02260
OG0001350	2506671937	BBLLADNB_02259
OG0001351	2506671938	BBLLADNB_02258
OG0001352	2506671939	BBLLADNB_02257
OG0001353	2506671949	BBLLADNB_02249
OG0001354	2506671956	BBLLADNB_00506
OG0001355	2506671957	BBLLADNB_00105
OG0001356	2506671961	BBLLADNB_00505
OG0001357	2506671962	BBLLADNB_00504
OG0001358	2506671963	BBLLADNB_00503
OG0001359	2506671965	BBLLADNB_00496
OG0001360	2506671968	BBLLADNB_00494
OG0001361	2506671970	BBLLADNB_00492
OG0001363	2506671978	BBLLADNB_02489
OG0001364	2506671987	BBLLADNB_02491
OG0001365	2506671989	BBLLADNB_02492
OG0001366	2506671995	BBLLADNB_01492
OG0001367	2506671996	BBLLADNB_01493
OG0001368	2506671997	BBLLADNB_03592
OG0001369	2506671999	BBLLADNB_03590
OG0001370	2506672000	BBLLADNB_03589
OG0001371	2506672001	BBLLADNB_03090
OG0001372	2506672002	BBLLADNB_03091
OG0001373	2506672003	BBLLADNB_03092
OG0001374	2506672005	BBLLADNB_03094
OG0001375	2506672011	BBLLADNB_03098
OG0001376	2506672017	BBLLADNB_02938
OG0001377	2506672034	BBLLADNB_01339
OG0001378	2506672040	BBLLADNB_01348
OG0001379	2506672041	BBLLADNB_03349
OG0001380	2506672042	BBLLADNB_03348
OG0001381	2506672045	BBLLADNB_03714
OG0001382	2506672046	BBLLADNB_03713
OG0001383	2506672047	BBLLADNB_03712
OG0001384	2506672060	BBLLADNB_03850
OG0001386	2506672478, 2506672105	BBLLADNB_03532
OG0001387	2506672107	BBLLADNB_01221
OG0001388	2506672108	BBLLADNB_01222
OG0001389	2506672112	BBLLADNB_01224
OG0001390	2506672114	BBLLADNB_01226
OG0001391	2506672145	BBLLADNB_01227
OG0001392	2506672146	BBLLADNB_01228
OG0001393	2506672147	BBLLADNB_01229
OG0001394	2506672148	BBLLADNB_01230
OG0001395	2506672153	BBLLADNB_01231
OG0001396	2506672155	BBLLADNB_03785
OG0001397	2506672156	BBLLADNB_03784
OG0001398	2506672158	BBLLADNB_03631
OG0001399	2506672159	BBLLADNB_03630
OG0001401	2506672181	BBLLADNB_00025
OG0001402	2506672183	BBLLADNB_00027
OG0001403	2506672187	BBLLADNB_00033
OG0001404	2506672188	BBLLADNB_00034
OG0001405	2506672189	BBLLADNB_00035
OG0001406	2506672191	BBLLADNB_00036
OG0001407	2506672192	BBLLADNB_00037
OG0001408	2506672193	BBLLADNB_00038
OG0001409	2506672194	BBLLADNB_00039
OG0001410	2506672195	BBLLADNB_00040
OG0001411	2506672196	BBLLADNB_00041
OG0001412	2506672197	BBLLADNB_00042
OG0001413	2506672198	BBLLADNB_00043
OG0001414	2506672199	BBLLADNB_00044
OG0001415	2506672200	BBLLADNB_00045
OG0001416	2506672201	BBLLADNB_00046
OG0001417	2506672224	BBLLADNB_00525
OG0001418	2506672225	BBLLADNB_00526
OG0001419	2506672228	BBLLADNB_00529
OG0001420	2506672231	BBLLADNB_00532
OG0001421	2506672232	BBLLADNB_00533
OG0001422	2506672233	BBLLADNB_00534
OG0001423	2506672234	BBLLADNB_00535
OG0001424	2506672238	BBLLADNB_00536
OG0001425	2506672239	BBLLADNB_00537
OG0001426	2506672240	BBLLADNB_00538
OG0001427	2506672241	BBLLADNB_00539
OG0001428	2506672243	BBLLADNB_00938
OG0001429	2506672244	BBLLADNB_00939
OG0001430	2506672245	BBLLADNB_00940
OG0001431	2506672247	BBLLADNB_00944
OG0001432	2506672249	BBLLADNB_00946
OG0001433	2506672251	BBLLADNB_00948
OG0001434	2506672254	BBLLADNB_00951
OG0001435	2506672255	BBLLADNB_03246
OG0001436	2506672256	BBLLADNB_01158
OG0001437	2506672257	BBLLADNB_02273
OG0001438	2506672259	BBLLADNB_02271
OG0001439	2506672260	BBLLADNB_02270
OG0001440	2506672261	BBLLADNB_02269
OG0001441	2506672262	BBLLADNB_02268
OG0001442	2506672263	BBLLADNB_02267
OG0001443	2506672264	BBLLADNB_02266
OG0001444	2506672265	BBLLADNB_02265
OG0001445	2506672266	BBLLADNB_02264
OG0001446	2506672267	BBLLADNB_02263
OG0001447	2506672268	BBLLADNB_02262
OG0001448	2506672270	BBLLADNB_01424
OG0001449	2506672271	BBLLADNB_01425
OG0001450	2506672272	BBLLADNB_01426
OG0001451	2506672273	BBLLADNB_01427
OG0001452	2506672278	BBLLADNB_01639
OG0001453	2506672279	BBLLADNB_01640
OG0001454	2506672280	BBLLADNB_01641
OG0001455	2506672282	BBLLADNB_01643
OG0001456	2506672283	BBLLADNB_01645
OG0001457	2506672308	BBLLADNB_01142
OG0001458	2506672314	BBLLADNB_01871
OG0001459	2506672315	BBLLADNB_01713
OG0001460	2506672327	BBLLADNB_02862
OG0001461	2506672328	BBLLADNB_03265
OG0001462	2506672332	BBLLADNB_00736
OG0001463	2506672333	BBLLADNB_00737
OG0001464	2506672360	BBLLADNB_02632
OG0001465	2506672361	BBLLADNB_02633
OG0001466	2506672364	BBLLADNB_02636
OG0001467	2506672365	BBLLADNB_02637
OG0001468	2506672366	BBLLADNB_02638
OG0001469	2506672367	BBLLADNB_03680
OG0001470	2506672368	BBLLADNB_03681
OG0001471	2506672369	BBLLADNB_03682
OG0001472	2506672372	BBLLADNB_01263
OG0001473	2506672373	BBLLADNB_01262
OG0001474	2506672374	BBLLADNB_01261
OG0001475	2506672375	BBLLADNB_01260
OG0001476	2506672376	BBLLADNB_01259
OG0001477	2506672377	BBLLADNB_01258
OG0001478	2506672378	BBLLADNB_01257
OG0001479	2506672379	BBLLADNB_01256
OG0001480	2506672380	BBLLADNB_01255
OG0001481	2506672381	BBLLADNB_01254
OG0001482	2506672382	BBLLADNB_01253
OG0001483	2506672383	BBLLADNB_01252
OG0001484	2506672384	BBLLADNB_01251
OG0001485	2506672385	BBLLADNB_01250
OG0001486	2506672386	BBLLADNB_01248
OG0001487	2506672387	BBLLADNB_01247
OG0001488	2506672388	BBLLADNB_01246
OG0001489	2506672389	BBLLADNB_01244
OG0001490	2506672390	BBLLADNB_01243
OG0001491	2506672391	BBLLADNB_01242
OG0001492	2506672392	BBLLADNB_01241
OG0001493	2506672394	BBLLADNB_01239
OG0001494	2506672395	BBLLADNB_01238
OG0001495	2506672396	BBLLADNB_01237
OG0001496	2506672397	BBLLADNB_01236
OG0001497	2506672398	BBLLADNB_03754
OG0001498	2506672399	BBLLADNB_03753
OG0001499	2506672400	BBLLADNB_03752
OG0001500	2506672402	BBLLADNB_01918
OG0001501	2506672403	BBLLADNB_01919
OG0001502	2506672405	BBLLADNB_01921
OG0001503	2506672406	BBLLADNB_01922
OG0001504	2506672407	BBLLADNB_01923
OG0001505	2506672698, 2506672419	BBLLADNB_01959
OG0001506	2506672424	BBLLADNB_03643
OG0001507	2506672446	BBLLADNB_02481
OG0001508	2506672449	BBLLADNB_02480
OG0001509	2506672450	BBLLADNB_02479
OG0001510	2506672451	BBLLADNB_02478
OG0001511	2506672454	BBLLADNB_02097
OG0001512	2506672455	BBLLADNB_02098
OG0001513	2506672460	BBLLADNB_00399, BBLLADNB_01861
OG0001514	2506672466	BBLLADNB_02360, BBLLADNB_03457
OG0001515	2506672473	BBLLADNB_00980
OG0001516	2506672475	BBLLADNB_00978, BBLLADNB_03669
OG0001517	2506672476	BBLLADNB_03531
OG0001518	2506672482	BBLLADNB_03203
OG0001519	2506672483	BBLLADNB_00507
OG0001520	2506672486	BBLLADNB_00510
OG0001521	2506672487	BBLLADNB_00511
OG0001522	2506672488	BBLLADNB_03039
OG0001523	2506672492	BBLLADNB_03835
OG0001524	2506672493	BBLLADNB_02920
OG0001525	2506672494	BBLLADNB_02919
OG0001526	2506672496	BBLLADNB_03198
OG0001527	2506672497	BBLLADNB_03199
OG0001528	2506672498	BBLLADNB_01049
OG0001529	2506672499	BBLLADNB_01050
OG0001530	2506672504	BBLLADNB_02607
OG0001531	2506672514	BBLLADNB_01960
OG0001532	2506672516	BBLLADNB_01727
OG0001534	2506672527	BBLLADNB_00817
OG0001535	2506672529	BBLLADNB_00772
OG0001536	2506672530	BBLLADNB_00771
OG0001538	2506672535	BBLLADNB_03870
OG0001539	2506672536	BBLLADNB_03869
OG0001540	2506672540	BBLLADNB_00260
OG0001541	2506672542	BBLLADNB_00259
OG0001542	2506672543	BBLLADNB_00258
OG0001544	2506672547	BBLLADNB_01008
OG0001545	2506672548	BBLLADNB_03473
OG0001546	2506672550	BBLLADNB_00256
OG0001547	2506672551	BBLLADNB_00255
OG0001548	2506672554	BBLLADNB_00252
OG0001549	2506672556	BBLLADNB_00250, BBLLADNB_00296
OG0001550	2506672558	BBLLADNB_00298
OG0001551	2506672559	BBLLADNB_02834
OG0001552	2506672562	BBLLADNB_03689
OG0001553	2506672563	BBLLADNB_03690
OG0001554	2506672565	BBLLADNB_03734
OG0001555	2506672566	BBLLADNB_03735
OG0001556	2506672569	BBLLADNB_01109
OG0001557	2506672572	BBLLADNB_01108
OG0001558	2506672579	BBLLADNB_03235
OG0001559	2506672581	BBLLADNB_01566
OG0001561	2506672599	BBLLADNB_00449
OG0001562	2506672631	BBLLADNB_02282
OG0001563	2506672632	BBLLADNB_02281
OG0001564	2506672633	BBLLADNB_02034
OG0001565	2506672634	BBLLADNB_02280
OG0001566	2506672636	BBLLADNB_02279
OG0001567	2506672639	BBLLADNB_02278
OG0001568	2506672654	BBLLADNB_02942
OG0001569	2506672655	BBLLADNB_02943
OG0001570	2506672669	BBLLADNB_02775
OG0001571	2506672670	BBLLADNB_00540
OG0001572	2506672672	BBLLADNB_03507
OG0001573	2506672675	BBLLADNB_01266
OG0001574	2506672676	BBLLADNB_01267
OG0001575	2506672677	BBLLADNB_01268
OG0001576	2506672678	BBLLADNB_01269
OG0001577	2506672679	BBLLADNB_01270
OG0001578	2506672680	BBLLADNB_01271
OG0001579	2506672681	BBLLADNB_01272
OG0001580	2506672682	BBLLADNB_01273
OG0001581	2506672683	BBLLADNB_01274
OG0001582	2506672684	BBLLADNB_01275
OG0001583	2506672685	BBLLADNB_01276
OG0001584	2506672687	BBLLADNB_03036
OG0001585	2506672689	BBLLADNB_02086
OG0001586	2506672690	BBLLADNB_02087
OG0001587	2506672691	BBLLADNB_02088
OG0001588	2506672692	BBLLADNB_02089
OG0001589	2506672695	BBLLADNB_02092
OG0001590	2506672699	BBLLADNB_01958
OG0001665	2506669348	BBLLADNB_00970
OG0001668	2506669365	BBLLADNB_01636
OG0001669	2506669384	BBLLADNB_00932
OG0001670	2506669392	BBLLADNB_01833
OG0001671	2506669396	BBLLADNB_00800
OG0001672	2506669416	BBLLADNB_02757
OG0001673	2506669449	BBLLADNB_03213
OG0001674	2506669470	BBLLADNB_03082
OG0001675	2506669475	BBLLADNB_01124
OG0001676	2506669482	BBLLADNB_01125
OG0001677	2506669493	BBLLADNB_00593
OG0001678	2506669510	BBLLADNB_00608
OG0001679	2506669521	BBLLADNB_00617
OG0001686	2506669595	BBLLADNB_02839
OG0001688	2506669604	BBLLADNB_00921
OG0001689	2506669605	BBLLADNB_00920
OG0001690	2506669606	BBLLADNB_00919
OG0001691	2506669615	BBLLADNB_03361
OG0001694	2506669671	BBLLADNB_01404
OG0001696	2506669712	BBLLADNB_02206
OG0001697	2506669713	BBLLADNB_02205
OG0001698	2506669714	BBLLADNB_02204
OG0001699	2506669716	BBLLADNB_02203
OG0001700	2506669719	BBLLADNB_02197
OG0001701	2506669723	BBLLADNB_03070
OG0001703	2506669778	BBLLADNB_03650
OG0001705	2506669790	BBLLADNB_00127
OG0001706	2506669797	BBLLADNB_00276
OG0001707	2506669798	BBLLADNB_01795
OG0001708	2506669813	BBLLADNB_01790
OG0001710	2506669829	BBLLADNB_01671
OG0001711	2506669831	BBLLADNB_02731
OG0001712	2506669841	BBLLADNB_03717
OG0001713	2506669846	BBLLADNB_02711
OG0001716	2506669853	BBLLADNB_01767
OG0001717	2506669854	BBLLADNB_00869
OG0001718	2506669855	BBLLADNB_00870
OG0001719	2506669856	BBLLADNB_00871
OG0001721	2506669905, 2506671883	BBLLADNB_01029
OG0001723	2506669923	BBLLADNB_02433
OG0001724	2506669930, 2506672583	BBLLADNB_03181
OG0001725	2506669935	BBLLADNB_03743
OG0001730	2506669987	BBLLADNB_02712
OG0001732	2506670035	BBLLADNB_01402
OG0001733	2506670036	BBLLADNB_02621
OG0001734	2506670037	BBLLADNB_02622
OG0001735	2506670040	BBLLADNB_00303
OG0001736	2506670041	BBLLADNB_00304
OG0001738	2506670053	BBLLADNB_01329
OG0001739	2506670064	BBLLADNB_00227
OG0001740	2506670065	BBLLADNB_00226
OG0001741	2506670074	BBLLADNB_00236
OG0001742	2506670075	BBLLADNB_00237
OG0001743	2506670076	BBLLADNB_00238
OG0001744	2506670078	BBLLADNB_00240
OG0001745	2506670079	BBLLADNB_00241
OG0001746	2506670080	BBLLADNB_00242
OG0001747	2506670081	BBLLADNB_00243
OG0001748	2506670082	BBLLADNB_00244
OG0001749	2506670085	BBLLADNB_01864
OG0001751	2506670097	BBLLADNB_02221
OG0001752	2506670100	BBLLADNB_00521
OG0001753	2506670109	BBLLADNB_02506
OG0001756	2506670128	BBLLADNB_03339
OG0001757	2506670131	BBLLADNB_03335
OG0001760	2506670139	BBLLADNB_01689
OG0001761	2506670140	BBLLADNB_01688
OG0001762	2506670141	BBLLADNB_01687
OG0001763	2506670142	BBLLADNB_01686
OG0001764	2506670143	BBLLADNB_01685
OG0001765	2506670144	BBLLADNB_01684
OG0001766	2506670145	BBLLADNB_01683
OG0001767	2506670177	BBLLADNB_02516
OG0001768	2506670189	BBLLADNB_02898
OG0001769	2506670195	BBLLADNB_01559
OG0001770	2506670200	BBLLADNB_01854
OG0001773	2506670223	BBLLADNB_02741
OG0001774	2506670225	BBLLADNB_02743
OG0001775	2506670244, 2506672033	BBLLADNB_00961
OG0001776	2506670245	BBLLADNB_00118
OG0001777	2506670246	BBLLADNB_00117
OG0001778	2506670247	BBLLADNB_00116
OG0001779	2506670248	BBLLADNB_00115
OG0001780	2506670249	BBLLADNB_00114
OG0001781	2506670250	BBLLADNB_00113
OG0001782	2506670251	BBLLADNB_00112
OG0001784	2506670279	BBLLADNB_02961
OG0001785	2506670283	BBLLADNB_01341
OG0001786	2506670286	BBLLADNB_01880
OG0001788	2506670342	BBLLADNB_00457
OG0001789	2506670345	BBLLADNB_01333
OG0001790	2506670355	BBLLADNB_00125
OG0001791	2506670359	BBLLADNB_02608
OG0001792	2506670363	BBLLADNB_01336
OG0001793	2506670366	BBLLADNB_02660
OG0001794	2506670382	BBLLADNB_01846
OG0001795	2506670386	BBLLADNB_03316
OG0001799	2506670395	BBLLADNB_02645
OG0001801	2506670407	BBLLADNB_01381
OG0001802	2506670466	BBLLADNB_03155
OG0001803	2506670473	BBLLADNB_02386
OG0001804	2506670474	BBLLADNB_02385
OG0001805	2506670488	BBLLADNB_03108
OG0001806	2506670502	BBLLADNB_02670
OG0001807	2506670506	BBLLADNB_00936
OG0001808	2506670519	BBLLADNB_03607
OG0001809	2506670520	BBLLADNB_02673
OG0001810	2506670560	BBLLADNB_02151
OG0001811	2506671306, 2506670590	BBLLADNB_02989
OG0001812	2506670621	BBLLADNB_03811
OG0001816	2506670642	BBLLADNB_03582
OG0001817	2506672477, 2506671598, 2506670687, 2506671793	BBLLADNB_01110
OG0001818	2506670704	BBLLADNB_01675
OG0001821	2506670725	BBLLADNB_02444
OG0001822	2506670741	BBLLADNB_00093
OG0001827	2506670774	BBLLADNB_01283
OG0001829	2506670842	BBLLADNB_01045
OG0001830	2506670857	BBLLADNB_01436
OG0001831	2506670877	BBLLADNB_01233
OG0001832	2506670881	BBLLADNB_02878
OG0001833	2506670892	BBLLADNB_00326
OG0001835	2506670908	BBLLADNB_01611
OG0001837	2506670919	BBLLADNB_03844
OG0001838	2506670926	BBLLADNB_02404
OG0001839	2506670927	BBLLADNB_02403
OG0001840	2506670928	BBLLADNB_02402
OG0001841	2506670950	BBLLADNB_02045
OG0001842	2506670954	BBLLADNB_02049
OG0001843	2506670976	BBLLADNB_00287
OG0001844	2506670977	BBLLADNB_00288
OG0001845	2506670981	BBLLADNB_00286
OG0001846	2506670996	BBLLADNB_00281
OG0001847	2506670997	BBLLADNB_00280
OG0001848	2506670998	BBLLADNB_00279
OG0001849	2506670999	BBLLADNB_00278
OG0001850	2506671005	BBLLADNB_00290
OG0001851	2506671012	BBLLADNB_00798
OG0001852	2506671014	BBLLADNB_01294
OG0001853	2506671024	BBLLADNB_00319
OG0001854	2506671039	BBLLADNB_01364
OG0001859	2506671093	BBLLADNB_01117
OG0001860	2506671125	BBLLADNB_00102
OG0001862	2506671170, 2506671750	BBLLADNB_00848
OG0001863	2506671189	BBLLADNB_00655
OG0001864	2506671200	BBLLADNB_03514
OG0001872	2506671257	BBLLADNB_00884
OG0001873	2506671279	BBLLADNB_02931
OG0001874	2506671315	BBLLADNB_00119
OG0001875	2506671328	BBLLADNB_02442
OG0001877	2506671348	BBLLADNB_00553
OG0001878	2506671353	BBLLADNB_03659
OG0001879	2506671354	BBLLADNB_03658
OG0001880	2506671355	BBLLADNB_03657
OG0001881	2506671356	BBLLADNB_03656
OG0001882	2506671357	BBLLADNB_00294
OG0001885	2506671376	BBLLADNB_02537
OG0001886	2506671402	BBLLADNB_00587
OG0001887	2506671420	BBLLADNB_01347
OG0001889	2506671457	BBLLADNB_01644
OG0001890	2506671498	BBLLADNB_00751, BBLLADNB_00620
OG0001891	2506671503	BBLLADNB_02020
OG0001893	2506671561	BBLLADNB_02035
OG0001894	2506671562	BBLLADNB_02790
OG0001895	2506671600	BBLLADNB_00344
OG0001896	2506671607	BBLLADNB_03205
OG0001897	2506671650	BBLLADNB_00601
OG0001898	2506671653	BBLLADNB_01317
OG0001901	2506671664	BBLLADNB_03634, BBLLADNB_00787
OG0001903	2506671713	BBLLADNB_01181
OG0001904	2506671732	BBLLADNB_02214
OG0001905	2506671733	BBLLADNB_02213
OG0001908	2506671759	BBLLADNB_03430
OG0001909	2506671760	BBLLADNB_03431
OG0001910	2506671788	BBLLADNB_02962
OG0001911	2506671797	BBLLADNB_02868
OG0001912	2506671830	BBLLADNB_03171
OG0001914	2506671890	BBLLADNB_00714
OG0001916	2506671927	BBLLADNB_01932
OG0001917	2506671966	BBLLADNB_02222
OG0001918	2506671974	BBLLADNB_01189
OG0001919	2506671979	BBLLADNB_00200
OG0001920	2506671981	BBLLADNB_00019
OG0001921	2506671984	BBLLADNB_00388
OG0001922	2506672006	BBLLADNB_03095
OG0001923	2506672018	BBLLADNB_03118
OG0001924	2506672025	BBLLADNB_02877
OG0001925	2506672044	BBLLADNB_03715
OG0001926	2506672050	BBLLADNB_01884
OG0001927	2506672051	BBLLADNB_01883
OG0001928	2506672058	BBLLADNB_03852
OG0001930	2506672066	BBLLADNB_01488
OG0001931	2506672157	BBLLADNB_03632
OG0001932	2506672185	BBLLADNB_00031
OG0001933	2506672242	BBLLADNB_01575
OG0001934	2506672250	BBLLADNB_00947
OG0001936	2506672281	BBLLADNB_01642
OG0001937	2506672303	BBLLADNB_01192
OG0001938	2506672331	BBLLADNB_00735
OG0001939	2506672393	BBLLADNB_01240
OG0001940	2506672444	BBLLADNB_02483
OG0001942	2506672456	BBLLADNB_02044
OG0001943	2506672457	BBLLADNB_01858
OG0001944	2506672471	BBLLADNB_02852
OG0001945	2506672474	BBLLADNB_00979
OG0001946	2506672479	BBLLADNB_03533
OG0001947	2506672500	BBLLADNB_02995
OG0001948	2506672502	BBLLADNB_01491
OG0001951	2506672575	BBLLADNB_02709
OG0001952	2506672577	BBLLADNB_02707
OG0001953	2506672638	BBLLADNB_00047
OG0001954	2506672640	BBLLADNB_01463
OG0001955	2506672693	BBLLADNB_02090
OG0001956	2506672715	BBLLADNB_00291
OG0002119	2506669369	BBLLADNB_01664
OG0002120	2506669379	BBLLADNB_02873
OG0002122	2506669457, 2506670310	BBLLADNB_02932
OG0002125	2506669607	BBLLADNB_00918
OG0002126	2506669628	BBLLADNB_02795
OG0002127	2506669646	BBLLADNB_02033
OG0002129	2506669702	BBLLADNB_02031
OG0002130	2506669752	BBLLADNB_00931
OG0002131	2506669753	BBLLADNB_00930
OG0002132	2506669812	BBLLADNB_03310
OG0002134	2506669847	BBLLADNB_02710
OG0002136	2506669871	BBLLADNB_03393
OG0002137	2506669872	BBLLADNB_01962
OG0002138	2506669980	BBLLADNB_02964
OG0002139	2506669986	BBLLADNB_01845
OG0002141	2506670068	BBLLADNB_00230
OG0002142	2506670098	BBLLADNB_02220
OG0002145	2506670129	BBLLADNB_03338
OG0002147	2506670161	BBLLADNB_01599
OG0002150	2506670281	BBLLADNB_00658
OG0002153	2506670385	BBLLADNB_02883
OG0002154	2506670387	BBLLADNB_03429
OG0002155	2506670388	BBLLADNB_01335
OG0002158	2506670469	BBLLADNB_03158
OG0002159	2506670482	BBLLADNB_00645
OG0002162	2506670516	BBLLADNB_01405
OG0002163	2506670541	BBLLADNB_01966
OG0002165	2506670559	BBLLADNB_01780
OG0002167	2506670593	BBLLADNB_03060
OG0002168	2506670594	BBLLADNB_03059
OG0002169	2506670595	BBLLADNB_03274
OG0002170	2506670596	BBLLADNB_03273
OG0002171	2506670597	BBLLADNB_03272
OG0002172	2506670616	BBLLADNB_03522
OG0002174	2506670656	BBLLADNB_00852
OG0002176	2506670799	BBLLADNB_01764, BBLLADNB_01399
OG0002178	2506670861	BBLLADNB_00381
OG0002179	2506670867	BBLLADNB_03739
OG0002180	2506670889	BBLLADNB_00331
OG0002181	2506670906	BBLLADNB_01900
OG0002182	2506670970	BBLLADNB_01654
OG0002183	2506670972	BBLLADNB_03709
OG0002184	2506670983	BBLLADNB_00283
OG0002185	2506671001	BBLLADNB_00277
OG0002186	2506671131	BBLLADNB_02659
OG0002188	2506671184, 2506671663	BBLLADNB_03126
OG0002189	2506671187	BBLLADNB_00657
OG0002190	2506671188	BBLLADNB_00656
OG0002191	2506671191	BBLLADNB_00653
OG0002192	2506671193	BBLLADNB_00651
OG0002193	2506671196	BBLLADNB_03831
OG0002199	2506671208	BBLLADNB_03357
OG0002201	2506671211	BBLLADNB_03340
OG0002202	2506671212	BBLLADNB_03341
OG0002203	2506671213	BBLLADNB_03342
OG0002206	2506671241	BBLLADNB_03139, BBLLADNB_03138
OG0002207	2506671308	BBLLADNB_02987
OG0002208	2506671309	BBLLADNB_02986
OG0002211	2506671383	BBLLADNB_01803
OG0002215	2506671407	BBLLADNB_02923
OG0002218	2506671564	BBLLADNB_03602
OG0002219	2506671605	BBLLADNB_02504
OG0002220	2506671608	BBLLADNB_03204
OG0002221	2506671611	BBLLADNB_02600
OG0002222	2506671634	BBLLADNB_01570
OG0002225	2506671660	BBLLADNB_01521
OG0002229	2506671734	BBLLADNB_02955
OG0002230	2506671756	BBLLADNB_02323
OG0002231	2506671770	BBLLADNB_03528
OG0002232	2506671790	BBLLADNB_01368
OG0002233	2506671810	BBLLADNB_03645
OG0002237	2506671881	BBLLADNB_03066
OG0002238	2506671926	BBLLADNB_02704
OG0002239	2506671960	BBLLADNB_01460
OG0002241	2506672012	BBLLADNB_03081
OG0002242	2506672021	BBLLADNB_03105
OG0002243	2506672052	BBLLADNB_01882
OG0002244	2506672062	BBLLADNB_01489
OG0002245	2506672071	BBLLADNB_00383
OG0002246	2506672075	BBLLADNB_02729
OG0002247	2506672174	BBLLADNB_03163
OG0002248	2506672285	BBLLADNB_00300
OG0002249	2506672313	BBLLADNB_01872
OG0002252	2506672445	BBLLADNB_02482
OG0002254	2506672553	BBLLADNB_00253
OG0002255	2506672576	BBLLADNB_02708
OG0002256	2506672578	BBLLADNB_02706
OG0002257	2506672618	BBLLADNB_03314
OG0002258	2506672620	BBLLADNB_02375
OG0002260	2506672716	BBLLADNB_01894
OG0002535	2506669390	BBLLADNB_00191
OG0002538	2506669454	BBLLADNB_03460
OG0002539	2506669484	BBLLADNB_03530
OG0002540	2506669494	BBLLADNB_00594
OG0002543	2506669543	BBLLADNB_00957
OG0002544	2506669565	BBLLADNB_03008
OG0002550	2506669848	BBLLADNB_02233
OG0002553	2506670067	BBLLADNB_00229
OG0002555	2506672237, 2506670104	BBLLADNB_02892
OG0002557	2506670231	BBLLADNB_00023
OG0002559	2506670295	BBLLADNB_03620
OG0002561	2506670341	BBLLADNB_00347
OG0002562	2506670349	BBLLADNB_00016
OG0002563	2506670549	BBLLADNB_01626
OG0002565	2506672764, 2506670700	BBLLADNB_02699
OG0002566	2506670722	BBLLADNB_00546
OG0002567	2506670724	BBLLADNB_02358
OG0002569	2506670737	BBLLADNB_02326
OG0002570	2506670790	BBLLADNB_00547
OG0002571	2506670890	BBLLADNB_00328
OG0002572	2506670891	BBLLADNB_00327
OG0002576	2506671088	BBLLADNB_03367
OG0002577	2506671113	BBLLADNB_03698
OG0002578	2506671114	BBLLADNB_03699
OG0002580	2506671183	BBLLADNB_00769
OG0002584	2506671230	BBLLADNB_03266, BBLLADNB_03267
OG0002585	2506671284	BBLLADNB_03099
OG0002586	2506671378	BBLLADNB_03297
OG0002587	2506671494	BBLLADNB_00749
OG0002588	2506671511	BBLLADNB_01742
OG0002589	2506671539	BBLLADNB_03044
OG0002591	2506671566	BBLLADNB_03187
OG0002596	2506671736	BBLLADNB_03376
OG0002604	2506672007	BBLLADNB_03389
OG0002605	2506672099	BBLLADNB_00794
OG0002607	2506672152	BBLLADNB_02752
OG0002609	2506672296	BBLLADNB_03483
OG0002613	2506672423	BBLLADNB_00638
OG0002615	2506672442	BBLLADNB_03558
OG0002616	2506672587	BBLLADNB_01565
OG0002618	2506672629	BBLLADNB_03437
OG0002621	2506672660	BBLLADNB_02963
OG0002851	2506669408	BBLLADNB_03042
OG0002855	2506669519	BBLLADNB_00452
OG0002856	2506669530	BBLLADNB_00199
OG0002858	2506669542	BBLLADNB_00956
OG0002860	2506669642	BBLLADNB_01013
OG0002866	2506669877	BBLLADNB_01468
OG0002870	2506669981	BBLLADNB_03791
OG0002871	2506670013	BBLLADNB_03136
OG0002872	2506670015	BBLLADNB_01526
OG0002873	2506670058	BBLLADNB_00748
OG0002874	2506670151	BBLLADNB_02330, BBLLADNB_02329
OG0002875	2506670268	BBLLADNB_02094, BBLLADNB_02190
OG0002881	2506670348	BBLLADNB_00015
OG0002890	2506670495, 2506671622	BBLLADNB_00380
OG0002892	2506670608	BBLLADNB_02159
OG0002894	2506670738	BBLLADNB_02325
OG0002895	2506670795	BBLLADNB_01395
OG0002896	2506670796	BBLLADNB_01396
OG0002897	2506670797	BBLLADNB_01397
OG0002898	2506670798	BBLLADNB_01398
OG0002899	2506670803	BBLLADNB_00500
OG0002900	2506670813	BBLLADNB_02527
OG0002903	2506670948	BBLLADNB_03792
OG0002904	2506670985	BBLLADNB_00282
OG0002905	2506670986	BBLLADNB_00960
OG0002921	2506671157	BBLLADNB_02675
OG0002929	2506671559	BBLLADNB_03218
OG0002930	2506671565	BBLLADNB_03186
OG0002933	2506671743	BBLLADNB_03708
OG0002937	2506671776	BBLLADNB_03269
OG0002938	2506671792	BBLLADNB_00934
OG0002939	2506671923	BBLLADNB_02356
OG0002942	2506672349	BBLLADNB_01588
OG0002943	2506672350	BBLLADNB_01589
OG0002946	2506672430	BBLLADNB_03283
OG0002947	2506672432	BBLLADNB_03079
OG0002948	2506672440	BBLLADNB_02307
OG0002951	2506672612	BBLLADNB_00502
OG0003225	2506669349	BBLLADNB_00971
OG0003226	2506669350	BBLLADNB_02999
OG0003228	2506669540	BBLLADNB_00954
OG0003247	2506670150	BBLLADNB_01583
OG0003248	2506670152	BBLLADNB_01678
OG0003252	2506670337	BBLLADNB_03458
OG0003253	2506670362	BBLLADNB_03086
OG0003258	2506670657	BBLLADNB_00851
OG0003260	2506670703	BBLLADNB_02308
OG0003262	2506670787	BBLLADNB_02887
OG0003263	2506670801	BBLLADNB_00812
OG0003267	2506670953	BBLLADNB_03053
OG0003269	2506671056	BBLLADNB_03078
OG0003271	2506671130	BBLLADNB_02658
OG0003276	2506671331	BBLLADNB_02497
OG0003283	2506671482	BBLLADNB_00743
OG0003284	2506671490	BBLLADNB_00746
OG0003295	2506671577	BBLLADNB_02661
OG0003296	2506671587	BBLLADNB_01063
OG0003299	2506671778	BBLLADNB_02579
OG0003300	2506671782	BBLLADNB_01542
OG0003311	2506672359	BBLLADNB_01176
OG0003315	2506672422	BBLLADNB_00637
OG0003317	2506672495	BBLLADNB_03196
OG0003318	2506672501	BBLLADNB_02099
OG0003320	2506672522	BBLLADNB_03217
OG0003321	2506672523	BBLLADNB_03216
OG0003323	2506672595	BBLLADNB_01129
OG0003324	2506672597	BBLLADNB_03071
OG0003722	2506670148	BBLLADNB_02328
OG0003777	2506671880	BBLLADNB_02851
OG0003786	2506672091	BBLLADNB_02392
OG0003791	2506672227	BBLLADNB_00528
OG0003794	2506672348	BBLLADNB_01529
OG0004431	2506670096	BBLLADNB_01946
OG0004546	2506672310	BBLLADNB_02171
