Orthogroup	2506520024	GCA_003332265.1
OG0000000	2506669921, 2506669851, 2506670747, 2506670103, 2506671991, 2506671368, 2506670365, 2506671670, 2506671409, 2506669499, 2506670695, 2506671840, 2506669459, 2506669364, 2506672081, 2506671112, 2506670856, 2506672515, 2506671271, 2506670964, 2506671552, 2506670612, 2506671369, 2506670717, 2506670288, 2506670543, 2506670793, 2506670500, 2506671674, 2506669839	BFLDHLJO_00050
OG0000001	2506670855	BFLDHLJO_00653
OG0000001	2506671842, 2506670514	BFLDHLJO_00051
OG0000001	2506669501	BFLDHLJO_03206
OG0000003	2506670353, 2506670217, 2506672109, 2506671829, 2506671216, 2506669899, 2506670308, 2506669575, 2506671675, 2506670873, 2506671766, 2506671448, 2506671347, 2506669958, 2506672168, 2506670198, 2506671975, 2506672032, 2506670204, 2506670602, 2506671955, 2506669750, 2506670201, 2506670647, 2506670812, 2506672026, 2506671671, 2506669411	BFLDHLJO_03582
OG0000007	2506671603	BFLDHLJO_02740
OG0000007	2506670296, 2506670300	BFLDHLJO_00811
OG0000007	2506672436	BFLDHLJO_00097
OG0000007	2506671567	BFLDHLJO_02882
OG0000008	2506670553	BFLDHLJO_02897
OG0000010	2506671410, 2506672508, 2506670257, 2506669954, 2506670117	BFLDHLJO_00210
OG0000010	2506672127	BFLDHLJO_02149
OG0000011	2506672719, 2506670347, 2506670350	BFLDHLJO_03585, BFLDHLJO_03583, BFLDHLJO_03584, BFLDHLJO_03580
OG0000012	2506672465	BFLDHLJO_02327
OG0000013	2506670749, 2506669724, 2506670582, 2506672027, 2506670785, 2506670326, 2506670367, 2506670677, 2506670899, 2506669832, 2506669843, 2506670287, 2506671018, 2506670416, 2506671161, 2506671502, 2506670817, 2506672447, 2506671665	BFLDHLJO_03160
OG0000014	2506670652, 2506670651	BFLDHLJO_00327, BFLDHLJO_03087
OG0000020	2506672717	BFLDHLJO_01611
OG0000020	2506670480	BFLDHLJO_01549
OG0000025	2506670072, 2506670070	BFLDHLJO_04143
OG0000026	2506670294	BFLDHLJO_02074
OG0000027	2506670423	BFLDHLJO_03552, BFLDHLJO_03055
OG0000028	2506672297	BFLDHLJO_03009
OG0000031	2506672722, 2506671047	BFLDHLJO_02678
OG0000031	2506669389, 2506670285	BFLDHLJO_02043, BFLDHLJO_00513
OG0000032	2506672150, 2506672744, 2506670402, 2506669555, 2506671836, 2506671128, 2506670545, 2506670679, 2506671977	BFLDHLJO_00585
OG0000033	2506671563	BFLDHLJO_02754, BFLDHLJO_02611, BFLDHLJO_02776
OG0000036	2506669688	BFLDHLJO_01216
OG0000036	2506669884	BFLDHLJO_01637
OG0000037	2506670173	BFLDHLJO_02489
OG0000037	2506670324	BFLDHLJO_02778
OG0000038	2506670542, 2506670531, 2506672294	BFLDHLJO_00293, BFLDHLJO_00291, BFLDHLJO_00292
OG0000039	2506671083	BFLDHLJO_03372
OG0000042	2506671802	BFLDHLJO_01193
OG0000042	2506669625	BFLDHLJO_01926
OG0000043	2506671737	BFLDHLJO_02167
OG0000043	2506669837, 2506672203	BFLDHLJO_01582
OG0000044	2506669879	BFLDHLJO_01136
OG0000045	2506672552	BFLDHLJO_03403
OG0000045	2506671072	BFLDHLJO_03667, BFLDHLJO_03224
OG0000049	2506669657	BFLDHLJO_03377
OG0000051	2506672175	BFLDHLJO_01019
OG0000051	2506670710	BFLDHLJO_01624
OG0000052	2506671827	BFLDHLJO_03290
OG0000057	2506669527	BFLDHLJO_03111, BFLDHLJO_03773
OG0000058	2506672230	BFLDHLJO_00396
OG0000058	2506669694	BFLDHLJO_03931
OG0000059	2506670794	BFLDHLJO_03040
OG0000059	2506670538	BFLDHLJO_02331
OG0000060	2506670841	BFLDHLJO_00428, BFLDHLJO_00435
OG0000061	2506671173	BFLDHLJO_03187
OG0000062	2506671681	BFLDHLJO_00029
OG0000062	2506671682	BFLDHLJO_00028
OG0000063	2506671998	BFLDHLJO_02567, BFLDHLJO_01518
OG0000064	2506672110	BFLDHLJO_00878
OG0000070	2506669473	BFLDHLJO_01591
OG0000071	2506669715	BFLDHLJO_02893
OG0000072	2506669890, 2506670264, 2506671772, 2506672649, 2506672139, 2506672140	BFLDHLJO_01815
OG0000073	2506670424	BFLDHLJO_00220
OG0000074	2506670535	BFLDHLJO_02240
OG0000075	2506671037	BFLDHLJO_01517, BFLDHLJO_03416
OG0000076	2506671192	BFLDHLJO_02087, BFLDHLJO_02916
OG0000077	2506671333	BFLDHLJO_01040, BFLDHLJO_02817, BFLDHLJO_02895
OG0000078	2506672555	BFLDHLJO_01266
OG0000083	2506669363	BFLDHLJO_04172, BFLDHLJO_01135
OG0000084	2506669453	BFLDHLJO_01634, BFLDHLJO_04045, BFLDHLJO_02299
OG0000085	2506670680, 2506669844, 2506672009, 2506670512	BFLDHLJO_01191
OG0000086	2506670073	BFLDHLJO_04135, BFLDHLJO_04124
OG0000087	2506670733	BFLDHLJO_00453, BFLDHLJO_00886
OG0000088	2506670846	BFLDHLJO_00431
OG0000089	2506671139, 2506672340	BFLDHLJO_01848
OG0000090	2506671405	BFLDHLJO_00193
OG0000091	2506671584	BFLDHLJO_01059, BFLDHLJO_03168, BFLDHLJO_03209
OG0000092	2506671585	BFLDHLJO_01160, BFLDHLJO_01060, BFLDHLJO_03167, BFLDHLJO_03208
OG0000093	2506671694	BFLDHLJO_01753
OG0000094	2506671704	BFLDHLJO_01088
OG0000095	2506672094	BFLDHLJO_00538, BFLDHLJO_03698, BFLDHLJO_03926
OG0000105	2506669406	BFLDHLJO_01678
OG0000107	2506672742	BFLDHLJO_01002
OG0000107	2506669667	BFLDHLJO_03620
OG0000108	2506669929, 2506669979	BFLDHLJO_00854
OG0000108	2506670409, 2506671789	BFLDHLJO_00786
OG0000109	2506672055	BFLDHLJO_02722
OG0000109	2506671194, 2506670260	BFLDHLJO_02918
OG0000110	2506672177, 2506670273	BFLDHLJO_01296
OG0000111	2506670335	BFLDHLJO_00604
OG0000112	2506670708, 2506672292, 2506671182, 2506671177	BFLDHLJO_03297
OG0000115	2506671458	BFLDHLJO_03947
OG0000116	2506671703	BFLDHLJO_01089
OG0000117	2506671847	BFLDHLJO_02138
OG0000118	2506671848	BFLDHLJO_02139
OG0000120	2506671964	BFLDHLJO_03531, BFLDHLJO_00863
OG0000121	2506672056	BFLDHLJO_00903
OG0000122	2506672236	BFLDHLJO_01644
OG0000123	2506672510	BFLDHLJO_00497
OG0000124	2506672511	BFLDHLJO_00498
OG0000125	2506672745	BFLDHLJO_02392, BFLDHLJO_02389
OG0000138	2506671207, 2506672020, 2506669591, 2506669777, 2506669780	BFLDHLJO_02831, BFLDHLJO_04168, BFLDHLJO_01393
OG0000139	2506672151, 2506669722, 2506671150	BFLDHLJO_01467
OG0000140	2506672452	BFLDHLJO_02125
OG0000141	2506672668, 2506670862, 2506670863, 2506670299	BFLDHLJO_03054
OG0000142	2506670485, 2506671500, 2506670869, 2506670370	BFLDHLJO_01553
OG0000144	2506672593, 2506670557, 2506672753, 2506670556, 2506672755, 2506672761	BFLDHLJO_00303
OG0000146	2506670709, 2506672293, 2506671176, 2506671181	BFLDHLJO_03298
OG0000147	2506671777	BFLDHLJO_03843
OG0000149	2506671610	BFLDHLJO_01951
OG0000150	2506671702	BFLDHLJO_01090
OG0000151	2506671818	BFLDHLJO_01360, BFLDHLJO_02212, BFLDHLJO_02446, BFLDHLJO_00519
OG0000152	2506672588	BFLDHLJO_01908
OG0000153	2506672053	BFLDHLJO_02353
OG0000155	2506672686, 2506672179, 2506672760, 2506672759	BFLDHLJO_02545
OG0000156	2506672408	BFLDHLJO_02273
OG0000158	2506672604	BFLDHLJO_01349, BFLDHLJO_00467, BFLDHLJO_00466, BFLDHLJO_00523, BFLDHLJO_00525, BFLDHLJO_02194
OG0000159	2506672667	BFLDHLJO_03341, BFLDHLJO_03294
OG0000160	2506672748, 2506672750, 2506672749, 2506672756	BFLDHLJO_02546
OG0000168	2506669361	BFLDHLJO_01636
OG0000169	2506669414	BFLDHLJO_02048
OG0000170	2506669436	BFLDHLJO_02794
OG0000173	2506669926, 2506670278	BFLDHLJO_00202
OG0000174	2506670943, 2506669933, 2506670455	BFLDHLJO_00107
OG0000176	2506669972	BFLDHLJO_00333
OG0000177	2506670134	BFLDHLJO_01379, BFLDHLJO_01381
OG0000179	2506670467	BFLDHLJO_01536
OG0000181	2506671062, 2506670586	BFLDHLJO_02685
OG0000182	2506671569, 2506670607, 2506672615	BFLDHLJO_02883
OG0000183	2506670618	BFLDHLJO_01808
OG0000184	2506671136, 2506671853, 2506670786	BFLDHLJO_02228
OG0000185	2506670845	BFLDHLJO_00432
OG0000186	2506670882	BFLDHLJO_02384, BFLDHLJO_00054
OG0000187	2506670965	BFLDHLJO_02967
OG0000188	2506670989	BFLDHLJO_01132
OG0000189	2506672433, 2506672434, 2506671101	BFLDHLJO_00058
OG0000190	2506671220	BFLDHLJO_00810
OG0000191	2506671461	BFLDHLJO_01803
OG0000192	2506672067	BFLDHLJO_01082
OG0000192	2506672141	BFLDHLJO_02520
OG0000194	2506671744	BFLDHLJO_02372, BFLDHLJO_03979
OG0000195	2506671781	BFLDHLJO_01858, BFLDHLJO_02592
OG0000196	2506671900	BFLDHLJO_00309
OG0000197	2506672074	BFLDHLJO_00184
OG0000198	2506672085	BFLDHLJO_01680
OG0000199	2506672160	BFLDHLJO_02930
OG0000200	2506672163	BFLDHLJO_00234
OG0000201	2506672342	BFLDHLJO_02682
OG0000202	2506672346	BFLDHLJO_02684
OG0000205	2506672462	BFLDHLJO_02146
OG0000206	2506672533	BFLDHLJO_03808
OG0000207	2506672657	BFLDHLJO_01707, BFLDHLJO_01736
OG0000215	2506669351, 2506669556	BFLDHLJO_00279
OG0000216	2506669552, 2506669352	BFLDHLJO_00281
OG0000217	2506669357	BFLDHLJO_02064
OG0000218	2506669372, 2506670686, 2506670671	BFLDHLJO_01937
OG0000220	2506669409	BFLDHLJO_03655
OG0000221	2506669415	BFLDHLJO_02049
OG0000223	2506669594, 2506669662	BFLDHLJO_03043
OG0000224	2506671061	BFLDHLJO_01180, BFLDHLJO_01181
OG0000225	2506669653	BFLDHLJO_00930
OG0000226	2506669655	BFLDHLJO_00002
OG0000227	2506672461, 2506669666, 2506671769	BFLDHLJO_01396
OG0000228	2506669795, 2506669698, 2506669696	BFLDHLJO_04093
OG0000229	2506669711	BFLDHLJO_03299
OG0000230	2506669736	BFLDHLJO_03702
OG0000231	2506669816, 2506670344	BFLDHLJO_04085
OG0000232	2506669949	BFLDHLJO_00633
OG0000233	2506670121	BFLDHLJO_03812
OG0000234	2506670175	BFLDHLJO_02491
OG0000235	2506670180	BFLDHLJO_02497
OG0000236	2506670255	BFLDHLJO_00948
OG0000237	2506670276	BFLDHLJO_01322
OG0000237	2506672057	BFLDHLJO_00807
OG0000238	2506671908, 2506670282	BFLDHLJO_00317
OG0000239	2506670292, 2506670333	BFLDHLJO_00088
OG0000240	2506672182, 2506670298	BFLDHLJO_01238
OG0000241	2506670472	BFLDHLJO_01541
OG0000243	2506670598, 2506670591	BFLDHLJO_03657
OG0000244	2506670600	BFLDHLJO_03486
OG0000248	2506672727, 2506671630, 2506670702	BFLDHLJO_01877
OG0000249	2506670843	BFLDHLJO_00433
OG0000250	2506671016	BFLDHLJO_01806
OG0000251	2506671129	BFLDHLJO_00664
OG0000252	2506671166	BFLDHLJO_02723
OG0000253	2506671206	BFLDHLJO_02948
OG0000254	2506671250	BFLDHLJO_01837
OG0000255	2506671642, 2506671281	BFLDHLJO_02242
OG0000256	2506671304	BFLDHLJO_02259
OG0000257	2506671321	BFLDHLJO_01421
OG0000258	2506671817	BFLDHLJO_00483
OG0000258	2506671382	BFLDHLJO_02211
OG0000259	2506671393	BFLDHLJO_00749
OG0000260	2506672029	BFLDHLJO_00940
OG0000261	2506671540, 2506672343	BFLDHLJO_02683
OG0000262	2506671574	BFLDHLJO_03192
OG0000263	2506671695	BFLDHLJO_01752
OG0000264	2506672435	BFLDHLJO_01212
OG0000265	2506671779	BFLDHLJO_00735
OG0000266	2506671803	BFLDHLJO_01194
OG0000267	2506671862	BFLDHLJO_02080
OG0000268	2506671894, 2506671895	BFLDHLJO_01424, BFLDHLJO_03975
OG0000269	2506671901	BFLDHLJO_00310
OG0000270	2506671907, 2506672651	BFLDHLJO_00316
OG0000271	2506671983	BFLDHLJO_02602, BFLDHLJO_04121, BFLDHLJO_04119
OG0000272	2506672037	BFLDHLJO_01629
OG0000273	2506672065, 2506672164	BFLDHLJO_02536
OG0000274	2506672084	BFLDHLJO_01679
OG0000275	2506672173	BFLDHLJO_03690
OG0000276	2506672311	BFLDHLJO_01334
OG0000277	2506672539	BFLDHLJO_02391
OG0000278	2506672580	BFLDHLJO_01907
OG0000279	2506672603	BFLDHLJO_00521, BFLDHLJO_00522, BFLDHLJO_02193
OG0000280	2506672610	BFLDHLJO_00473, BFLDHLJO_01355, BFLDHLJO_00531, BFLDHLJO_02202
OG0000281	2506672613	BFLDHLJO_00003, BFLDHLJO_03925
OG0000282	2506672642	BFLDHLJO_00733, BFLDHLJO_00569, BFLDHLJO_02302
OG0000283	2506672664	BFLDHLJO_03293
OG0000284	2506672712	BFLDHLJO_03784
OG0000285	2506672713	BFLDHLJO_03783
OG0000311	2506669368	BFLDHLJO_01931
OG0000312	2506669374	BFLDHLJO_01939
OG0000313	2506669423	BFLDHLJO_02057
OG0000314	2506669429, 2506669563	BFLDHLJO_01328
OG0000315	2506670312, 2506669434, 2506671972	BFLDHLJO_01062
OG0000316	2506669439	BFLDHLJO_03116
OG0000317	2506669440	BFLDHLJO_03117
OG0000318	2506669461, 2506669906	BFLDHLJO_03127
OG0000319	2506672113, 2506669478	BFLDHLJO_00876
OG0000320	2506669488, 2506670540	BFLDHLJO_03650
OG0000321	2506669513	BFLDHLJO_03760
OG0000322	2506669514	BFLDHLJO_03762, BFLDHLJO_00713
OG0000323	2506669525	BFLDHLJO_03771
OG0000324	2506669528	BFLDHLJO_03774
OG0000326	2506669560	BFLDHLJO_00275
OG0000327	2506669566, 2506671222	BFLDHLJO_03724
OG0000328	2506669569	BFLDHLJO_03727
OG0000329	2506671806, 2506669590	BFLDHLJO_01197
OG0000330	2506669631	BFLDHLJO_01371
OG0000331	2506669633, 2506669632	BFLDHLJO_01370
OG0000332	2506669641	BFLDHLJO_00287
OG0000333	2506669650	BFLDHLJO_00932
OG0000334	2506669651	BFLDHLJO_00931
OG0000335	2506672528, 2506669661	BFLDHLJO_02954
OG0000336	2506670020, 2506669669	BFLDHLJO_00918
OG0000337	2506671217, 2506669679	BFLDHLJO_03802
OG0000338	2506669685	BFLDHLJO_01214
OG0000339	2506669692	BFLDHLJO_02070
OG0000340	2506671560, 2506669695	BFLDHLJO_02069
OG0000341	2506669721	BFLDHLJO_01468
OG0000342	2506669726	BFLDHLJO_00249
OG0000343	2506669747	BFLDHLJO_02980
OG0000344	2506669767	BFLDHLJO_00266
OG0000345	2506669775	BFLDHLJO_00259
OG0000346	2506669783	BFLDHLJO_01414
OG0000347	2506669803	BFLDHLJO_00086
OG0000348	2506669814	BFLDHLJO_01594, BFLDHLJO_01973
OG0000349	2506669827	BFLDHLJO_04071, BFLDHLJO_04141
OG0000350	2506669873	BFLDHLJO_00026
OG0000351	2506669874, 2506671643	BFLDHLJO_03715
OG0000352	2506669880	BFLDHLJO_02693
OG0000353	2506669887	BFLDHLJO_01810
OG0000354	2506669888	BFLDHLJO_01812
OG0000355	2506669889	BFLDHLJO_01813
OG0000356	2506669920	BFLDHLJO_04105
OG0000357	2506669939	BFLDHLJO_02773
OG0000358	2506670918, 2506669942	BFLDHLJO_00129
OG0000359	2506669963	BFLDHLJO_03445, BFLDHLJO_04134
OG0000360	2506669964	BFLDHLJO_00332
OG0000361	2506669999	BFLDHLJO_02276
OG0000362	2506670000	BFLDHLJO_02277
OG0000363	2506670001	BFLDHLJO_02278
OG0000364	2506670002	BFLDHLJO_02279
OG0000365	2506670025	BFLDHLJO_03570
OG0000366	2506670030	BFLDHLJO_03574
OG0000367	2506672573, 2506670044	BFLDHLJO_00625
OG0000368	2506670045, 2506671484	BFLDHLJO_00623
OG0000369	2506670046	BFLDHLJO_00622
OG0000370	2506670050	BFLDHLJO_02185
OG0000371	2506670054	BFLDHLJO_01461
OG0000373	2506670083	BFLDHLJO_02304
OG0000374	2506670095	BFLDHLJO_04154
OG0000375	2506670107	BFLDHLJO_03941
OG0000376	2506670118	BFLDHLJO_03815
OG0000377	2506670119	BFLDHLJO_03814
OG0000378	2506670120	BFLDHLJO_03813
OG0000379	2506670122	BFLDHLJO_02418
OG0000380	2506670172	BFLDHLJO_02488
OG0000381	2506670179	BFLDHLJO_02496
OG0000382	2506670181	BFLDHLJO_02498
OG0000383	2506670182	BFLDHLJO_02499
OG0000384	2506670191	BFLDHLJO_02509
OG0000385	2506670197, 2506672417	BFLDHLJO_01139
OG0000386	2506670209	BFLDHLJO_01662
OG0000387	2506670215, 2506670351	BFLDHLJO_00665
OG0000388	2506670238	BFLDHLJO_01986
OG0000389	2506670239	BFLDHLJO_01987
OG0000390	2506670261	BFLDHLJO_00224
OG0000391	2506670265	BFLDHLJO_03414
OG0000392	2506670274	BFLDHLJO_00673
OG0000394	2506670322	BFLDHLJO_01395
OG0000395	2506670327	BFLDHLJO_00015
OG0000396	2506670336, 2506670525	BFLDHLJO_01901
OG0000397	2506670371	BFLDHLJO_02388
OG0000398	2506670381	BFLDHLJO_01650
OG0000399	2506670397	BFLDHLJO_00627
OG0000400	2506670427	BFLDHLJO_02408
OG0000401	2506670428	BFLDHLJO_02407
OG0000402	2506670429	BFLDHLJO_02406
OG0000403	2506670431	BFLDHLJO_02405
OG0000404	2506672688	BFLDHLJO_01493
OG0000404	2506670435	BFLDHLJO_01492
OG0000405	2506670444	BFLDHLJO_01104
OG0000406	2506670468	BFLDHLJO_01537
OG0000407	2506670470	BFLDHLJO_01539
OG0000408	2506670475	BFLDHLJO_01544
OG0000409	2506670476	BFLDHLJO_01545
OG0000410	2506670479	BFLDHLJO_01548
OG0000411	2506670481	BFLDHLJO_01550
OG0000412	2506670483	BFLDHLJO_01551
OG0000413	2506670484	BFLDHLJO_01552
OG0000414	2506670487	BFLDHLJO_01555
OG0000415	2506670489	BFLDHLJO_01557
OG0000416	2506670517	BFLDHLJO_04038
OG0000417	2506671548, 2506670521	BFLDHLJO_00754
OG0000418	2506672594, 2506670555	BFLDHLJO_00302
OG0000419	2506670562	BFLDHLJO_00306
OG0000420	2506670568	BFLDHLJO_01435
OG0000421	2506670581	BFLDHLJO_01448, BFLDHLJO_03100
OG0000422	2506670583	BFLDHLJO_01504
OG0000423	2506670587, 2506671180	BFLDHLJO_03723
OG0000424	2506670592	BFLDHLJO_03656
OG0000425	2506670605, 2506672362	BFLDHLJO_03489
OG0000426	2506670609	BFLDHLJO_01571
OG0000427	2506670622	BFLDHLJO_03286
OG0000428	2506670624	BFLDHLJO_03285
OG0000429	2506670625	BFLDHLJO_03284
OG0000430	2506670639	BFLDHLJO_03342, BFLDHLJO_03272
OG0000431	2506670646	BFLDHLJO_03350
OG0000432	2506670659	BFLDHLJO_03355
OG0000433	2506670720	BFLDHLJO_03058
OG0000434	2506670736	BFLDHLJO_03071
OG0000435	2506670739	BFLDHLJO_00960
OG0000436	2506670752	BFLDHLJO_00976
OG0000437	2506670753	BFLDHLJO_00977
OG0000438	2506670754	BFLDHLJO_00978
OG0000440	2506672503, 2506670820	BFLDHLJO_00024
OG0000441	2506670878	BFLDHLJO_01733
OG0000442	2506670885	BFLDHLJO_02381
OG0000443	2506670900	BFLDHLJO_01294
OG0000444	2506671982	BFLDHLJO_04122
OG0000445	2506670966	BFLDHLJO_00057
OG0000446	2506670973	BFLDHLJO_04074
OG0000447	2506670978	BFLDHLJO_00658
OG0000448	2506670988	BFLDHLJO_00952
OG0000449	2506671015	BFLDHLJO_02293
OG0000450	2506671041	BFLDHLJO_02710
OG0000451	2506671051	BFLDHLJO_00011
OG0000452	2506671090	BFLDHLJO_00064
OG0000453	2506671095	BFLDHLJO_03004
OG0000454	2506671096	BFLDHLJO_03005, BFLDHLJO_04118
OG0000455	2506671099	BFLDHLJO_00060
OG0000456	2506671100	BFLDHLJO_00059
OG0000457	2506671104	BFLDHLJO_03020
OG0000458	2506671105, 2506672481	BFLDHLJO_01693
OG0000459	2506671106	BFLDHLJO_03132, BFLDHLJO_00504
OG0000461	2506671148	BFLDHLJO_03834
OG0000462	2506671167, 2506671386	BFLDHLJO_01174
OG0000463	2506671172	BFLDHLJO_01602, BFLDHLJO_01601
OG0000464	2506672064, 2506671219	BFLDHLJO_02997
OG0000465	2506671233	BFLDHLJO_03156
OG0000466	2506671260	BFLDHLJO_01828
OG0000467	2506671265	BFLDHLJO_04037
OG0000468	2506671267	BFLDHLJO_01344
OG0000469	2506671273	BFLDHLJO_00257
OG0000470	2506671275	BFLDHLJO_04018
OG0000471	2506671641, 2506671280	BFLDHLJO_02241
OG0000472	2506671286	BFLDHLJO_02247
OG0000473	2506671311	BFLDHLJO_01910
OG0000474	2506671418	BFLDHLJO_01868
OG0000475	2506671432	BFLDHLJO_00668
OG0000476	2506671447, 2506671887	BFLDHLJO_01430
OG0000477	2506671454	BFLDHLJO_00966
OG0000478	2506671455	BFLDHLJO_00965
OG0000479	2506672178, 2506671460	BFLDHLJO_02543
OG0000480	2506671477	BFLDHLJO_00913
OG0000481	2506671479	BFLDHLJO_00912, BFLDHLJO_04144
OG0000482	2506671485	BFLDHLJO_04126, BFLDHLJO_00624
OG0000483	2506671533, 2506671795	BFLDHLJO_03818
OG0000484	2506671534, 2506671799	BFLDHLJO_03817
OG0000485	2506671535	BFLDHLJO_03816
OG0000486	2506671579	BFLDHLJO_02535
OG0000487	2506671649	BFLDHLJO_01457
OG0000488	2506671654	BFLDHLJO_01453
OG0000489	2506671678, 2506672415	BFLDHLJO_03144
OG0000490	2506671687	BFLDHLJO_02928
OG0000491	2506671688	BFLDHLJO_02927
OG0000492	2506671689	BFLDHLJO_02926
OG0000493	2506671690	BFLDHLJO_02925
OG0000494	2506671721	BFLDHLJO_01892
OG0000495	2506671740	BFLDHLJO_02163
OG0000496	2506671765	BFLDHLJO_01617
OG0000497	2506671791	BFLDHLJO_00080
OG0000498	2506671796	BFLDHLJO_01949
OG0000499	2506671812	BFLDHLJO_04017
OG0000500	2506671823	BFLDHLJO_03287
OG0000501	2506671824	BFLDHLJO_03973
OG0000502	2506671845	BFLDHLJO_00955
OG0000503	2506671850	BFLDHLJO_02703
OG0000504	2506671852	BFLDHLJO_02705
OG0000505	2506671857, 2506672347	BFLDHLJO_03427
OG0000506	2506671863	BFLDHLJO_02889, BFLDHLJO_02081
OG0000507	2506671874	BFLDHLJO_02089
OG0000508	2506671875	BFLDHLJO_02090
OG0000509	2506671876	BFLDHLJO_02091
OG0000510	2506671877	BFLDHLJO_02092
OG0000511	2506671888	BFLDHLJO_00885
OG0000512	2506671902	BFLDHLJO_00311
OG0000513	2506671903	BFLDHLJO_00312
OG0000514	2506671904	BFLDHLJO_00313
OG0000515	2506671905	BFLDHLJO_00314
OG0000516	2506671906	BFLDHLJO_00315
OG0000517	2506671909	BFLDHLJO_00318
OG0000518	2506671910	BFLDHLJO_00320
OG0000519	2506671911	BFLDHLJO_00321
OG0000520	2506671912	BFLDHLJO_00322
OG0000521	2506671933	BFLDHLJO_01923
OG0000522	2506671940	BFLDHLJO_02799
OG0000523	2506671941	BFLDHLJO_02800
OG0000524	2506671942	BFLDHLJO_02801
OG0000525	2506671943	BFLDHLJO_02802
OG0000526	2506671944	BFLDHLJO_02803
OG0000527	2506671945	BFLDHLJO_02804
OG0000528	2506671946	BFLDHLJO_02805
OG0000529	2506671950	BFLDHLJO_03437
OG0000530	2506671967	BFLDHLJO_03527
OG0000531	2506671969	BFLDHLJO_03525
OG0000532	2506671990	BFLDHLJO_00201
OG0000533	2506671994	BFLDHLJO_00199
OG0000534	2506672004	BFLDHLJO_02573
OG0000535	2506672035	BFLDHLJO_00942
OG0000536	2506672059	BFLDHLJO_00905
OG0000537	2506672069	BFLDHLJO_04015, BFLDHLJO_03863
OG0000538	2506672070	BFLDHLJO_03866
OG0000539	2506672176	BFLDHLJO_01018
OG0000540	2506672184	BFLDHLJO_01235
OG0000541	2506672186	BFLDHLJO_01233
OG0000542	2506672223	BFLDHLJO_00401, BFLDHLJO_00712
OG0000543	2506672226	BFLDHLJO_00398
OG0000544	2506672229	BFLDHLJO_00397
OG0000545	2506672248	BFLDHLJO_00073
OG0000546	2506672252	BFLDHLJO_00069
OG0000547	2506672253	BFLDHLJO_00068
OG0000548	2506672284, 2506672711	BFLDHLJO_01962
OG0000549	2506672289	BFLDHLJO_01336
OG0000550	2506672290	BFLDHLJO_01335
OG0000551	2506672312	BFLDHLJO_01509
OG0000552	2506672334	BFLDHLJO_03104
OG0000553	2506672335	BFLDHLJO_03105
OG0000554	2506672337	BFLDHLJO_03106
OG0000555	2506672338	BFLDHLJO_03107
OG0000556	2506672351	BFLDHLJO_02018
OG0000557	2506672363	BFLDHLJO_03413, BFLDHLJO_03490
OG0000558	2506672370	BFLDHLJO_03497
OG0000559	2506672371	BFLDHLJO_03498
OG0000560	2506672401	BFLDHLJO_02266
OG0000561	2506672426	BFLDHLJO_03158
OG0000562	2506672443	BFLDHLJO_03586, BFLDHLJO_04020
OG0000563	2506672458	BFLDHLJO_02313
OG0000564	2506672459	BFLDHLJO_02312
OG0000565	2506672484	BFLDHLJO_03543
OG0000566	2506672485	BFLDHLJO_03544
OG0000567	2506672518	BFLDHLJO_02762
OG0000568	2506672544	BFLDHLJO_03400, BFLDHLJO_02113
OG0000569	2506672549	BFLDHLJO_03366
OG0000570	2506672557	BFLDHLJO_03408
OG0000571	2506672564	BFLDHLJO_01640
OG0000572	2506672589	BFLDHLJO_01909
OG0000573	2506672600	BFLDHLJO_02830
OG0000574	2506672658	BFLDHLJO_00580, BFLDHLJO_02431
OG0000575	2506672694	BFLDHLJO_00460
OG0000576	2506672696	BFLDHLJO_00672
OG0000602	2506669345, 2506669559	BFLDHLJO_00276
OG0000603	2506669355	BFLDHLJO_02062
OG0000604	2506669356	BFLDHLJO_02063
OG0000605	2506669370	BFLDHLJO_01935
OG0000606	2506669371	BFLDHLJO_01936
OG0000607	2506669373	BFLDHLJO_01938
OG0000608	2506669375	BFLDHLJO_01940
OG0000609	2506669376	BFLDHLJO_01941
OG0000610	2506669377	BFLDHLJO_01942
OG0000611	2506669378	BFLDHLJO_01943
OG0000612	2506669380	BFLDHLJO_01944
OG0000613	2506669381	BFLDHLJO_01945
OG0000614	2506669382	BFLDHLJO_01946
OG0000615	2506669385	BFLDHLJO_01850
OG0000616	2506669386	BFLDHLJO_01851
OG0000617	2506669393	BFLDHLJO_01240
OG0000618	2506669397	BFLDHLJO_02977
OG0000619	2506669398	BFLDHLJO_02978
OG0000620	2506669399	BFLDHLJO_02979
OG0000621	2506669400	BFLDHLJO_01337
OG0000622	2506669407	BFLDHLJO_01417
OG0000623	2506669412	BFLDHLJO_02046
OG0000624	2506669413	BFLDHLJO_02047
OG0000625	2506669418	BFLDHLJO_02051
OG0000626	2506669419	BFLDHLJO_02053
OG0000627	2506669420	BFLDHLJO_02054
OG0000628	2506669421	BFLDHLJO_02055
OG0000629	2506669422	BFLDHLJO_02056
OG0000630	2506669424	BFLDHLJO_04175
OG0000631	2506669425	BFLDHLJO_04174
OG0000632	2506669426	BFLDHLJO_04173
OG0000633	2506669427	BFLDHLJO_04171
OG0000634	2506669428	BFLDHLJO_04170
OG0000635	2506669430	BFLDHLJO_01329
OG0000636	2506669431	BFLDHLJO_03112
OG0000637	2506669433	BFLDHLJO_03115
OG0000638	2506669447	BFLDHLJO_03118
OG0000639	2506669448	BFLDHLJO_03119
OG0000640	2506669450	BFLDHLJO_03120
OG0000641	2506669451	BFLDHLJO_03121
OG0000642	2506669456	BFLDHLJO_03122
OG0000643	2506669460	BFLDHLJO_03126
OG0000644	2506669463	BFLDHLJO_01500
OG0000645	2506669464	BFLDHLJO_01499
OG0000646	2506669465	BFLDHLJO_01498
OG0000647	2506669466	BFLDHLJO_01497
OG0000648	2506669467	BFLDHLJO_01496
OG0000649	2506669468	BFLDHLJO_01495
OG0000650	2506669469	BFLDHLJO_01494
OG0000653	2506669491	BFLDHLJO_03890
OG0000654	2506669492	BFLDHLJO_03891
OG0000655	2506669496	BFLDHLJO_03895
OG0000656	2506669497	BFLDHLJO_03896
OG0000657	2506669498	BFLDHLJO_03747
OG0000658	2506669500	BFLDHLJO_03313
OG0000659	2506669504	BFLDHLJO_02976
OG0000660	2506669505	BFLDHLJO_02975
OG0000661	2506669508	BFLDHLJO_02073
OG0000662	2506669511	BFLDHLJO_03759
OG0000663	2506669515	BFLDHLJO_03763
OG0000664	2506669516	BFLDHLJO_03764
OG0000665	2506669517	BFLDHLJO_03765
OG0000666	2506669524	BFLDHLJO_03770
OG0000667	2506669526	BFLDHLJO_03772
OG0000668	2506669529	BFLDHLJO_03775
OG0000669	2506669531	BFLDHLJO_03779
OG0000670	2506669533	BFLDHLJO_03757
OG0000671	2506669539	BFLDHLJO_01898
OG0000672	2506669546	BFLDHLJO_01897
OG0000673	2506669553	BFLDHLJO_00280
OG0000674	2506669557	BFLDHLJO_00278
OG0000675	2506669558	BFLDHLJO_00277
OG0000676	2506669567	BFLDHLJO_03725
OG0000677	2506669568	BFLDHLJO_03726
OG0000678	2506669570	BFLDHLJO_03728
OG0000679	2506669571	BFLDHLJO_03729
OG0000680	2506669572	BFLDHLJO_03730
OG0000681	2506669573	BFLDHLJO_03731
OG0000682	2506669574	BFLDHLJO_03732
OG0000683	2506669576, 2506669593	BFLDHLJO_03042
OG0000684	2506669596, 2506669577	BFLDHLJO_03045
OG0000685	2506669579, 2506669597	BFLDHLJO_03046
OG0000686	2506669580, 2506669598	BFLDHLJO_03047
OG0000687	2506669583	BFLDHLJO_01843
OG0000688	2506669599, 2506669584	BFLDHLJO_03048
OG0000689	2506669601	BFLDHLJO_03738
OG0000690	2506669602	BFLDHLJO_03739
OG0000691	2506669619	BFLDHLJO_03041
OG0000692	2506669627	BFLDHLJO_01376
OG0000693	2506669629	BFLDHLJO_01373
OG0000694	2506669630	BFLDHLJO_01372
OG0000695	2506669634	BFLDHLJO_01369
OG0000696	2506669638	BFLDHLJO_04070
OG0000697	2506669639	BFLDHLJO_01267
OG0000698	2506669640	BFLDHLJO_00286
OG0000699	2506669643	BFLDHLJO_00289
OG0000700	2506669645	BFLDHLJO_01020
OG0000701	2506669649	BFLDHLJO_02119
OG0000703	2506669678	BFLDHLJO_03803
OG0000704	2506669680	BFLDHLJO_03801
OG0000705	2506669681	BFLDHLJO_03800
OG0000706	2506669682	BFLDHLJO_01211
OG0000707	2506669686	BFLDHLJO_01215
OG0000708	2506669689	BFLDHLJO_01217
OG0000709	2506669691	BFLDHLJO_03944
OG0000710	2506669693	BFLDHLJO_02071
OG0000711	2506669700	BFLDHLJO_01057
OG0000712	2506669707	BFLDHLJO_01093
OG0000713	2506669708	BFLDHLJO_01094
OG0000714	2506669709	BFLDHLJO_03301
OG0000715	2506669710	BFLDHLJO_03300
OG0000716	2506669718	BFLDHLJO_01475
OG0000717	2506669720	BFLDHLJO_01471
OG0000718	2506669725	BFLDHLJO_00248
OG0000719	2506669727	BFLDHLJO_00250
OG0000720	2506669729	BFLDHLJO_03709
OG0000721	2506669730	BFLDHLJO_03708
OG0000722	2506669731	BFLDHLJO_03707
OG0000723	2506669732	BFLDHLJO_03706
OG0000724	2506669733	BFLDHLJO_03705
OG0000725	2506669734	BFLDHLJO_03704
OG0000726	2506669738	BFLDHLJO_03701
OG0000727	2506669739	BFLDHLJO_02989
OG0000728	2506669740	BFLDHLJO_02988
OG0000729	2506669741	BFLDHLJO_02987
OG0000730	2506669742	BFLDHLJO_02986
OG0000731	2506669743	BFLDHLJO_02985
OG0000732	2506669745	BFLDHLJO_02982
OG0000733	2506669746	BFLDHLJO_02981
OG0000734	2506669754	BFLDHLJO_02297
OG0000735	2506669755	BFLDHLJO_02296
OG0000736	2506669756	BFLDHLJO_02295
OG0000737	2506669758	BFLDHLJO_02294
OG0000738	2506669761	BFLDHLJO_02292
OG0000739	2506669762	BFLDHLJO_02291
OG0000740	2506669763	BFLDHLJO_02965
OG0000741	2506669765	BFLDHLJO_02964
OG0000742	2506669766	BFLDHLJO_04086
OG0000743	2506669769	BFLDHLJO_00265
OG0000744	2506669770	BFLDHLJO_00264
OG0000745	2506669771	BFLDHLJO_00263
OG0000746	2506669772	BFLDHLJO_00262
OG0000747	2506669773	BFLDHLJO_00261
OG0000748	2506669774	BFLDHLJO_00260
OG0000749	2506669776	BFLDHLJO_00258
OG0000750	2506669781	BFLDHLJO_02541
OG0000751	2506669782	BFLDHLJO_03861, BFLDHLJO_03138
OG0000752	2506669784	BFLDHLJO_01413
OG0000753	2506669786	BFLDHLJO_03965
OG0000754	2506669791	BFLDHLJO_03304
OG0000755	2506669793	BFLDHLJO_03303
OG0000756	2506669794	BFLDHLJO_03302
OG0000757	2506669796	BFLDHLJO_04092
OG0000758	2506669799	BFLDHLJO_03237
OG0000759	2506669800	BFLDHLJO_03236
OG0000760	2506669801	BFLDHLJO_03235
OG0000761	2506669809	BFLDHLJO_00091
OG0000762	2506669810	BFLDHLJO_00092
OG0000763	2506669811	BFLDHLJO_00093
OG0000764	2506669817	BFLDHLJO_04084
OG0000765	2506669818	BFLDHLJO_04083
OG0000766	2506669819	BFLDHLJO_04082
OG0000767	2506669820	BFLDHLJO_04081
OG0000768	2506669821	BFLDHLJO_04080
OG0000769	2506669822	BFLDHLJO_04079
OG0000770	2506669823	BFLDHLJO_04078
OG0000771	2506669824	BFLDHLJO_04073
OG0000772	2506669825	BFLDHLJO_04072
OG0000773	2506669857	BFLDHLJO_01819
OG0000774	2506669858	BFLDHLJO_01820
OG0000775	2506669860	BFLDHLJO_03345
OG0000776	2506669861	BFLDHLJO_03346
OG0000777	2506669867	BFLDHLJO_01822
OG0000778	2506669868	BFLDHLJO_01823
OG0000779	2506669869	BFLDHLJO_01824
OG0000780	2506669870	BFLDHLJO_01825
OG0000781	2506669875	BFLDHLJO_03714
OG0000782	2506669876	BFLDHLJO_03713
OG0000783	2506669878	BFLDHLJO_03711
OG0000784	2506669885	BFLDHLJO_03710
OG0000786	2506669919	BFLDHLJO_03412
OG0000787	2506669922	BFLDHLJO_04104
OG0000788	2506669934	BFLDHLJO_03481
OG0000789	2506669937	BFLDHLJO_02310
OG0000790	2506669940	BFLDHLJO_02576
OG0000791	2506669941	BFLDHLJO_02577
OG0000792	2506669943	BFLDHLJO_02315
OG0000793	2506669946	BFLDHLJO_00053
OG0000795	2506669959	BFLDHLJO_01308
OG0000797	2506669975	BFLDHLJO_00336
OG0000798	2506669977	BFLDHLJO_00338
OG0000799	2506669982	BFLDHLJO_00340
OG0000800	2506669983	BFLDHLJO_00341
OG0000801	2506669984	BFLDHLJO_00342
OG0000802	2506669989	BFLDHLJO_01250
OG0000803	2506669990	BFLDHLJO_01249
OG0000804	2506669991	BFLDHLJO_01248
OG0000805	2506669992	BFLDHLJO_01247
OG0000806	2506669993	BFLDHLJO_01246
OG0000807	2506669994	BFLDHLJO_01245
OG0000808	2506669995	BFLDHLJO_01244
OG0000809	2506669996	BFLDHLJO_01243
OG0000810	2506670003	BFLDHLJO_02280
OG0000811	2506670004	BFLDHLJO_02281
OG0000812	2506670006	BFLDHLJO_02283
OG0000813	2506670007	BFLDHLJO_02284
OG0000814	2506670014	BFLDHLJO_00052
OG0000815	2506670018	BFLDHLJO_00921
OG0000816	2506670019	BFLDHLJO_00919
OG0000817	2506670021	BFLDHLJO_00917
OG0000818	2506670022	BFLDHLJO_03567
OG0000819	2506670023	BFLDHLJO_03568
OG0000820	2506670024	BFLDHLJO_03569
OG0000821	2506670027	BFLDHLJO_03571
OG0000822	2506670028	BFLDHLJO_03572
OG0000823	2506670029	BFLDHLJO_03573
OG0000824	2506670031	BFLDHLJO_03575
OG0000825	2506670032	BFLDHLJO_02115
OG0000826	2506670033	BFLDHLJO_02116
OG0000827	2506670034	BFLDHLJO_02117
OG0000828	2506670043	BFLDHLJO_00626
OG0000829	2506670048	BFLDHLJO_00620
OG0000830	2506670049	BFLDHLJO_00619
OG0000831	2506670051	BFLDHLJO_02186
OG0000832	2506670052	BFLDHLJO_01463
OG0000833	2506670062	BFLDHLJO_02187
OG0000838	2506670084	BFLDHLJO_02305
OG0000839	2506671234	BFLDHLJO_03461
OG0000839	2506671821	BFLDHLJO_02970
OG0000839	2506670087	BFLDHLJO_01164
OG0000840	2506670088	BFLDHLJO_02782
OG0000841	2506670089	BFLDHLJO_02783
OG0000842	2506670091	BFLDHLJO_02784
OG0000843	2506670092	BFLDHLJO_00284
OG0000844	2506670093	BFLDHLJO_04151
OG0000845	2506670099	BFLDHLJO_00406
OG0000846	2506670101	BFLDHLJO_00404
OG0000847	2506670102	BFLDHLJO_00595
OG0000848	2506670105	BFLDHLJO_03943
OG0000849	2506670106	BFLDHLJO_03942
OG0000850	2506670108	BFLDHLJO_03940
OG0000851	2506670110	BFLDHLJO_03937
OG0000852	2506670113	BFLDHLJO_00016
OG0000853	2506670123	BFLDHLJO_02419
OG0000854	2506670130	BFLDHLJO_01386
OG0000855	2506670133	BFLDHLJO_01382
OG0000856	2506670135	BFLDHLJO_01676
OG0000857	2506670153	BFLDHLJO_01683
OG0000858	2506670158	BFLDHLJO_02475
OG0000859	2506670159	BFLDHLJO_02476
OG0000860	2506670162	BFLDHLJO_02478
OG0000861	2506670163	BFLDHLJO_02479
OG0000862	2506670164	BFLDHLJO_02480
OG0000863	2506670165	BFLDHLJO_02481
OG0000864	2506670166	BFLDHLJO_02482
OG0000865	2506670167	BFLDHLJO_02483
OG0000866	2506670168	BFLDHLJO_02484
OG0000867	2506670169	BFLDHLJO_02485
OG0000868	2506670170	BFLDHLJO_02486
OG0000869	2506670171	BFLDHLJO_02487
OG0000870	2506670174	BFLDHLJO_02490
OG0000871	2506670176	BFLDHLJO_02492
OG0000872	2506670178	BFLDHLJO_02494
OG0000873	2506670183	BFLDHLJO_02500
OG0000874	2506670184	BFLDHLJO_02501
OG0000875	2506670185	BFLDHLJO_02502
OG0000876	2506670186	BFLDHLJO_02503
OG0000877	2506670187	BFLDHLJO_02504
OG0000878	2506670188	BFLDHLJO_02505
OG0000879	2506670190	BFLDHLJO_02508
OG0000880	2506670192	BFLDHLJO_00446
OG0000881	2506670193	BFLDHLJO_01606
OG0000882	2506670194	BFLDHLJO_02623
OG0000883	2506670199	BFLDHLJO_02317
OG0000884	2506670205	BFLDHLJO_01653
OG0000885	2506670206	BFLDHLJO_01654
OG0000886	2506670207	BFLDHLJO_01655
OG0000887	2506670208	BFLDHLJO_01656
OG0000888	2506670210	BFLDHLJO_01663
OG0000889	2506670211	BFLDHLJO_01664
OG0000890	2506670219	BFLDHLJO_00511
OG0000891	2506670220	BFLDHLJO_00510
OG0000892	2506670222	BFLDHLJO_00509
OG0000893	2506670224	BFLDHLJO_00508
OG0000894	2506670252	BFLDHLJO_00945
OG0000895	2506670253	BFLDHLJO_00946
OG0000896	2506670254	BFLDHLJO_00947
OG0000897	2506671190, 2506670258	BFLDHLJO_02914
OG0000898	2506670267	BFLDHLJO_00887
OG0000899	2506670269	BFLDHLJO_00888
OG0000900	2506670271	BFLDHLJO_04077
OG0000901	2506670272	BFLDHLJO_02542
OG0000902	2506670318	BFLDHLJO_02973
OG0000903	2506670343	BFLDHLJO_03000
OG0000904	2506670358	BFLDHLJO_02971
OG0000905	2506670368	BFLDHLJO_02972
OG0000906	2506670383	BFLDHLJO_02712
OG0000907	2506670391	BFLDHLJO_02713
OG0000910	2506670403	BFLDHLJO_00781
OG0000911	2506670404	BFLDHLJO_00782
OG0000912	2506670405	BFLDHLJO_00783
OG0000913	2506670408	BFLDHLJO_00785
OG0000914	2506670410	BFLDHLJO_00788
OG0000915	2506670411	BFLDHLJO_00789
OG0000916	2506670412	BFLDHLJO_00790
OG0000917	2506670413	BFLDHLJO_00791
OG0000918	2506670414	BFLDHLJO_00637
OG0000919	2506670415	BFLDHLJO_00638
OG0000920	2506670418	BFLDHLJO_01459
OG0000921	2506670419	BFLDHLJO_01458
OG0000922	2506670425	BFLDHLJO_00100, BFLDHLJO_00099
OG0000924	2506670432	BFLDHLJO_02404
OG0000925	2506670433	BFLDHLJO_03559
OG0000926	2506670434	BFLDHLJO_01095
OG0000927	2506670436	BFLDHLJO_01096
OG0000928	2506670437	BFLDHLJO_01097
OG0000929	2506670438	BFLDHLJO_01098
OG0000930	2506670439	BFLDHLJO_01099
OG0000931	2506670440	BFLDHLJO_01100
OG0000932	2506670441	BFLDHLJO_01101
OG0000933	2506670442	BFLDHLJO_01102
OG0000934	2506670443	BFLDHLJO_01103
OG0000935	2506670445	BFLDHLJO_01105
OG0000936	2506670446	BFLDHLJO_01106
OG0000937	2506670447	BFLDHLJO_01107
OG0000938	2506670448	BFLDHLJO_01108
OG0000939	2506670449	BFLDHLJO_01109
OG0000940	2506670453	BFLDHLJO_01110
OG0000941	2506670454	BFLDHLJO_01111
OG0000942	2506670456	BFLDHLJO_01525
OG0000943	2506670457	BFLDHLJO_01526
OG0000944	2506670458	BFLDHLJO_01527
OG0000945	2506670459	BFLDHLJO_01528
OG0000946	2506670460	BFLDHLJO_01529
OG0000947	2506670461	BFLDHLJO_01530
OG0000948	2506670462	BFLDHLJO_01531
OG0000949	2506670463	BFLDHLJO_01532
OG0000950	2506670464	BFLDHLJO_01533
OG0000951	2506670465	BFLDHLJO_01534
OG0000952	2506670471	BFLDHLJO_01540
OG0000953	2506670477	BFLDHLJO_01546
OG0000954	2506670478	BFLDHLJO_01547
OG0000955	2506670486	BFLDHLJO_01554
OG0000956	2506670501	BFLDHLJO_00245
OG0000957	2506670504	BFLDHLJO_02974
OG0000958	2506670505	BFLDHLJO_03751
OG0000959	2506670563, 2506670508	BFLDHLJO_00078
OG0000960	2506670524	BFLDHLJO_01900
OG0000961	2506670526	BFLDHLJO_01202
OG0000962	2506670527	BFLDHLJO_01203
OG0000963	2506670528	BFLDHLJO_01204
OG0000964	2506670529	BFLDHLJO_01205
OG0000965	2506670532	BFLDHLJO_00296
OG0000966	2506670533	BFLDHLJO_00298
OG0000967	2506670534	BFLDHLJO_00299
OG0000969	2506670554	BFLDHLJO_00301
OG0000970	2506670558	BFLDHLJO_00304
OG0000971	2506670561	BFLDHLJO_00305
OG0000972	2506670564	BFLDHLJO_01431
OG0000973	2506670565	BFLDHLJO_01432
OG0000974	2506670566	BFLDHLJO_01433
OG0000975	2506670567	BFLDHLJO_01434
OG0000976	2506670569	BFLDHLJO_01436
OG0000977	2506670570	BFLDHLJO_01437
OG0000978	2506670571	BFLDHLJO_01438
OG0000979	2506670572	BFLDHLJO_01439
OG0000980	2506670573	BFLDHLJO_01440
OG0000981	2506670574	BFLDHLJO_01441
OG0000982	2506670575	BFLDHLJO_01442
OG0000983	2506670576	BFLDHLJO_01443
OG0000984	2506670577	BFLDHLJO_01444
OG0000985	2506670578	BFLDHLJO_01445
OG0000986	2506670579	BFLDHLJO_01446
OG0000987	2506670580	BFLDHLJO_01447
OG0000988	2506670584	BFLDHLJO_01503
OG0000989	2506670601	BFLDHLJO_02672
OG0000990	2506670613, 2506671726	BFLDHLJO_01886
OG0000991	2506672427, 2506670615	BFLDHLJO_02673
OG0000992	2506670617	BFLDHLJO_02674
OG0000993	2506670626	BFLDHLJO_03283
OG0000994	2506670628	BFLDHLJO_03280, BFLDHLJO_03281
OG0000995	2506670634	BFLDHLJO_03277
OG0000996	2506670635	BFLDHLJO_03276
OG0000997	2506670636	BFLDHLJO_03275
OG0000998	2506670637	BFLDHLJO_03274
OG0000999	2506670638	BFLDHLJO_03273
OG0001000	2506670643	BFLDHLJO_03347
OG0001001	2506670644	BFLDHLJO_03348
OG0001002	2506670645	BFLDHLJO_03349
OG0001003	2506670648	BFLDHLJO_03351
OG0001004	2506670658	BFLDHLJO_03354
OG0001005	2506670661	BFLDHLJO_00007
OG0001006	2506670665	BFLDHLJO_03357
OG0001007	2506670666	BFLDHLJO_03358
OG0001008	2506670667	BFLDHLJO_03359
OG0001009	2506670674	BFLDHLJO_03362
OG0001010	2506670675	BFLDHLJO_03363
OG0001011	2506670676	BFLDHLJO_03364
OG0001012	2506670678	BFLDHLJO_03365
OG0001013	2506670690	BFLDHLJO_03955
OG0001014	2506670691	BFLDHLJO_01869
OG0001015	2506670692	BFLDHLJO_01870
OG0001016	2506670693	BFLDHLJO_01871
OG0001017	2506670694	BFLDHLJO_01872
OG0001018	2506670699	BFLDHLJO_01875
OG0001019	2506670701	BFLDHLJO_01876
OG0001020	2506670715	BFLDHLJO_03056
OG0001021	2506670718	BFLDHLJO_03057
OG0001022	2506670721	BFLDHLJO_03061
OG0001023	2506670732	BFLDHLJO_02120
OG0001024	2506670740	BFLDHLJO_00961
OG0001025	2506670743	BFLDHLJO_00963
OG0001026	2506670744	BFLDHLJO_00964
OG0001027	2506671453, 2506670745	BFLDHLJO_00967
OG0001028	2506670746	BFLDHLJO_00973
OG0001029	2506670750	BFLDHLJO_00974
OG0001030	2506670751	BFLDHLJO_00975
OG0001031	2506670757	BFLDHLJO_00979
OG0001032	2506670758	BFLDHLJO_00980
OG0001033	2506670759	BFLDHLJO_00981
OG0001034	2506670760	BFLDHLJO_00982
OG0001035	2506670761	BFLDHLJO_00983
OG0001036	2506670766	BFLDHLJO_00988
OG0001037	2506670767	BFLDHLJO_00989
OG0001038	2506670768	BFLDHLJO_00990
OG0001039	2506670769	BFLDHLJO_00991
OG0001040	2506670770	BFLDHLJO_00992
OG0001041	2506670771	BFLDHLJO_00993
OG0001042	2506670772	BFLDHLJO_00994
OG0001043	2506670773	BFLDHLJO_00995
OG0001044	2506670775	BFLDHLJO_00997
OG0001045	2506670776	BFLDHLJO_00998
OG0001046	2506670777	BFLDHLJO_00999
OG0001047	2506670778	BFLDHLJO_01000
OG0001048	2506670779	BFLDHLJO_01001
OG0001049	2506670791	BFLDHLJO_01930
OG0001050	2506670805	BFLDHLJO_00909
OG0001051	2506670815	BFLDHLJO_02428
OG0001052	2506670818	BFLDHLJO_00911
OG0001053	2506670821	BFLDHLJO_03063
OG0001054	2506670824	BFLDHLJO_02107
OG0001055	2506670825	BFLDHLJO_02106
OG0001056	2506670826	BFLDHLJO_02105
OG0001057	2506670827	BFLDHLJO_02104
OG0001058	2506670828	BFLDHLJO_02103
OG0001059	2506670829	BFLDHLJO_02102
OG0001060	2506670830	BFLDHLJO_02101
OG0001061	2506670831	BFLDHLJO_00445
OG0001062	2506670832	BFLDHLJO_00444
OG0001063	2506670833	BFLDHLJO_00443
OG0001064	2506670834	BFLDHLJO_00442
OG0001065	2506670835	BFLDHLJO_00441
OG0001066	2506670836	BFLDHLJO_00440
OG0001067	2506670837	BFLDHLJO_00439
OG0001068	2506670838	BFLDHLJO_00438
OG0001069	2506670839	BFLDHLJO_00437
OG0001070	2506670847	BFLDHLJO_03949
OG0001071	2506670848	BFLDHLJO_03950
OG0001072	2506670849	BFLDHLJO_03951
OG0001073	2506670850	BFLDHLJO_03952
OG0001074	2506670851	BFLDHLJO_03953
OG0001075	2506670852	BFLDHLJO_03954
OG0001076	2506670854	BFLDHLJO_03956
OG0001077	2506670858	BFLDHLJO_01514
OG0001078	2506670859	BFLDHLJO_01515
OG0001079	2506670860	BFLDHLJO_01516
OG0001080	2506670864	BFLDHLJO_00268
OG0001081	2506670870	BFLDHLJO_01521
OG0001082	2506670871	BFLDHLJO_01520
OG0001083	2506670874	BFLDHLJO_01739
OG0001084	2506670876	BFLDHLJO_01735
OG0001085	2506670880	BFLDHLJO_02237
OG0001086	2506670883	BFLDHLJO_02383
OG0001087	2506670884	BFLDHLJO_02382
OG0001088	2506670887	BFLDHLJO_01523
OG0001089	2506670888	BFLDHLJO_00290
OG0001090	2506670894	BFLDHLJO_00644
OG0001091	2506670895	BFLDHLJO_00643
OG0001092	2506670897	BFLDHLJO_00641
OG0001093	2506670898	BFLDHLJO_00640
OG0001094	2506670902	BFLDHLJO_01295
OG0001095	2506670904	BFLDHLJO_00139
OG0001096	2506670905	BFLDHLJO_00138
OG0001097	2506670910	BFLDHLJO_00137
OG0001098	2506670911	BFLDHLJO_00136
OG0001099	2506670912	BFLDHLJO_00135
OG0001100	2506670913	BFLDHLJO_00134
OG0001101	2506670914	BFLDHLJO_00133
OG0001102	2506670916	BFLDHLJO_00131
OG0001103	2506670917	BFLDHLJO_00130
OG0001104	2506670920	BFLDHLJO_00127
OG0001105	2506670921	BFLDHLJO_00126
OG0001106	2506670922	BFLDHLJO_00125
OG0001107	2506670923	BFLDHLJO_00124
OG0001108	2506670924	BFLDHLJO_00123
OG0001109	2506670925	BFLDHLJO_00122
OG0001110	2506670929	BFLDHLJO_00118
OG0001111	2506670930	BFLDHLJO_00117
OG0001112	2506670931	BFLDHLJO_00116
OG0001113	2506670932	BFLDHLJO_00115
OG0001114	2506670933	BFLDHLJO_00114
OG0001115	2506670935	BFLDHLJO_00112
OG0001116	2506670937	BFLDHLJO_00111
OG0001117	2506670938	BFLDHLJO_00110
OG0001118	2506670939	BFLDHLJO_00109
OG0001119	2506670940	BFLDHLJO_00108
OG0001120	2506670944	BFLDHLJO_00106
OG0001121	2506670945	BFLDHLJO_00105
OG0001122	2506670946	BFLDHLJO_00104
OG0001123	2506670957	BFLDHLJO_02099
OG0001124	2506670958	BFLDHLJO_02098
OG0001125	2506670962	BFLDHLJO_02246, BFLDHLJO_02245
OG0001126	2506672129, 2506670963	BFLDHLJO_02244
OG0001128	2506670975	BFLDHLJO_04075
OG0001129	2506670979	BFLDHLJO_00656
OG0001130	2506670980	BFLDHLJO_00655
OG0001131	2506672054, 2506671002	BFLDHLJO_03073
OG0001132	2506671017	BFLDHLJO_01755
OG0001133	2506671019	BFLDHLJO_03604
OG0001134	2506671020	BFLDHLJO_03605
OG0001135	2506671021	BFLDHLJO_03606
OG0001136	2506671022	BFLDHLJO_03607
OG0001137	2506671023	BFLDHLJO_03608
OG0001138	2506671025	BFLDHLJO_03610
OG0001139	2506671026	BFLDHLJO_03611
OG0001140	2506671027	BFLDHLJO_03612
OG0001141	2506671028	BFLDHLJO_03613
OG0001142	2506671029	BFLDHLJO_03614
OG0001143	2506671030	BFLDHLJO_03615
OG0001144	2506671031	BFLDHLJO_03616
OG0001145	2506671032	BFLDHLJO_03617
OG0001146	2506671033	BFLDHLJO_03618
OG0001147	2506671034	BFLDHLJO_03619
OG0001148	2506671035	BFLDHLJO_00282
OG0001149	2506671036	BFLDHLJO_03417
OG0001150	2506671038	BFLDHLJO_00021
OG0001151	2506671040	BFLDHLJO_00020
OG0001152	2506671043	BFLDHLJO_00018
OG0001153	2506671044	BFLDHLJO_00017
OG0001154	2506671053	BFLDHLJO_00009
OG0001155	2506672506, 2506671054	BFLDHLJO_00032
OG0001156	2506671058	BFLDHLJO_01177
OG0001157	2506671059	BFLDHLJO_01178
OG0001158	2506671060	BFLDHLJO_01179
OG0001159	2506671084	BFLDHLJO_00949
OG0001160	2506671085	BFLDHLJO_00950
OG0001161	2506671089	BFLDHLJO_00065
OG0001162	2506671091	BFLDHLJO_00062
OG0001163	2506671092	BFLDHLJO_00061
OG0001164	2506671094	BFLDHLJO_03002, BFLDHLJO_04069
OG0001165	2506671097	BFLDHLJO_03006
OG0001166	2506671107	BFLDHLJO_03131
OG0001167	2506671147	BFLDHLJO_03833
OG0001168	2506671151	BFLDHLJO_03836
OG0001169	2506671153	BFLDHLJO_03837
OG0001170	2506671154	BFLDHLJO_03838
OG0001171	2506671155	BFLDHLJO_03839
OG0001173	2506671158	BFLDHLJO_03841
OG0001174	2506671163	BFLDHLJO_02726
OG0001175	2506671164	BFLDHLJO_02725
OG0001176	2506671165	BFLDHLJO_02724
OG0001177	2506671171	BFLDHLJO_01600
OG0001178	2506671185	BFLDHLJO_03113
OG0001179	2506671186, 2506671661	BFLDHLJO_03788
OG0001180	2506671197	BFLDHLJO_02939
OG0001181	2506671199	BFLDHLJO_02941
OG0001182	2506671235	BFLDHLJO_03155
OG0001183	2506671236	BFLDHLJO_03154
OG0001184	2506671237	BFLDHLJO_03153
OG0001185	2506671238	BFLDHLJO_03152
OG0001186	2506671239	BFLDHLJO_03151
OG0001187	2506671242	BFLDHLJO_01846
OG0001188	2506671251	BFLDHLJO_01836
OG0001189	2506671252	BFLDHLJO_01835
OG0001190	2506671253	BFLDHLJO_01834
OG0001191	2506671254	BFLDHLJO_01833
OG0001192	2506671255	BFLDHLJO_01832
OG0001193	2506671258	BFLDHLJO_01830
OG0001194	2506671259	BFLDHLJO_01829
OG0001195	2506671261	BFLDHLJO_01827
OG0001196	2506671262	BFLDHLJO_01826
OG0001197	2506671269	BFLDHLJO_01491
OG0001198	2506671272	BFLDHLJO_02238
OG0001199	2506671276	BFLDHLJO_00256
OG0001200	2506671277	BFLDHLJO_00255
OG0001201	2506671278	BFLDHLJO_00254
OG0001202	2506671282	BFLDHLJO_02243
OG0001204	2506671287	BFLDHLJO_02248
OG0001205	2506671288	BFLDHLJO_02249
OG0001206	2506671289	BFLDHLJO_02250
OG0001207	2506671290	BFLDHLJO_02251
OG0001208	2506671291	BFLDHLJO_02252
OG0001209	2506671301	BFLDHLJO_02256
OG0001210	2506671302	BFLDHLJO_02257
OG0001211	2506671303	BFLDHLJO_02258
OG0001212	2506671305	BFLDHLJO_02260
OG0001213	2506671313	BFLDHLJO_03142
OG0001214	2506671314	BFLDHLJO_03143
OG0001215	2506671316	BFLDHLJO_04102
OG0001216	2506671317	BFLDHLJO_04101
OG0001217	2506671318	BFLDHLJO_00308
OG0001218	2506671319	BFLDHLJO_04100
OG0001219	2506671320	BFLDHLJO_04099
OG0001220	2506672467, 2506671322	BFLDHLJO_01420
OG0001221	2506671323	BFLDHLJO_04098
OG0001222	2506671324	BFLDHLJO_04097
OG0001223	2506671325	BFLDHLJO_04096
OG0001224	2506671326	BFLDHLJO_04095
OG0001225	2506671334	BFLDHLJO_02818
OG0001226	2506671340	BFLDHLJO_01490
OG0001227	2506671341	BFLDHLJO_01489
OG0001228	2506671342	BFLDHLJO_01488
OG0001229	2506671343	BFLDHLJO_01487
OG0001230	2506671344	BFLDHLJO_01486
OG0001231	2506671345, 2506671599	BFLDHLJO_02518
OG0001233	2506671359	BFLDHLJO_03434
OG0001234	2506671360	BFLDHLJO_03433
OG0001235	2506671361	BFLDHLJO_03432
OG0001236	2506671364	BFLDHLJO_03430
OG0001237	2506671365	BFLDHLJO_03429
OG0001238	2506671366	BFLDHLJO_03428
OG0001239	2506671370	BFLDHLJO_00186
OG0001240	2506671371	BFLDHLJO_00187
OG0001241	2506671372	BFLDHLJO_01210
OG0001242	2506671373	BFLDHLJO_01209
OG0001243	2506671374	BFLDHLJO_01208
OG0001244	2506671375	BFLDHLJO_01207
OG0001245	2506671398	BFLDHLJO_04111
OG0001246	2506671399	BFLDHLJO_04112
OG0001247	2506671400	BFLDHLJO_04113
OG0001248	2506671401	BFLDHLJO_04114
OG0001249	2506671419	BFLDHLJO_01867
OG0001250	2506671430	BFLDHLJO_00671
OG0001251	2506671433	BFLDHLJO_00667
OG0001252	2506671434	BFLDHLJO_01648
OG0001253	2506671435	BFLDHLJO_01649
OG0001254	2506671442	BFLDHLJO_01562
OG0001255	2506671449	BFLDHLJO_00972
OG0001256	2506671450	BFLDHLJO_00971
OG0001257	2506671451	BFLDHLJO_00970
OG0001258	2506671452	BFLDHLJO_00969
OG0001259	2506671480	BFLDHLJO_00914
OG0001261	2506671497	BFLDHLJO_02667
OG0001262	2506671532, 2506671798	BFLDHLJO_03819
OG0001263	2506671541	BFLDHLJO_00920
OG0001264	2506671554	BFLDHLJO_00176
OG0001265	2506671602	BFLDHLJO_02738
OG0001266	2506671644	BFLDHLJO_03755
OG0001267	2506671651	BFLDHLJO_01456
OG0001268	2506671652	BFLDHLJO_01455
OG0001269	2506671657	BFLDHLJO_01450
OG0001270	2506671658	BFLDHLJO_01449
OG0001271	2506671666	BFLDHLJO_03148
OG0001272	2506671667	BFLDHLJO_03147
OG0001273	2506671677	BFLDHLJO_03145
OG0001275	2506671691	BFLDHLJO_01757
OG0001276	2506671693	BFLDHLJO_03722
OG0001277	2506671707	BFLDHLJO_00773
OG0001278	2506671708	BFLDHLJO_00774
OG0001279	2506671709	BFLDHLJO_00775
OG0001280	2506671710	BFLDHLJO_00776
OG0001281	2506671715	BFLDHLJO_00779
OG0001282	2506671716	BFLDHLJO_00780
OG0001283	2506671718	BFLDHLJO_01895
OG0001284	2506671719	BFLDHLJO_01894
OG0001285	2506671720	BFLDHLJO_01893
OG0001286	2506671722	BFLDHLJO_01891
OG0001287	2506671723	BFLDHLJO_01889
OG0001288	2506671724	BFLDHLJO_01888
OG0001289	2506671725	BFLDHLJO_01887
OG0001290	2506671727	BFLDHLJO_01169
OG0001291	2506671730	BFLDHLJO_01880
OG0001292	2506671738	BFLDHLJO_02166
OG0001293	2506671745	BFLDHLJO_02968
OG0001294	2506671747	BFLDHLJO_00654
OG0001295	2506671751	BFLDHLJO_03079
OG0001296	2506671752	BFLDHLJO_03078
OG0001297	2506671753	BFLDHLJO_03077
OG0001298	2506671754	BFLDHLJO_03075
OG0001299	2506671757	BFLDHLJO_02144
OG0001300	2506671764	BFLDHLJO_01616
OG0001301	2506671783	BFLDHLJO_01859
OG0001302	2506671800	BFLDHLJO_01947
OG0001303	2506671801	BFLDHLJO_01192
OG0001304	2506671804	BFLDHLJO_01195
OG0001305	2506671805	BFLDHLJO_01196
OG0001306	2506671807	BFLDHLJO_01198
OG0001307	2506671809	BFLDHLJO_01201
OG0001308	2506671811	BFLDHLJO_01903
OG0001309	2506671831	BFLDHLJO_03422
OG0001310	2506671832	BFLDHLJO_03423
OG0001311	2506671833	BFLDHLJO_03424
OG0001312	2506671834	BFLDHLJO_03425
OG0001313	2506671851	BFLDHLJO_02704
OG0001315	2506671861	BFLDHLJO_02076
OG0001316	2506671864	BFLDHLJO_02083
OG0001317	2506671865	BFLDHLJO_02084
OG0001318	2506671866	BFLDHLJO_02085
OG0001319	2506671870	BFLDHLJO_00892
OG0001320	2506671871	BFLDHLJO_01929
OG0001321	2506671873	BFLDHLJO_02088
OG0001323	2506671884	BFLDHLJO_03418
OG0001324	2506671885	BFLDHLJO_01113
OG0001325	2506671886	BFLDHLJO_01112
OG0001326	2506671889	BFLDHLJO_01429
OG0001327	2506671891	BFLDHLJO_01427
OG0001328	2506671892	BFLDHLJO_01426
OG0001329	2506671893	BFLDHLJO_01425
OG0001330	2506671897	BFLDHLJO_01423
OG0001331	2506671898	BFLDHLJO_01422
OG0001332	2506671899	BFLDHLJO_03797
OG0001333	2506671914	BFLDHLJO_03128
OG0001334	2506671915	BFLDHLJO_03129
OG0001335	2506671916	BFLDHLJO_03130
OG0001336	2506671919	BFLDHLJO_03134
OG0001337	2506671920	BFLDHLJO_03135
OG0001338	2506671921	BFLDHLJO_03136
OG0001339	2506671922	BFLDHLJO_03137
OG0001340	2506671924	BFLDHLJO_03140
OG0001341	2506671925	BFLDHLJO_03141
OG0001342	2506671928	BFLDHLJO_01918
OG0001343	2506671929	BFLDHLJO_01919
OG0001344	2506671930	BFLDHLJO_01920
OG0001345	2506671931	BFLDHLJO_01921
OG0001346	2506671932	BFLDHLJO_01922
OG0001347	2506671934	BFLDHLJO_01924
OG0001348	2506671935	BFLDHLJO_01925
OG0001349	2506671936	BFLDHLJO_02795
OG0001350	2506671937	BFLDHLJO_02796
OG0001351	2506671938	BFLDHLJO_02797
OG0001352	2506671939	BFLDHLJO_02798
OG0001353	2506671949	BFLDHLJO_02807
OG0001354	2506671956	BFLDHLJO_03541
OG0001355	2506671957	BFLDHLJO_00951
OG0001356	2506671961	BFLDHLJO_03540
OG0001357	2506671962	BFLDHLJO_03539
OG0001358	2506671963	BFLDHLJO_03538
OG0001359	2506671965	BFLDHLJO_03528
OG0001360	2506671968	BFLDHLJO_03526
OG0001361	2506671970	BFLDHLJO_03524
OG0001362	2506671971	BFLDHLJO_03523
OG0001363	2506671978	BFLDHLJO_03521
OG0001364	2506671987	BFLDHLJO_03519
OG0001365	2506671989	BFLDHLJO_03518
OG0001366	2506671995	BFLDHLJO_02564
OG0001367	2506671996	BFLDHLJO_02565
OG0001368	2506671997	BFLDHLJO_02566
OG0001369	2506671999	BFLDHLJO_02568
OG0001370	2506672000	BFLDHLJO_02569
OG0001371	2506672001	BFLDHLJO_02570
OG0001372	2506672002	BFLDHLJO_02571
OG0001373	2506672003	BFLDHLJO_02572
OG0001374	2506672005	BFLDHLJO_02574
OG0001375	2506672011	BFLDHLJO_02578
OG0001376	2506672017	BFLDHLJO_00587
OG0001377	2506672034	BFLDHLJO_00941
OG0001378	2506672040	BFLDHLJO_01630
OG0001379	2506672041	BFLDHLJO_01744
OG0001380	2506672042	BFLDHLJO_01743
OG0001381	2506672045	BFLDHLJO_01742
OG0001382	2506672046	BFLDHLJO_01741
OG0001383	2506672047	BFLDHLJO_01740
OG0001384	2506672060	BFLDHLJO_00906
OG0001385	2506672068	BFLDHLJO_04016
OG0001386	2506672478, 2506672105	BFLDHLJO_01697
OG0001387	2506672107	BFLDHLJO_00880
OG0001388	2506672108	BFLDHLJO_00879
OG0001389	2506672112	BFLDHLJO_00877
OG0001390	2506672114	BFLDHLJO_00875
OG0001391	2506672145	BFLDHLJO_00874
OG0001392	2506672146	BFLDHLJO_00873
OG0001393	2506672147	BFLDHLJO_00872
OG0001394	2506672148	BFLDHLJO_00871
OG0001395	2506672153	BFLDHLJO_01732
OG0001396	2506672155	BFLDHLJO_00244
OG0001397	2506672156	BFLDHLJO_00238
OG0001398	2506672158	BFLDHLJO_00236
OG0001399	2506672159	BFLDHLJO_00235
OG0001400	2506672165	BFLDHLJO_00230
OG0001401	2506672181	BFLDHLJO_01239
OG0001402	2506672183	BFLDHLJO_01237
OG0001403	2506672187	BFLDHLJO_01232
OG0001404	2506672188	BFLDHLJO_01231
OG0001405	2506672189	BFLDHLJO_01230
OG0001406	2506672191	BFLDHLJO_01229
OG0001407	2506672192	BFLDHLJO_01228
OG0001408	2506672193	BFLDHLJO_01227
OG0001409	2506672194	BFLDHLJO_01226
OG0001410	2506672195	BFLDHLJO_01225
OG0001411	2506672196	BFLDHLJO_01224
OG0001412	2506672197	BFLDHLJO_01223
OG0001413	2506672198	BFLDHLJO_01222
OG0001414	2506672199	BFLDHLJO_01221
OG0001415	2506672200	BFLDHLJO_01220
OG0001416	2506672201	BFLDHLJO_01219
OG0001417	2506672224	BFLDHLJO_00400
OG0001418	2506672225	BFLDHLJO_00399
OG0001420	2506672231	BFLDHLJO_00395
OG0001421	2506672232	BFLDHLJO_00394
OG0001422	2506672233	BFLDHLJO_00393
OG0001423	2506672234	BFLDHLJO_00392
OG0001424	2506672238	BFLDHLJO_00391
OG0001425	2506672239	BFLDHLJO_00390
OG0001426	2506672240	BFLDHLJO_00389
OG0001427	2506672241	BFLDHLJO_00388
OG0001428	2506672243	BFLDHLJO_00077
OG0001429	2506672244	BFLDHLJO_00076
OG0001430	2506672245	BFLDHLJO_00075
OG0001431	2506672247	BFLDHLJO_00074
OG0001432	2506672249	BFLDHLJO_00072
OG0001433	2506672251	BFLDHLJO_00070
OG0001434	2506672254	BFLDHLJO_00067
OG0001435	2506672255	BFLDHLJO_00066
OG0001436	2506672256	BFLDHLJO_03972
OG0001437	2506672257	BFLDHLJO_00033
OG0001438	2506672259	BFLDHLJO_00035
OG0001439	2506672260	BFLDHLJO_00036
OG0001440	2506672261	BFLDHLJO_00037
OG0001441	2506672262	BFLDHLJO_00038
OG0001442	2506672263	BFLDHLJO_00039
OG0001443	2506672264	BFLDHLJO_00040
OG0001444	2506672265	BFLDHLJO_00041
OG0001445	2506672266	BFLDHLJO_00042
OG0001446	2506672267	BFLDHLJO_00043
OG0001447	2506672268	BFLDHLJO_00044
OG0001448	2506672270	BFLDHLJO_00046
OG0001449	2506672271	BFLDHLJO_00047
OG0001450	2506672272	BFLDHLJO_00048
OG0001451	2506672273	BFLDHLJO_00049
OG0001452	2506672278	BFLDHLJO_01969
OG0001453	2506672279	BFLDHLJO_01968
OG0001454	2506672280	BFLDHLJO_01967
OG0001455	2506672282	BFLDHLJO_01965
OG0001456	2506672283	BFLDHLJO_01963
OG0001457	2506672308	BFLDHLJO_03159
OG0001458	2506672314	BFLDHLJO_01507
OG0001459	2506672315	BFLDHLJO_01506
OG0001460	2506672327	BFLDHLJO_03846
OG0001461	2506672328	BFLDHLJO_03845
OG0001462	2506672332	BFLDHLJO_03102
OG0001463	2506672333	BFLDHLJO_03103
OG0001464	2506672360	BFLDHLJO_03487
OG0001465	2506672361	BFLDHLJO_03488
OG0001466	2506672364	BFLDHLJO_03491
OG0001467	2506672365	BFLDHLJO_03492
OG0001468	2506672366	BFLDHLJO_03493
OG0001469	2506672367	BFLDHLJO_03494
OG0001470	2506672368	BFLDHLJO_03495
OG0001471	2506672369	BFLDHLJO_03496
OG0001472	2506672372	BFLDHLJO_03499
OG0001473	2506672373	BFLDHLJO_03500
OG0001474	2506672374	BFLDHLJO_03501
OG0001475	2506672375	BFLDHLJO_03502
OG0001476	2506672376	BFLDHLJO_03503
OG0001477	2506672377	BFLDHLJO_03504
OG0001478	2506672378	BFLDHLJO_03505
OG0001479	2506672379	BFLDHLJO_03506
OG0001480	2506672380	BFLDHLJO_03507
OG0001481	2506672381	BFLDHLJO_03508
OG0001482	2506672382	BFLDHLJO_03509
OG0001483	2506672383	BFLDHLJO_03510
OG0001484	2506672384	BFLDHLJO_03511
OG0001485	2506672385	BFLDHLJO_03512
OG0001486	2506672386	BFLDHLJO_03514
OG0001487	2506672387	BFLDHLJO_03515
OG0001488	2506672388	BFLDHLJO_03516
OG0001489	2506672389	BFLDHLJO_02003
OG0001490	2506672390	BFLDHLJO_02002
OG0001491	2506672391	BFLDHLJO_02001
OG0001492	2506672392	BFLDHLJO_02000
OG0001493	2506672394	BFLDHLJO_01998
OG0001494	2506672395	BFLDHLJO_01997
OG0001495	2506672396	BFLDHLJO_01996
OG0001496	2506672397	BFLDHLJO_01995
OG0001497	2506672398	BFLDHLJO_01993
OG0001498	2506672399	BFLDHLJO_01992
OG0001499	2506672400	BFLDHLJO_01991
OG0001500	2506672402	BFLDHLJO_02267
OG0001501	2506672403	BFLDHLJO_02268
OG0001502	2506672405	BFLDHLJO_02270
OG0001503	2506672406	BFLDHLJO_02271
OG0001504	2506672407	BFLDHLJO_02272
OG0001505	2506672698, 2506672419	BFLDHLJO_02394
OG0001506	2506672424	BFLDHLJO_01904
OG0001507	2506672446	BFLDHLJO_02129
OG0001508	2506672449	BFLDHLJO_02128
OG0001509	2506672450	BFLDHLJO_02127
OG0001510	2506672451	BFLDHLJO_02126
OG0001511	2506672454	BFLDHLJO_02123
OG0001512	2506672455	BFLDHLJO_02122
OG0001513	2506672460	BFLDHLJO_02311
OG0001514	2506672466	BFLDHLJO_01069
OG0001515	2506672473	BFLDHLJO_01701
OG0001516	2506672475	BFLDHLJO_01699
OG0001517	2506672476	BFLDHLJO_01698
OG0001518	2506672482	BFLDHLJO_01692
OG0001519	2506672483	BFLDHLJO_03542
OG0001520	2506672486	BFLDHLJO_03545
OG0001521	2506672487	BFLDHLJO_03546
OG0001522	2506672488	BFLDHLJO_02547
OG0001523	2506672492	BFLDHLJO_04150
OG0001524	2506672493	BFLDHLJO_02224
OG0001525	2506672494	BFLDHLJO_02223
OG0001526	2506672496	BFLDHLJO_02286
OG0001527	2506672497	BFLDHLJO_02285
OG0001528	2506672498	BFLDHLJO_00430
OG0001529	2506672499	BFLDHLJO_00429
OG0001530	2506672504	BFLDHLJO_00577
OG0001531	2506672514	BFLDHLJO_02395
OG0001532	2506672516	BFLDHLJO_02763
OG0001533	2506672526	BFLDHLJO_02760
OG0001534	2506672527	BFLDHLJO_02953
OG0001535	2506672529	BFLDHLJO_01954
OG0001536	2506672530	BFLDHLJO_01955
OG0001537	2506672532	BFLDHLJO_03809, BFLDHLJO_01957
OG0001538	2506672535	BFLDHLJO_03806
OG0001539	2506672536	BFLDHLJO_03805
OG0001540	2506672540	BFLDHLJO_02109
OG0001541	2506672542	BFLDHLJO_02111
OG0001542	2506672543	BFLDHLJO_02112
OG0001543	2506672546	BFLDHLJO_01055
OG0001544	2506672547	BFLDHLJO_00283
OG0001545	2506672548	BFLDHLJO_03367
OG0001546	2506672550	BFLDHLJO_03401
OG0001547	2506672551	BFLDHLJO_03402
OG0001548	2506672554	BFLDHLJO_03405
OG0001549	2506672556	BFLDHLJO_03407
OG0001550	2506672558	BFLDHLJO_03409
OG0001551	2506672559	BFLDHLJO_01635
OG0001552	2506672562	BFLDHLJO_01638
OG0001553	2506672563	BFLDHLJO_01639
OG0001554	2506672565	BFLDHLJO_01641
OG0001555	2506672566	BFLDHLJO_01642
OG0001556	2506672569	BFLDHLJO_02993
OG0001557	2506672572	BFLDHLJO_02992
OG0001558	2506672579	BFLDHLJO_03799
OG0001559	2506672581	BFLDHLJO_03292
OG0001560	2506672591	BFLDHLJO_03289
OG0001561	2506672599	BFLDHLJO_02829
OG0001562	2506672631	BFLDHLJO_02815
OG0001563	2506672632	BFLDHLJO_02814
OG0001565	2506672634	BFLDHLJO_02813
OG0001566	2506672636	BFLDHLJO_02812
OG0001567	2506672639	BFLDHLJO_02811
OG0001568	2506672654	BFLDHLJO_00583
OG0001569	2506672655	BFLDHLJO_00582
OG0001570	2506672669	BFLDHLJO_04076
OG0001571	2506672670	BFLDHLJO_00387
OG0001572	2506672672	BFLDHLJO_00198
OG0001573	2506672675	BFLDHLJO_03622
OG0001574	2506672676	BFLDHLJO_03623
OG0001575	2506672677	BFLDHLJO_03624
OG0001576	2506672678	BFLDHLJO_03625
OG0001577	2506672679	BFLDHLJO_03626
OG0001578	2506672680	BFLDHLJO_03627
OG0001579	2506672681	BFLDHLJO_03628
OG0001580	2506672682	BFLDHLJO_03629
OG0001581	2506672683	BFLDHLJO_03630
OG0001582	2506672684	BFLDHLJO_03631
OG0001583	2506672685	BFLDHLJO_03632
OG0001584	2506672687	BFLDHLJO_02544
OG0001585	2506672689	BFLDHLJO_00454
OG0001586	2506672690	BFLDHLJO_00456
OG0001587	2506672691	BFLDHLJO_00457
OG0001588	2506672692	BFLDHLJO_00458
OG0001589	2506672695	BFLDHLJO_00461
OG0001590	2506672699	BFLDHLJO_02393
OG0001665	2506669348	BFLDHLJO_03977, BFLDHLJO_03986, BFLDHLJO_03850
OG0001666	2506669358	BFLDHLJO_02065
OG0001667	2506669359	BFLDHLJO_02066
OG0001668	2506669365	BFLDHLJO_01022
OG0001669	2506669384	BFLDHLJO_00083
OG0001670	2506669392	BFLDHLJO_01519
OG0001671	2506669396	BFLDHLJO_03310
OG0001672	2506669416	BFLDHLJO_02050
OG0001673	2506669449	BFLDHLJO_02168
OG0001674	2506669470	BFLDHLJO_02583
OG0001677	2506669493	BFLDHLJO_03892
OG0001678	2506669510	BFLDHLJO_03758
OG0001679	2506669521	BFLDHLJO_03767
OG0001680	2506669522	BFLDHLJO_03768
OG0001681	2506669523	BFLDHLJO_03769
OG0001682	2506669585	BFLDHLJO_03733
OG0001683	2506669586	BFLDHLJO_03734
OG0001684	2506669587	BFLDHLJO_03735
OG0001685	2506669588	BFLDHLJO_03736
OG0001686	2506669595	BFLDHLJO_03044
OG0001687	2506669600	BFLDHLJO_03737
OG0001688	2506669604	BFLDHLJO_03740
OG0001689	2506669605	BFLDHLJO_03741
OG0001690	2506669606	BFLDHLJO_03742
OG0001691	2506669615	BFLDHLJO_00652
OG0001692	2506669626	BFLDHLJO_01377
OG0001693	2506669637	BFLDHLJO_01054
OG0001695	2506669699	BFLDHLJO_01058
OG0001696	2506669712	BFLDHLJO_01482
OG0001697	2506669713	BFLDHLJO_01481
OG0001698	2506669714	BFLDHLJO_01480
OG0001699	2506669716	BFLDHLJO_01479
OG0001700	2506669719	BFLDHLJO_01472
OG0001701	2506669723	BFLDHLJO_00753
OG0001702	2506669735	BFLDHLJO_03703
OG0001703	2506669778	BFLDHLJO_03638
OG0001704	2506669779	BFLDHLJO_03637
OG0001705	2506669790	BFLDHLJO_01307
OG0001707	2506669798	BFLDHLJO_03238
OG0001708	2506669813	BFLDHLJO_01603
OG0001709	2506669815	BFLDHLJO_01595
OG0001710	2506669829	BFLDHLJO_01927
OG0001711	2506669831	BFLDHLJO_00924
OG0001712	2506669841	BFLDHLJO_01010
OG0001713	2506669846	BFLDHLJO_00602
OG0001714	2506669849	BFLDHLJO_01008
OG0001715	2506669852	BFLDHLJO_01007
OG0001716	2506669853	BFLDHLJO_01572
OG0001717	2506669854	BFLDHLJO_01816
OG0001718	2506669855	BFLDHLJO_01817
OG0001719	2506669856	BFLDHLJO_01818
OG0001720	2506669859	BFLDHLJO_03344
OG0001721	2506669905, 2506671883	BFLDHLJO_00448
OG0001723	2506669923	BFLDHLJO_04103
OG0001724	2506669930, 2506672583	BFLDHLJO_02670
OG0001725	2506669935	BFLDHLJO_03482
OG0001726	2506669947	BFLDHLJO_00632
OG0001727	2506669973	BFLDHLJO_00334
OG0001728	2506669974	BFLDHLJO_00335
OG0001729	2506669976	BFLDHLJO_00337
OG0001730	2506669987	BFLDHLJO_00601
OG0001731	2506670005	BFLDHLJO_02282
OG0001737	2506670047	BFLDHLJO_00621
OG0001738	2506670053	BFLDHLJO_01462
OG0001749	2506670085	BFLDHLJO_02309
OG0001750	2506670094	BFLDHLJO_04153
OG0001751	2506670097	BFLDHLJO_00409
OG0001752	2506670100	BFLDHLJO_00405
OG0001753	2506670109	BFLDHLJO_03938
OG0001754	2506670112	BFLDHLJO_03929
OG0001755	2506670126	BFLDHLJO_01378
OG0001756	2506670128	BFLDHLJO_01388
OG0001757	2506670131	BFLDHLJO_01384
OG0001759	2506670137	BFLDHLJO_02789
OG0001767	2506670177	BFLDHLJO_02493
OG0001768	2506670189	BFLDHLJO_02507
OG0001769	2506670195	BFLDHLJO_02624
OG0001770	2506670200	BFLDHLJO_02318
OG0001774	2506670225	BFLDHLJO_00507
OG0001783	2506670277	BFLDHLJO_01184
OG0001784	2506670279	BFLDHLJO_00203
OG0001785	2506670283	BFLDHLJO_04010
OG0001788	2506670342	BFLDHLJO_02821
OG0001789	2506670345	BFLDHLJO_01465
OG0001790	2506670355	BFLDHLJO_01309
OG0001791	2506670359	BFLDHLJO_00579
OG0001792	2506670363	BFLDHLJO_04009
OG0001794	2506670382	BFLDHLJO_02721
OG0001795	2506670386	BFLDHLJO_00204
OG0001796	2506670392	BFLDHLJO_00631
OG0001797	2506670393	BFLDHLJO_00630
OG0001798	2506670394	BFLDHLJO_00629
OG0001799	2506670395	BFLDHLJO_00628
OG0001801	2506670407	BFLDHLJO_00784
OG0001802	2506670466	BFLDHLJO_01535
OG0001803	2506670473	BFLDHLJO_01542
OG0001804	2506670474	BFLDHLJO_01543
OG0001805	2506670488	BFLDHLJO_01556
OG0001807	2506670506	BFLDHLJO_00079
OG0001810	2506670560	BFLDHLJO_01418
OG0001812	2506670621	BFLDHLJO_01970
OG0001813	2506670627	BFLDHLJO_03282
OG0001814	2506670633	BFLDHLJO_03278
OG0001815	2506670640	BFLDHLJO_03343
OG0001816	2506670642	BFLDHLJO_01751
OG0001817	2506672477, 2506671598, 2506670687, 2506671793	BFLDHLJO_02994
OG0001819	2506670712	BFLDHLJO_01185
OG0001820	2506670713	BFLDHLJO_01186
OG0001821	2506670725	BFLDHLJO_03062
OG0001822	2506670741	BFLDHLJO_00962
OG0001823	2506670762	BFLDHLJO_00984
OG0001824	2506670763	BFLDHLJO_00985
OG0001825	2506670764	BFLDHLJO_00986
OG0001826	2506670765	BFLDHLJO_00987
OG0001827	2506670774	BFLDHLJO_00996
OG0001828	2506670804	BFLDHLJO_00908
OG0001829	2506670842	BFLDHLJO_00434
OG0001830	2506670857	BFLDHLJO_00056
OG0001831	2506670877	BFLDHLJO_01734
OG0001832	2506670881	BFLDHLJO_02385
OG0001833	2506670892	BFLDHLJO_00651
OG0001834	2506670896	BFLDHLJO_00642
OG0001836	2506670915	BFLDHLJO_00132
OG0001837	2506670919	BFLDHLJO_04155
OG0001838	2506670926	BFLDHLJO_00121
OG0001839	2506670927	BFLDHLJO_00120
OG0001840	2506670928	BFLDHLJO_00119
OG0001841	2506670950	BFLDHLJO_00101
OG0001842	2506670954	BFLDHLJO_00096
OG0001846	2506670996	BFLDHLJO_03315
OG0001852	2506671014	BFLDHLJO_02068
OG0001853	2506671024	BFLDHLJO_03609
OG0001854	2506671039	BFLDHLJO_03468, BFLDHLJO_02173
OG0001855	2506671042	BFLDHLJO_00019
OG0001856	2506671049	BFLDHLJO_00013
OG0001857	2506671050	BFLDHLJO_00012
OG0001858	2506671052	BFLDHLJO_00010
OG0001859	2506671093	BFLDHLJO_03001
OG0001860	2506671125	BFLDHLJO_00954
OG0001861	2506671159	BFLDHLJO_02727
OG0001862	2506671170, 2506671750	BFLDHLJO_03356
OG0001863	2506671189	BFLDHLJO_02913
OG0001864	2506671200	BFLDHLJO_02942
OG0001865	2506671243	BFLDHLJO_01845
OG0001866	2506671244	BFLDHLJO_01844
OG0001867	2506671245	BFLDHLJO_01842
OG0001868	2506671246	BFLDHLJO_01841
OG0001869	2506671247	BFLDHLJO_01840
OG0001870	2506671248	BFLDHLJO_01839
OG0001871	2506671249	BFLDHLJO_01838
OG0001872	2506671257	BFLDHLJO_01831
OG0001873	2506671279	BFLDHLJO_00253
OG0001875	2506671328	BFLDHLJO_04094
OG0001883	2506671358	BFLDHLJO_03435
OG0001884	2506671363	BFLDHLJO_03431
OG0001886	2506671402	BFLDHLJO_00307
OG0001888	2506671431	BFLDHLJO_00669
OG0001889	2506671457	BFLDHLJO_01964
OG0001891	2506671503	BFLDHLJO_03051
OG0001893	2506671561	BFLDHLJO_03561
OG0001895	2506671600	BFLDHLJO_02519
OG0001897	2506671650	BFLDHLJO_03750
OG0001898	2506671653	BFLDHLJO_01454
OG0001899	2506671655	BFLDHLJO_01452
OG0001900	2506671656	BFLDHLJO_01451
OG0001901	2506671664	BFLDHLJO_04036, BFLDHLJO_03322
OG0001902	2506671698	BFLDHLJO_01749
OG0001903	2506671713	BFLDHLJO_00777
OG0001904	2506671732	BFLDHLJO_01879
OG0001905	2506671733	BFLDHLJO_01878
OG0001906	2506671741	BFLDHLJO_02162
OG0001907	2506671742	BFLDHLJO_02161
OG0001910	2506671788	BFLDHLJO_01397, BFLDHLJO_04041
OG0001911	2506671797	BFLDHLJO_01948
OG0001912	2506671830	BFLDHLJO_03421
OG0001913	2506671844	BFLDHLJO_03426
OG0001914	2506671890	BFLDHLJO_01428
OG0001915	2506671913	BFLDHLJO_03911
OG0001916	2506671927	BFLDHLJO_01917
OG0001917	2506671966	BFLDHLJO_00410
OG0001918	2506671974	BFLDHLJO_00769
OG0001919	2506671979	BFLDHLJO_03777
OG0001920	2506671981	BFLDHLJO_02182
OG0001921	2506671984	BFLDHLJO_02604, BFLDHLJO_04120
OG0001922	2506672006	BFLDHLJO_02575
OG0001923	2506672018	BFLDHLJO_01849
OG0001924	2506672025	BFLDHLJO_02386
OG0001928	2506672058	BFLDHLJO_00904
OG0001929	2506672061	BFLDHLJO_00907
OG0001930	2506672066	BFLDHLJO_01081, BFLDHLJO_02559
OG0001931	2506672157	BFLDHLJO_00237
OG0001932	2506672185	BFLDHLJO_02154, BFLDHLJO_01234
OG0001933	2506672242	BFLDHLJO_02345
OG0001934	2506672250	BFLDHLJO_00071
OG0001935	2506672269	BFLDHLJO_00045
OG0001936	2506672281	BFLDHLJO_01966
OG0001937	2506672303	BFLDHLJO_00765
OG0001938	2506672331	BFLDHLJO_03101
OG0001939	2506672393	BFLDHLJO_01999
OG0001940	2506672444	BFLDHLJO_02131
OG0001941	2506672453	BFLDHLJO_02124
OG0001942	2506672456	BFLDHLJO_00103
OG0001943	2506672457	BFLDHLJO_02314
OG0001944	2506672471	BFLDHLJO_01049
OG0001945	2506672474	BFLDHLJO_01700
OG0001946	2506672479	BFLDHLJO_01695
OG0001948	2506672502	BFLDHLJO_02563
OG0001949	2506672531	BFLDHLJO_01956
OG0001950	2506672534	BFLDHLJO_03807
OG0001951	2506672575	BFLDHLJO_03889
OG0001952	2506672577	BFLDHLJO_03887
OG0001953	2506672638	BFLDHLJO_01218
OG0001954	2506672640	BFLDHLJO_03717
OG0001955	2506672693	BFLDHLJO_00459
OG0002124	2506669487	BFLDHLJO_02548
OG0002125	2506669607	BFLDHLJO_03743
OG0002126	2506669628	BFLDHLJO_01374
OG0002127	2506669646	BFLDHLJO_01140
OG0002128	2506669656	BFLDHLJO_02633, BFLDHLJO_00797
OG0002129	2506669702	BFLDHLJO_01138
OG0002130	2506669752	BFLDHLJO_00084
OG0002131	2506669753	BFLDHLJO_00085
OG0002132	2506669812	BFLDHLJO_02581
OG0002133	2506669833	BFLDHLJO_01593
OG0002134	2506669847	BFLDHLJO_00603
OG0002136	2506669871	BFLDHLJO_01575
OG0002137	2506669872	BFLDHLJO_02397
OG0002138	2506669980	BFLDHLJO_00852
OG0002139	2506669986	BFLDHLJO_02720
OG0002142	2506670098	BFLDHLJO_00408
OG0002143	2506670111	BFLDHLJO_03930
OG0002144	2506670125	BFLDHLJO_01673
OG0002145	2506670129	BFLDHLJO_01387
OG0002147	2506670161	BFLDHLJO_02477
OG0002150	2506670281	BFLDHLJO_02910
OG0002151	2506670346	BFLDHLJO_01618
OG0002153	2506670385	BFLDHLJO_02376
OG0002155	2506670388	BFLDHLJO_04011
OG0002157	2506670430	BFLDHLJO_00095
OG0002158	2506670469	BFLDHLJO_01538
OG0002160	2506670493	BFLDHLJO_01187
OG0002163	2506670541	BFLDHLJO_02401
OG0002165	2506670559	BFLDHLJO_01320
OG0002173	2506670629	BFLDHLJO_03279
OG0002174	2506670656	BFLDHLJO_03352
OG0002175	2506670711	BFLDHLJO_01625
OG0002176	2506670799	BFLDHLJO_01568
OG0002177	2506670809	BFLDHLJO_01623
OG0002178	2506670861	BFLDHLJO_01151
OG0002180	2506670889	BFLDHLJO_00646
OG0002186	2506671131	BFLDHLJO_01155
OG0002188	2506671184, 2506671663	BFLDHLJO_03114
OG0002189	2506671187	BFLDHLJO_02911
OG0002190	2506671188	BFLDHLJO_02912
OG0002191	2506671191	BFLDHLJO_02915
OG0002192	2506671193	BFLDHLJO_02917
OG0002193	2506671196	BFLDHLJO_02920
OG0002194	2506671201	BFLDHLJO_02943
OG0002195	2506671202	BFLDHLJO_02944
OG0002196	2506671203	BFLDHLJO_02945
OG0002197	2506671204	BFLDHLJO_02946
OG0002198	2506671205	BFLDHLJO_02947
OG0002199	2506671208	BFLDHLJO_01268, BFLDHLJO_00635
OG0002200	2506671210	BFLDHLJO_03250, BFLDHLJO_02921
OG0002201	2506671211	BFLDHLJO_02922
OG0002202	2506671212	BFLDHLJO_02923
OG0002203	2506671213	BFLDHLJO_02924
OG0002206	2506671241	BFLDHLJO_01365, BFLDHLJO_01364
OG0002211	2506671383	BFLDHLJO_01403
OG0002212	2506671385	BFLDHLJO_01409
OG0002213	2506671404	BFLDHLJO_00189, BFLDHLJO_00188
OG0002214	2506671406	BFLDHLJO_01805
OG0002215	2506671407	BFLDHLJO_01804
OG0002217	2506671551	BFLDHLJO_01622
OG0002219	2506671605	BFLDHLJO_03939
OG0002221	2506671611	BFLDHLJO_01394, BFLDHLJO_04042
OG0002222	2506671634	BFLDHLJO_02337
OG0002225	2506671660	BFLDHLJO_03796
OG0002226	2506671679	BFLDHLJO_00031
OG0002227	2506671680	BFLDHLJO_00030
OG0002231	2506671770	BFLDHLJO_03065
OG0002233	2506671810	BFLDHLJO_01902
OG0002239	2506671960	BFLDHLJO_03720
OG0002241	2506672012	BFLDHLJO_02584
OG0002244	2506672062	BFLDHLJO_02560
OG0002246	2506672075	BFLDHLJO_00922
OG0002249	2506672313	BFLDHLJO_01508
OG0002250	2506672317	BFLDHLJO_02320
OG0002252	2506672445	BFLDHLJO_02130
OG0002253	2506672524	BFLDHLJO_02761
OG0002254	2506672553	BFLDHLJO_03404
OG0002255	2506672576	BFLDHLJO_03888
OG0002256	2506672578	BFLDHLJO_03886
OG0002258	2506672620	BFLDHLJO_02423
OG0002259	2506672656	BFLDHLJO_00581
OG0002260	2506672716	BFLDHLJO_02323, BFLDHLJO_02691
OG0002535	2506669390	BFLDHLJO_02741
OG0002540	2506669494	BFLDHLJO_03893
OG0002546	2506669658	BFLDHLJO_04027
OG0002547	2506669684	BFLDHLJO_01213
OG0002550	2506669848	BFLDHLJO_00417
OG0002554	2506670086	BFLDHLJO_02308
OG0002555	2506672237, 2506670104	BFLDHLJO_00901
OG0002556	2506670114	BFLDHLJO_01691
OG0002557	2506670231	BFLDHLJO_01241
OG0002559	2506670295	BFLDHLJO_00928
OG0002561	2506670341	BFLDHLJO_02522
OG0002562	2506670349	BFLDHLJO_03578, BFLDHLJO_04033
OG0002566	2506670722	BFLDHLJO_01792
OG0002567	2506670724	BFLDHLJO_00837
OG0002569	2506670737	BFLDHLJO_04004
OG0002570	2506670790	BFLDHLJO_03369
OG0002571	2506670890	BFLDHLJO_00649
OG0002572	2506670891	BFLDHLJO_00650
OG0002576	2506671088	BFLDHLJO_00191
OG0002579	2506671138	BFLDHLJO_01319
OG0002580	2506671183	BFLDHLJO_01265
OG0002581	2506671195	BFLDHLJO_02919
OG0002584	2506671230	BFLDHLJO_03844
OG0002585	2506671284	BFLDHLJO_01581
OG0002586	2506671378	BFLDHLJO_02707
OG0002588	2506671511	BFLDHLJO_00153
OG0002589	2506671539	BFLDHLJO_03696
OG0002590	2506671640, 2506671555	BFLDHLJO_00177
OG0002591	2506671566	BFLDHLJO_02756
OG0002592	2506671575	BFLDHLJO_03193
OG0002596	2506671736	BFLDHLJO_00211
OG0002597	2506671768	BFLDHLJO_03066
OG0002599	2506671872	BFLDHLJO_03049
OG0002600	2506671879	BFLDHLJO_02413
OG0002602	2506671953	BFLDHLJO_01689
OG0002603	2506671954	BFLDHLJO_01690
OG0002604	2506672007	BFLDHLJO_01580
OG0002605	2506672099	BFLDHLJO_03314
OG0002607	2506672152	BFLDHLJO_04179
OG0002608	2506672286	BFLDHLJO_02529
OG0002611	2506672345	BFLDHLJO_00729
OG0002613	2506672423	BFLDHLJO_03475
OG0002615	2506672442	BFLDHLJO_04019
OG0002616	2506672587	BFLDHLJO_03291
OG0002617	2506672619	BFLDHLJO_03746
OG0002621	2506672660	BFLDHLJO_00853
OG0002850	2506669367, 2506672626	BFLDHLJO_01911
OG0002851	2506669408	BFLDHLJO_02014
OG0002855	2506669519	BFLDHLJO_02826
OG0002856	2506669530	BFLDHLJO_03778
OG0002857	2506669538	BFLDHLJO_03756
OG0002860	2506669642	BFLDHLJO_00288
OG0002861	2506669644	BFLDHLJO_01419
OG0002866	2506669877	BFLDHLJO_03712
OG0002870	2506669981	BFLDHLJO_00846
OG0002871	2506670013	BFLDHLJO_01362
OG0002872	2506670015	BFLDHLJO_01129
OG0002880	2506670340	BFLDHLJO_02875
OG0002881	2506670348	BFLDHLJO_03579
OG0002890	2506670495, 2506671622	BFLDHLJO_03447
OG0002894	2506670738	BFLDHLJO_02227, BFLDHLJO_04003
OG0002895	2506670795	BFLDHLJO_01564
OG0002896	2506670796	BFLDHLJO_01565
OG0002897	2506670797	BFLDHLJO_01566
OG0002898	2506670798	BFLDHLJO_01567
OG0002899	2506670803	BFLDHLJO_03532
OG0002900	2506670813	BFLDHLJO_02679
OG0002901	2506670875	BFLDHLJO_01738
OG0002902	2506670879	BFLDHLJO_04180
OG0002903	2506670948	BFLDHLJO_00847
OG0002921	2506671157	BFLDHLJO_03840
OG0002930	2506671565	BFLDHLJO_02757
OG0002934	2506671767	BFLDHLJO_03067
OG0002937	2506671776	BFLDHLJO_01975, BFLDHLJO_03842
OG0002938	2506671792	BFLDHLJO_00081
OG0002939	2506671923	BFLDHLJO_00839
OG0002945	2506672409	BFLDHLJO_03089
OG0002946	2506672430	BFLDHLJO_02832
OG0002951	2506672612	BFLDHLJO_03535
OG0003225	2506669349	BFLDHLJO_03987
OG0003246	2506670146	BFLDHLJO_00240
OG0003253	2506670362	BFLDHLJO_03786
OG0003256	2506672014, 2506670503	BFLDHLJO_01398
OG0003257	2506670544	BFLDHLJO_00425
OG0003258	2506670657	BFLDHLJO_03353
OG0003270	2506671126	BFLDHLJO_03188
OG0003271	2506671130	BFLDHLJO_01157
OG0003273	2506671152	BFLDHLJO_03673, BFLDHLJO_00675
OG0003276	2506671331	BFLDHLJO_03945
OG0003278	2506671384	BFLDHLJO_01406
OG0003295	2506671577	BFLDHLJO_02451
OG0003299	2506671778	BFLDHLJO_01026
OG0003301	2506671816	BFLDHLJO_01359, BFLDHLJO_00482, BFLDHLJO_00481
OG0003312	2506672411	BFLDHLJO_03472
OG0003313	2506672420	BFLDHLJO_03463
OG0003314	2506672421	BFLDHLJO_03473
OG0003315	2506672422	BFLDHLJO_03474
OG0003318	2506672501	BFLDHLJO_02121
OG0003320	2506672522	BFLDHLJO_04023
OG0003321	2506672523	BFLDHLJO_04024
OG0003323	2506672595	BFLDHLJO_03906
OG0003699	2506669495	BFLDHLJO_03894
OG0003714	2506669938	BFLDHLJO_04181
OG0003719	2506670055	BFLDHLJO_02176
OG0003734	2506670631	BFLDHLJO_01666
OG0003740	2506670788	BFLDHLJO_01619
OG0003741	2506670971	BFLDHLJO_02301
OG0003745	2506671232	BFLDHLJO_03157
OG0003750	2506671412	BFLDHLJO_02038
OG0003751	2506671413	BFLDHLJO_02037
OG0003752	2506671414	BFLDHLJO_02036
OG0003753	2506671415	BFLDHLJO_02035
OG0003754	2506671416	BFLDHLJO_02034
OG0003755	2506671417	BFLDHLJO_02033
OG0003756	2506671422	BFLDHLJO_00167
OG0003757	2506671423	BFLDHLJO_00168
OG0003766	2506671553	BFLDHLJO_00175
OG0003767	2506671556	BFLDHLJO_00178
OG0003774	2506671813	BFLDHLJO_00477, BFLDHLJO_01356
OG0003775	2506671814	BFLDHLJO_00479, BFLDHLJO_01357
OG0003778	2506671948	BFLDHLJO_02806
OG0003786	2506672091	BFLDHLJO_03263
OG0003797	2506672521	BFLDHLJO_02039
OG0003798	2506672605	BFLDHLJO_01350, BFLDHLJO_00468
OG0003799	2506672607	BFLDHLJO_01352, BFLDHLJO_00470
OG0003800	2506672608	BFLDHLJO_00471, BFLDHLJO_01353
OG0004402	2506669620	BFLDHLJO_02458
OG0004455	2506670623	BFLDHLJO_00816
OG0004458	2506670706	BFLDHLJO_03564
OG0004470	2506670987	BFLDHLJO_04026
OG0004509	2506671815	BFLDHLJO_01358
OG0004558	2506672519	BFLDHLJO_01972
OG0004559	2506672568	BFLDHLJO_01724
OG0004560	2506672601	BFLDHLJO_00463
