Orthogroup	Reactor4-bin.4	2506520024
OG0000000	CEKMHFBL_00104, CEKMHFBL_02338	2506669534, 2506669830, 2506670515
OG0000000	CEKMHFBL_00934	2506669851
OG0000000	CEKMHFBL_02518	2506670747
OG0000000	CEKMHFBL_01092	2506669499
OG0000000	CEKMHFBL_02506	2506670695, 2506671840, 2506669459
OG0000000	CEKMHFBL_01587	2506671369
OG0000001	CEKMHFBL_02659	2506670855
OG0000001	CEKMHFBL_00603	2506669501
OG0000007	CEKMHFBL_00819	2506671603
OG0000007	CEKMHFBL_01033	2506672436
OG0000008	CEKMHFBL_02387	2506670553
OG0000009	CEKMHFBL_01332	2506671496
OG0000009	CEKMHFBL_01326, CEKMHFBL_02138	2506669865
OG0000010	CEKMHFBL_03892	2506669966, 2506670233, 2506672138
OG0000010	CEKMHFBL_01416	2506671410, 2506672508, 2506670257, 2506669954, 2506670117, 2506672127
OG0000012	CEKMHFBL_02609, CEKMHFBL_01788	2506672465
OG0000014	CEKMHFBL_01760, CEKMHFBL_01116, CEKMHFBL_01879, CEKMHFBL_02749	2506670652, 2506670651
OG0000018	CEKMHFBL_02390	2506670550
OG0000020	CEKMHFBL_00208, CEKMHFBL_04032	2506670480
OG0000024	CEKMHFBL_03764	2506671701
OG0000024	CEKMHFBL_01279	2506669883, 2506671595
OG0000025	CEKMHFBL_00023	2506670072
OG0000025	CEKMHFBL_00025, CEKMHFBL_01333, CEKMHFBL_01348, CEKMHFBL_02615, CEKMHFBL_01346	2506670070
OG0000027	CEKMHFBL_02369, CEKMHFBL_01085, CEKMHFBL_04180	2506670423
OG0000028	CEKMHFBL_03147, CEKMHFBL_02775	2506670682
OG0000031	CEKMHFBL_03820	2506672722, 2506671047
OG0000031	CEKMHFBL_03273, CEKMHFBL_01847	2506669389, 2506670285
OG0000032	CEKMHFBL_04121	2506672150, 2506672744, 2506670402, 2506669555, 2506671836, 2506671128, 2506670545, 2506670679, 2506671977
OG0000033	CEKMHFBL_02512, CEKMHFBL_00263, CEKMHFBL_02366	2506671563
OG0000036	CEKMHFBL_00095	2506669688
OG0000036	CEKMHFBL_02849	2506669884
OG0000037	CEKMHFBL_04080	2506670173
OG0000037	CEKMHFBL_00511, CEKMHFBL_02368	2506670324
OG0000038	CEKMHFBL_03869, CEKMHFBL_04060	2506670542, 2506670531, 2506672294
OG0000039	CEKMHFBL_01029	2506672341
OG0000039	CEKMHFBL_01605	2506671918
OG0000040	CEKMHFBL_03123	2506672235
OG0000042	CEKMHFBL_02780	2506671802
OG0000042	CEKMHFBL_03086	2506669625
OG0000043	CEKMHFBL_00672	2506671737
OG0000043	CEKMHFBL_01825	2506669837, 2506672203
OG0000044	CEKMHFBL_02925	2506669879
OG0000045	CEKMHFBL_03652	2506672552
OG0000046	CEKMHFBL_03568	2506671631
OG0000049	CEKMHFBL_02657, CEKMHFBL_03019	2506669657
OG0000050	CEKMHFBL_01280	2506669882, 2506671174, 2506671596
OG0000050	CEKMHFBL_01843	2506671573
OG0000051	CEKMHFBL_01682	2506672175
OG0000051	CEKMHFBL_02725	2506670710
OG0000052	CEKMHFBL_03062	2506672590
OG0000052	CEKMHFBL_02105	2506671827
OG0000057	CEKMHFBL_02159, CEKMHFBL_01481	2506669527
OG0000058	CEKMHFBL_01992	2506672230
OG0000058	CEKMHFBL_00293	2506669694
OG0000059	CEKMHFBL_02685	2506670538
OG0000060	CEKMHFBL_00562	2506670841
OG0000061	CEKMHFBL_01844	2506671572
OG0000062	CEKMHFBL_02889	2506671681
OG0000062	CEKMHFBL_02890	2506671682
OG0000063	CEKMHFBL_01892, CEKMHFBL_01516, CEKMHFBL_01839	2506671998
OG0000064	CEKMHFBL_00749	2506672110
OG0000070	CEKMHFBL_01942	2506669473
OG0000071	CEKMHFBL_01051, CEKMHFBL_03223, CEKMHFBL_03157, CEKMHFBL_00666	2506669715
OG0000072	CEKMHFBL_00179, CEKMHFBL_00596	2506669890, 2506670264, 2506671772, 2506672649, 2506672139, 2506672140
OG0000073	CEKMHFBL_02400	2506670424
OG0000074	CEKMHFBL_03368, CEKMHFBL_01565	2506670535
OG0000075	CEKMHFBL_01518, CEKMHFBL_02567	2506671037
OG0000076	CEKMHFBL_02896, CEKMHFBL_02936, CEKMHFBL_01871, CEKMHFBL_03247	2506671192
OG0000077	CEKMHFBL_03755	2506671333
OG0000078	CEKMHFBL_03159, CEKMHFBL_01763, CEKMHFBL_04260, CEKMHFBL_01747, CEKMHFBL_01739, CEKMHFBL_02350, CEKMHFBL_01750	2506672555
OG0000083	CEKMHFBL_02926	2506669363
OG0000084	CEKMHFBL_02852, CEKMHFBL_03745	2506669453
OG0000085	CEKMHFBL_02774	2506670680, 2506669844, 2506672009, 2506670512
OG0000086	CEKMHFBL_01118	2506670073
OG0000087	CEKMHFBL_02689, CEKMHFBL_00757	2506670733
OG0000088	CEKMHFBL_04272	2506670846
OG0000089	CEKMHFBL_00827, CEKMHFBL_01099	2506671139, 2506672340
OG0000090	CEKMHFBL_01250	2506671405
OG0000091	CEKMHFBL_00868	2506671584
OG0000092	CEKMHFBL_00867	2506671585
OG0000093	CEKMHFBL_00321	2506671694
OG0000094	CEKMHFBL_03761	2506671704
OG0000095	CEKMHFBL_01584	2506672094
OG0000105	CEKMHFBL_03927	2506672083
OG0000107	CEKMHFBL_02038, CEKMHFBL_02051	2506672742
OG0000108	CEKMHFBL_00364	2506670409, 2506671789
OG0000109	CEKMHFBL_01694	2506672055
OG0000109	CEKMHFBL_03249	2506671194, 2506670260
OG0000110	CEKMHFBL_04111	2506672177, 2506670273
OG0000112	CEKMHFBL_03066	2506670708, 2506672292, 2506671182, 2506671177
OG0000113	CEKMHFBL_01633	2506672276, 2506671581, 2506670726
OG0000114	CEKMHFBL_01770	2506670903, 2506671111
OG0000115	CEKMHFBL_03495, CEKMHFBL_03397	2506671458
OG0000116	CEKMHFBL_03762	2506671703
OG0000117	CEKMHFBL_02710, CEKMHFBL_03173, CEKMHFBL_03701	2506671847
OG0000118	CEKMHFBL_03172, CEKMHFBL_02709, CEKMHFBL_03700	2506671848
OG0000119	CEKMHFBL_03699	2506671849
OG0000120	CEKMHFBL_03554	2506671964
OG0000121	CEKMHFBL_00614	2506672056
OG0000122	CEKMHFBL_00847	2506672236
OG0000123	CEKMHFBL_02931	2506672510
OG0000124	CEKMHFBL_02930	2506672511
OG0000125	CEKMHFBL_02377, CEKMHFBL_02375	2506672745
OG0000136	CEKMHFBL_03144	2506669437
OG0000136	CEKMHFBL_02778	2506670685
OG0000138	CEKMHFBL_04086, CEKMHFBL_01049, CEKMHFBL_01048, CEKMHFBL_02713	2506671207, 2506672020, 2506669591, 2506669777, 2506669780
OG0000140	CEKMHFBL_03790	2506672452
OG0000141	CEKMHFBL_00178, CEKMHFBL_04179	2506672668, 2506670862, 2506670863, 2506670299
OG0000142	CEKMHFBL_04026, CEKMHFBL_00213	2506670485, 2506671500, 2506670869, 2506670370
OG0000143	CEKMHFBL_02389	2506670551
OG0000144	CEKMHFBL_04048	2506672593, 2506670557, 2506672753, 2506670556, 2506672755, 2506672761
OG0000145	CEKMHFBL_03179	2506671659
OG0000146	CEKMHFBL_03067	2506670709, 2506672293, 2506671176, 2506671181
OG0000147	CEKMHFBL_02668	2506670982
OG0000149	CEKMHFBL_02536, CEKMHFBL_02295	2506671610
OG0000150	CEKMHFBL_03763	2506671702
OG0000151	CEKMHFBL_00904, CEKMHFBL_00901, CEKMHFBL_04183	2506671818
OG0000152	CEKMHFBL_03064	2506672588
OG0000153	CEKMHFBL_03460	2506672053
OG0000154	CEKMHFBL_03960, CEKMHFBL_03958	2506672072
OG0000155	CEKMHFBL_01186	2506672686, 2506672179, 2506672760, 2506672759
OG0000156	CEKMHFBL_02122	2506672408
OG0000158	CEKMHFBL_00922	2506672604
OG0000159	CEKMHFBL_02102	2506672667
OG0000160	CEKMHFBL_01185	2506672748, 2506672750, 2506672749, 2506672756
OG0000168	CEKMHFBL_02850	2506672560, 2506669361
OG0000169	CEKMHFBL_03866	2506669414
OG0000170	CEKMHFBL_00813	2506669436
OG0000172	CEKMHFBL_01555	2506669562
OG0000173	CEKMHFBL_01075	2506669926, 2506670278
OG0000174	CEKMHFBL_03448	2506670943, 2506669933, 2506670455
OG0000175	CEKMHFBL_02917	2506669948
OG0000176	CEKMHFBL_02358	2506669972
OG0000177	CEKMHFBL_01395	2506670134
OG0000178	CEKMHFBL_00830	2506670311
OG0000179	CEKMHFBL_00195	2506670467
OG0000180	CEKMHFBL_01980	2506670518
OG0000181	CEKMHFBL_03994	2506671062, 2506670586
OG0000182	CEKMHFBL_00817	2506671569, 2506670607, 2506672615
OG0000183	CEKMHFBL_00607	2506670618
OG0000184	CEKMHFBL_01410	2506671136, 2506671853, 2506670786
OG0000185	CEKMHFBL_04271	2506670845
OG0000186	CEKMHFBL_02742	2506670882
OG0000188	CEKMHFBL_01609	2506670989
OG0000189	CEKMHFBL_01271	2506672433, 2506672434, 2506671101
OG0000191	CEKMHFBL_00217, CEKMHFBL_04021, CEKMHFBL_01845	2506671461
OG0000194	CEKMHFBL_03402	2506671744
OG0000195	CEKMHFBL_03541	2506671781
OG0000196	CEKMHFBL_01263, CEKMHFBL_03202	2506671900
OG0000197	CEKMHFBL_04235, CEKMHFBL_00670	2506672074
OG0000199	CEKMHFBL_03220, CEKMHFBL_01050	2506672160
OG0000200	CEKMHFBL_00941	2506672163
OG0000201	CEKMHFBL_03997	2506672342
OG0000202	CEKMHFBL_03995	2506672346
OG0000203	CEKMHFBL_01603	2506672356
OG0000204	CEKMHFBL_01604	2506672358
OG0000205	CEKMHFBL_03490, CEKMHFBL_04054	2506672462
OG0000206	CEKMHFBL_02242	2506672533
OG0000207	CEKMHFBL_00737	2506672657
OG0000215	CEKMHFBL_01465	2506669351, 2506669556
OG0000216	CEKMHFBL_01467	2506669552, 2506669352
OG0000217	CEKMHFBL_01687	2506671619
OG0000218	CEKMHFBL_01300	2506669372, 2506670686, 2506670671
OG0000219	CEKMHFBL_03673	2506669394, 2506670714, 2506672739, 2506670398, 2506669554
OG0000220	CEKMHFBL_01313	2506669409
OG0000221	CEKMHFBL_03865	2506669415
OG0000222	CEKMHFBL_01612	2506669480, 2506671335, 2506670389, 2506671739
OG0000223	CEKMHFBL_03110	2506669594, 2506669662
OG0000224	CEKMHFBL_03635	2506669614, 2506671061
OG0000225	CEKMHFBL_03032	2506669653
OG0000226	CEKMHFBL_01997	2506669655
OG0000227	CEKMHFBL_01540	2506672653
OG0000227	CEKMHFBL_02271	2506672461, 2506669666, 2506671769
OG0000228	CEKMHFBL_02805	2506669795, 2506669698, 2506669696
OG0000229	CEKMHFBL_03068	2506669711
OG0000230	CEKMHFBL_01223	2506669736
OG0000231	CEKMHFBL_01643	2506669816, 2506670344
OG0000232	CEKMHFBL_02354, CEKMHFBL_03809	2506669949
OG0000233	CEKMHFBL_00663, CEKMHFBL_00822	2506670121
OG0000234	CEKMHFBL_04078	2506670175
OG0000235	CEKMHFBL_02461, CEKMHFBL_02193	2506670180
OG0000236	CEKMHFBL_00479	2506670255
OG0000236	CEKMHFBL_01122	2506671142
OG0000238	CEKMHFBL_01255, CEKMHFBL_03210	2506671908, 2506670282
OG0000239	CEKMHFBL_03025, CEKMHFBL_00130	2506670292, 2506670333
OG0000240	CEKMHFBL_00160	2506672182, 2506670298
OG0000241	CEKMHFBL_00200	2506670472
OG0000242	CEKMHFBL_02405	2506670530
OG0000243	CEKMHFBL_02489	2506670598, 2506670591
OG0000244	CEKMHFBL_00052	2506670600
OG0000245	CEKMHFBL_00102	2506670620
OG0000246	CEKMHFBL_02776, CEKMHFBL_03146	2506670683
OG0000247	CEKMHFBL_02777, CEKMHFBL_03145	2506670684
OG0000248	CEKMHFBL_03621	2506672727, 2506671630, 2506670702
OG0000249	CEKMHFBL_00564	2506670843
OG0000250	CEKMHFBL_03222, CEKMHFBL_01091	2506671016
OG0000251	CEKMHFBL_04198	2506671129
OG0000252	CEKMHFBL_01695	2506671166
OG0000253	CEKMHFBL_03716	2506671206
OG0000254	CEKMHFBL_00574	2506671250
OG0000255	CEKMHFBL_02206	2506671642, 2506671281
OG0000256	CEKMHFBL_04061	2506671304
OG0000257	CEKMHFBL_02288	2506671321
OG0000258	CEKMHFBL_00905	2506671382
OG0000260	CEKMHFBL_02946	2506672029
OG0000260	CEKMHFBL_02951	2506671424
OG0000261	CEKMHFBL_03996	2506672343
OG0000262	CEKMHFBL_01842	2506671574
OG0000263	CEKMHFBL_00322	2506671695
OG0000264	CEKMHFBL_01426	2506671771
OG0000265	CEKMHFBL_00224	2506671779
OG0000266	CEKMHFBL_03722, CEKMHFBL_02781	2506671803
OG0000267	CEKMHFBL_00229	2506671862
OG0000268	CEKMHFBL_01460	2506671894, 2506671895
OG0000269	CEKMHFBL_03203, CEKMHFBL_01262	2506671901
OG0000270	CEKMHFBL_01256, CEKMHFBL_03209	2506671907, 2506672651
OG0000272	CEKMHFBL_00857	2506672037
OG0000273	CEKMHFBL_03219, CEKMHFBL_04083	2506672065, 2506672164
OG0000274	CEKMHFBL_03926	2506672084
OG0000275	CEKMHFBL_02173	2506672173
OG0000276	CEKMHFBL_00954	2506672311
OG0000277	CEKMHFBL_02376	2506672539
OG0000278	CEKMHFBL_03065	2506672580
OG0000279	CEKMHFBL_00923	2506672603
OG0000280	CEKMHFBL_00914	2506672610
OG0000281	CEKMHFBL_00175, CEKMHFBL_00388	2506672613
OG0000282	CEKMHFBL_01095	2506672642
OG0000283	CEKMHFBL_02103	2506672664
OG0000284	CEKMHFBL_04114	2506672712
OG0000285	CEKMHFBL_04113	2506672713
OG0000311	CEKMHFBL_03080, CEKMHFBL_03970	2506669368
OG0000312	CEKMHFBL_01303	2506669374
OG0000313	CEKMHFBL_03858	2506669423
OG0000314	CEKMHFBL_03852	2506669429, 2506669563
OG0000315	CEKMHFBL_02956	2506670312, 2506669434, 2506671972
OG0000316	CEKMHFBL_03669	2506669439
OG0000317	CEKMHFBL_03670	2506669440
OG0000318	CEKMHFBL_00113	2506669461, 2506669906
OG0000319	CEKMHFBL_00747	2506672113, 2506669478
OG0000320	CEKMHFBL_01320	2506669488, 2506670540
OG0000321	CEKMHFBL_01492	2506669513
OG0000322	CEKMHFBL_01491	2506669514
OG0000323	CEKMHFBL_01483, CEKMHFBL_03302	2506669525
OG0000324	CEKMHFBL_01480	2506669528
OG0000326	CEKMHFBL_01461	2506669560
OG0000327	CEKMHFBL_04016	2506669566, 2506671222
OG0000328	CEKMHFBL_04013	2506669569
OG0000329	CEKMHFBL_02784	2506671806, 2506669590
OG0000330	CEKMHFBL_01404	2506669631
OG0000331	CEKMHFBL_01405	2506669633, 2506669632
OG0000332	CEKMHFBL_01472	2506669641
OG0000333	CEKMHFBL_03033	2506669650
OG0000334	CEKMHFBL_03031	2506669651
OG0000335	CEKMHFBL_01428	2506672528, 2506669661
OG0000336	CEKMHFBL_00643	2506670020, 2506669669
OG0000337	CEKMHFBL_02248	2506671217, 2506669679
OG0000338	CEKMHFBL_00092	2506669685
OG0000339	CEKMHFBL_03563	2506669692
OG0000340	CEKMHFBL_03562	2506671560, 2506669695
OG0000341	CEKMHFBL_01026	2506669721
OG0000342	CEKMHFBL_00958, CEKMHFBL_02596	2506669726
OG0000343	CEKMHFBL_01234	2506669747
OG0000344	CEKMHFBL_02496	2506669767
OG0000345	CEKMHFBL_02504	2506669775
OG0000346	CEKMHFBL_01666	2506669783
OG0000347	CEKMHFBL_00132	2506669803
OG0000348	CEKMHFBL_01642	2506669814
OG0000349	CEKMHFBL_01657	2506669827
OG0000350	CEKMHFBL_02892	2506669873
OG0000351	CEKMHFBL_01211	2506669874, 2506671643
OG0000352	CEKMHFBL_02923	2506669880
OG0000353	CEKMHFBL_00600	2506669887
OG0000354	CEKMHFBL_00598	2506669888
OG0000355	CEKMHFBL_00597	2506669889
OG0000356	CEKMHFBL_02819	2506669920
OG0000358	CEKMHFBL_03423	2506670918, 2506669942
OG0000359	CEKMHFBL_00780, CEKMHFBL_03806, CEKMHFBL_03882	2506669963
OG0000360	CEKMHFBL_02357	2506669964
OG0000361	CEKMHFBL_02120	2506669999
OG0000362	CEKMHFBL_02119	2506670000
OG0000363	CEKMHFBL_02118	2506670001
OG0000364	CEKMHFBL_02117	2506670002
OG0000365	CEKMHFBL_03773	2506670025
OG0000366	CEKMHFBL_03777	2506670030
OG0000367	CEKMHFBL_03478	2506672573, 2506670044
OG0000368	CEKMHFBL_03476	2506670045, 2506671484
OG0000369	CEKMHFBL_03475	2506670046
OG0000370	CEKMHFBL_02728	2506670050
OG0000371	CEKMHFBL_04165	2506670054
OG0000372	CEKMHFBL_01327, CEKMHFBL_00018	2506670077
OG0000373	CEKMHFBL_03885	2506670083
OG0000374	CEKMHFBL_01618, CEKMHFBL_01933	2506670095
OG0000375	CEKMHFBL_00299	2506670107
OG0000376	CEKMHFBL_00660	2506670118
OG0000377	CEKMHFBL_00661	2506670119
OG0000378	CEKMHFBL_00662	2506670120
OG0000379	CEKMHFBL_00664	2506670122
OG0000380	CEKMHFBL_04081	2506670172
OG0000381	CEKMHFBL_02462	2506670179
OG0000382	CEKMHFBL_02460, CEKMHFBL_02614	2506670181
OG0000383	CEKMHFBL_02459, CEKMHFBL_00506	2506670182
OG0000384	CEKMHFBL_02449, CEKMHFBL_03231	2506670191
OG0000385	CEKMHFBL_00544	2506670197, 2506672417
OG0000386	CEKMHFBL_00443	2506670209
OG0000387	CEKMHFBL_00280	2506670215, 2506670351
OG0000388	CEKMHFBL_02373	2506670238
OG0000389	CEKMHFBL_02372	2506670239
OG0000390	CEKMHFBL_02404	2506670261
OG0000391	CEKMHFBL_00709, CEKMHFBL_00707	2506670265
OG0000392	CEKMHFBL_02834	2506670274
OG0000394	CEKMHFBL_02331	2506670322
OG0000395	CEKMHFBL_02980	2506670327
OG0000396	CEKMHFBL_01673	2506670336, 2506670525
OG0000397	CEKMHFBL_01290, CEKMHFBL_02374	2506670371
OG0000398	CEKMHFBL_03053	2506670381
OG0000399	CEKMHFBL_03480	2506670397
OG0000400	CEKMHFBL_02397	2506670427
OG0000401	CEKMHFBL_02396	2506670428
OG0000402	CEKMHFBL_02395	2506670429
OG0000403	CEKMHFBL_02394	2506670431
OG0000404	CEKMHFBL_01000	2506672688
OG0000405	CEKMHFBL_02628	2506670444
OG0000406	CEKMHFBL_00196	2506670468
OG0000407	CEKMHFBL_00198	2506670470
OG0000408	CEKMHFBL_00203, CEKMHFBL_04037	2506670475
OG0000409	CEKMHFBL_00204, CEKMHFBL_04036	2506670476
OG0000410	CEKMHFBL_00207, CEKMHFBL_04033	2506670479
OG0000411	CEKMHFBL_00209, CEKMHFBL_04031	2506670481
OG0000412	CEKMHFBL_00211, CEKMHFBL_04029	2506670483
OG0000413	CEKMHFBL_00212, CEKMHFBL_04028	2506670484
OG0000414	CEKMHFBL_04024, CEKMHFBL_00215	2506670487
OG0000415	CEKMHFBL_00216, CEKMHFBL_04022	2506670489
OG0000416	CEKMHFBL_01981	2506670517
OG0000417	CEKMHFBL_00329	2506671548, 2506670521
OG0000418	CEKMHFBL_04049	2506672594, 2506670555
OG0000419	CEKMHFBL_04044	2506670562
OG0000420	CEKMHFBL_01449	2506670568
OG0000421	CEKMHFBL_01436	2506670581
OG0000422	CEKMHFBL_01011	2506670583
OG0000423	CEKMHFBL_04017	2506670587, 2506671180
OG0000424	CEKMHFBL_02490	2506670592
OG0000425	CEKMHFBL_00055	2506670605, 2506672362
OG0000426	CEKMHFBL_00955	2506670609
OG0000427	CEKMHFBL_02113	2506670622
OG0000428	CEKMHFBL_02114	2506670624
OG0000429	CEKMHFBL_02115	2506670625
OG0000430	CEKMHFBL_00003	2506670639
OG0000431	CEKMHFBL_03830	2506670646
OG0000432	CEKMHFBL_03833	2506670659
OG0000433	CEKMHFBL_03566	2506670720
OG0000434	CEKMHFBL_02959	2506670736
OG0000435	CEKMHFBL_02916	2506670739
OG0000436	CEKMHFBL_02078	2506670752
OG0000437	CEKMHFBL_02077	2506670753
OG0000438	CEKMHFBL_02076	2506670754
OG0000439	CEKMHFBL_00723	2506670792
OG0000440	CEKMHFBL_02894	2506672503, 2506670820
OG0000441	CEKMHFBL_00740	2506670878
OG0000442	CEKMHFBL_02745	2506670885
OG0000444	CEKMHFBL_02135	2506670955, 2506671982
OG0000445	CEKMHFBL_01273	2506670966
OG0000446	CEKMHFBL_01654	2506670973
OG0000447	CEKMHFBL_02663	2506670978
OG0000448	CEKMHFBL_01608	2506670988
OG0000449	CEKMHFBL_00681	2506671015
OG0000450	CEKMHFBL_03968	2506671041
OG0000451	CEKMHFBL_02984	2506671051
OG0000452	CEKMHFBL_01266, CEKMHFBL_01265	2506671090
OG0000453	CEKMHFBL_03583	2506671095
OG0000454	CEKMHFBL_03584	2506671096
OG0000455	CEKMHFBL_01269	2506671099
OG0000456	CEKMHFBL_01270	2506671100
OG0000457	CEKMHFBL_02939, CEKMHFBL_02332	2506671104
OG0000458	CEKMHFBL_01536	2506671105, 2506672481
OG0000459	CEKMHFBL_01523	2506671106
OG0000460	CEKMHFBL_01409	2506671568, 2506671140
OG0000461	CEKMHFBL_01707	2506671148
OG0000462	CEKMHFBL_01135	2506671167, 2506671386
OG0000463	CEKMHFBL_01639	2506671172
OG0000464	CEKMHFBL_03578	2506672064, 2506671219
OG0000465	CEKMHFBL_01945	2506671233
OG0000466	CEKMHFBL_00583	2506671260
OG0000467	CEKMHFBL_02514	2506671265
OG0000468	CEKMHFBL_02516	2506671267
OG0000469	CEKMHFBL_00966	2506671273
OG0000470	CEKMHFBL_01774	2506671275
OG0000471	CEKMHFBL_02207	2506671641, 2506671280
OG0000472	CEKMHFBL_02202	2506671286
OG0000473	CEKMHFBL_03493, CEKMHFBL_01391	2506671311
OG0000474	CEKMHFBL_03610	2506671418
OG0000475	CEKMHFBL_02838	2506671432
OG0000476	CEKMHFBL_01454	2506671447, 2506671887
OG0000477	CEKMHFBL_02910	2506671454
OG0000478	CEKMHFBL_02911	2506671455
OG0000479	CEKMHFBL_01189	2506672178, 2506671460
OG0000480	CEKMHFBL_00624, CEKMHFBL_01880	2506671477
OG0000481	CEKMHFBL_00623	2506671479
OG0000482	CEKMHFBL_03477	2506671485
OG0000483	CEKMHFBL_00657	2506671533, 2506671795
OG0000484	CEKMHFBL_00658	2506671534, 2506671799
OG0000485	CEKMHFBL_00659	2506671535
OG0000486	CEKMHFBL_01522	2506671579
OG0000487	CEKMHFBL_02879	2506671649
OG0000488	CEKMHFBL_02875	2506671654
OG0000489	CEKMHFBL_02717	2506671678, 2506672415
OG0000490	CEKMHFBL_03260	2506671687
OG0000491	CEKMHFBL_03259	2506671688
OG0000492	CEKMHFBL_03258	2506671689
OG0000493	CEKMHFBL_03257	2506671690
OG0000494	CEKMHFBL_00249, CEKMHFBL_01792	2506671721
OG0000495	CEKMHFBL_00676	2506671740
OG0000496	CEKMHFBL_00851	2506671765
OG0000497	CEKMHFBL_01083, CEKMHFBL_00138	2506671791
OG0000498	CEKMHFBL_02297	2506671796
OG0000499	CEKMHFBL_01775	2506671812
OG0000500	CEKMHFBL_02107	2506671823
OG0000501	CEKMHFBL_01938	2506671824
OG0000502	CEKMHFBL_03703	2506671845
OG0000503	CEKMHFBL_04108	2506671850
OG0000504	CEKMHFBL_04110	2506671852
OG0000505	CEKMHFBL_00978	2506671857, 2506672347
OG0000506	CEKMHFBL_00228	2506671863
OG0000507	CEKMHFBL_02941	2506671874
OG0000508	CEKMHFBL_02942	2506671875
OG0000509	CEKMHFBL_02943	2506671876
OG0000510	CEKMHFBL_02944	2506671877
OG0000511	CEKMHFBL_00756	2506671888
OG0000512	CEKMHFBL_01261, CEKMHFBL_03204	2506671902
OG0000513	CEKMHFBL_01260, CEKMHFBL_03205	2506671903
OG0000514	CEKMHFBL_01259, CEKMHFBL_03206	2506671904
OG0000515	CEKMHFBL_01258, CEKMHFBL_03207	2506671905
OG0000516	CEKMHFBL_01257, CEKMHFBL_03208	2506671906
OG0000517	CEKMHFBL_01254, CEKMHFBL_03211	2506671909
OG0000518	CEKMHFBL_01253, CEKMHFBL_03212	2506671910
OG0000519	CEKMHFBL_01252, CEKMHFBL_03213	2506671911
OG0000520	CEKMHFBL_03214, CEKMHFBL_02722	2506671912
OG0000521	CEKMHFBL_03089	2506671933
OG0000522	CEKMHFBL_01798	2506671940
OG0000523	CEKMHFBL_01799	2506671941
OG0000524	CEKMHFBL_01800	2506671942
OG0000525	CEKMHFBL_01801	2506671943
OG0000526	CEKMHFBL_01802	2506671944
OG0000527	CEKMHFBL_01803	2506671945
OG0000528	CEKMHFBL_01804	2506671946
OG0000529	CEKMHFBL_04269	2506671950
OG0000530	CEKMHFBL_03099	2506671967
OG0000531	CEKMHFBL_03498, CEKMHFBL_03101	2506671969
OG0000532	CEKMHFBL_02023	2506671990
OG0000533	CEKMHFBL_02020	2506671994
OG0000534	CEKMHFBL_01898	2506672004
OG0000535	CEKMHFBL_03114	2506672035
OG0000536	CEKMHFBL_00616	2506672059
OG0000537	CEKMHFBL_01777	2506672069
OG0000539	CEKMHFBL_01683	2506672176
OG0000540	CEKMHFBL_00392, CEKMHFBL_00157	2506672184
OG0000541	CEKMHFBL_00155, CEKMHFBL_00391	2506672186
OG0000542	CEKMHFBL_00696	2506672223
OG0000543	CEKMHFBL_00699	2506672226
OG0000544	CEKMHFBL_00701	2506672229
OG0000545	CEKMHFBL_00118	2506672248
OG0000546	CEKMHFBL_00122	2506672252
OG0000547	CEKMHFBL_00123	2506672253
OG0000548	CEKMHFBL_02421	2506672284, 2506672711
OG0000549	CEKMHFBL_00952	2506672289
OG0000550	CEKMHFBL_00953	2506672290
OG0000551	CEKMHFBL_02622	2506672312
OG0000552	CEKMHFBL_00943	2506672334
OG0000553	CEKMHFBL_00944	2506672335
OG0000554	CEKMHFBL_00946	2506672337
OG0000555	CEKMHFBL_00947	2506672338
OG0000556	CEKMHFBL_00715	2506672351
OG0000557	CEKMHFBL_00056	2506672363
OG0000558	CEKMHFBL_00063	2506672370
OG0000559	CEKMHFBL_00064	2506672371
OG0000560	CEKMHFBL_02140	2506672401
OG0000561	CEKMHFBL_01944	2506672426
OG0000562	CEKMHFBL_01773	2506672443
OG0000563	CEKMHFBL_01725	2506672458
OG0000564	CEKMHFBL_01724	2506672459
OG0000565	CEKMHFBL_01629	2506672484
OG0000566	CEKMHFBL_01630	2506672485
OG0000567	CEKMHFBL_01431	2506672518
OG0000568	CEKMHFBL_03655	2506672544
OG0000569	CEKMHFBL_04178	2506672549
OG0000570	CEKMHFBL_03647	2506672557
OG0000571	CEKMHFBL_02846	2506672564
OG0000572	CEKMHFBL_03063	2506672589
OG0000573	CEKMHFBL_01061, CEKMHFBL_00774	2506672600
OG0000574	CEKMHFBL_04130	2506672658
OG0000575	CEKMHFBL_00762	2506672694
OG0000576	CEKMHFBL_02835	2506672696
OG0000602	CEKMHFBL_01462	2506669345, 2506669559
OG0000603	CEKMHFBL_03558	2506669355
OG0000604	CEKMHFBL_03559	2506669356
OG0000605	CEKMHFBL_01298	2506669370
OG0000606	CEKMHFBL_01299	2506669371
OG0000607	CEKMHFBL_01301	2506669373
OG0000608	CEKMHFBL_01304	2506669375
OG0000609	CEKMHFBL_01305	2506669376
OG0000610	CEKMHFBL_01306	2506669377
OG0000611	CEKMHFBL_01307	2506669378
OG0000612	CEKMHFBL_01309	2506669380
OG0000613	CEKMHFBL_01310	2506669381
OG0000614	CEKMHFBL_01311	2506669382
OG0000615	CEKMHFBL_01284	2506669385
OG0000616	CEKMHFBL_01283	2506669386
OG0000617	CEKMHFBL_02215, CEKMHFBL_00811	2506669393
OG0000618	CEKMHFBL_01237	2506669397
OG0000619	CEKMHFBL_01236	2506669398
OG0000620	CEKMHFBL_01235	2506669399
OG0000621	CEKMHFBL_03928	2506669400
OG0000622	CEKMHFBL_02273	2506669407
OG0000623	CEKMHFBL_03868	2506669412
OG0000624	CEKMHFBL_03867	2506669413
OG0000625	CEKMHFBL_03863	2506669418
OG0000626	CEKMHFBL_03862	2506669419
OG0000627	CEKMHFBL_03861	2506669420
OG0000628	CEKMHFBL_03860	2506669421
OG0000629	CEKMHFBL_03859	2506669422
OG0000630	CEKMHFBL_03857	2506669424
OG0000631	CEKMHFBL_03856	2506669425
OG0000632	CEKMHFBL_03855	2506669426
OG0000633	CEKMHFBL_03854	2506669427
OG0000634	CEKMHFBL_03853	2506669428
OG0000635	CEKMHFBL_03851	2506669430
OG0000636	CEKMHFBL_03850	2506669431
OG0000637	CEKMHFBL_03668	2506669433
OG0000638	CEKMHFBL_00105	2506669447
OG0000639	CEKMHFBL_00106	2506669448
OG0000640	CEKMHFBL_00107	2506669450
OG0000641	CEKMHFBL_00108	2506669451
OG0000642	CEKMHFBL_00109	2506669456
OG0000643	CEKMHFBL_00112	2506669460
OG0000644	CEKMHFBL_01007	2506669463
OG0000645	CEKMHFBL_01006	2506669464
OG0000646	CEKMHFBL_01005	2506669465
OG0000647	CEKMHFBL_01004	2506669466
OG0000648	CEKMHFBL_01003	2506669467
OG0000649	CEKMHFBL_01002	2506669468
OG0000650	CEKMHFBL_01001	2506669469
OG0000651	CEKMHFBL_03822	2506669474, 2506671624
OG0000652	CEKMHFBL_00825	2506669483, 2506670994
OG0000653	CEKMHFBL_01506	2506669491
OG0000654	CEKMHFBL_01505	2506669492
OG0000655	CEKMHFBL_01503	2506669496
OG0000656	CEKMHFBL_01502	2506669497
OG0000657	CEKMHFBL_01501	2506669498
OG0000658	CEKMHFBL_01969	2506669500
OG0000659	CEKMHFBL_01238	2506669504
OG0000660	CEKMHFBL_01239	2506669505
OG0000661	CEKMHFBL_00245	2506669508
OG0000662	CEKMHFBL_01493	2506669511
OG0000663	CEKMHFBL_01490	2506669515
OG0000664	CEKMHFBL_01489	2506669516
OG0000665	CEKMHFBL_01488	2506669517
OG0000666	CEKMHFBL_01484	2506669524
OG0000667	CEKMHFBL_01482	2506669526
OG0000668	CEKMHFBL_01479	2506669529
OG0000669	CEKMHFBL_01475	2506669531
OG0000670	CEKMHFBL_01495	2506669533
OG0000671	CEKMHFBL_01671	2506669539
OG0000672	CEKMHFBL_01670	2506669546
OG0000673	CEKMHFBL_01466	2506669553
OG0000674	CEKMHFBL_01464	2506669557
OG0000675	CEKMHFBL_01463	2506669558
OG0000676	CEKMHFBL_04015	2506669567
OG0000677	CEKMHFBL_04014	2506669568
OG0000678	CEKMHFBL_04012	2506669570
OG0000679	CEKMHFBL_04011	2506669571
OG0000680	CEKMHFBL_04010	2506669572
OG0000681	CEKMHFBL_04009	2506669573
OG0000682	CEKMHFBL_04008	2506669574
OG0000683	CEKMHFBL_03111	2506669576, 2506669593
OG0000684	CEKMHFBL_03108	2506669596, 2506669577
OG0000685	CEKMHFBL_03107	2506669579, 2506669597
OG0000686	CEKMHFBL_03106	2506669580, 2506669598
OG0000687	CEKMHFBL_00568	2506669583
OG0000688	CEKMHFBL_03105	2506669599, 2506669584
OG0000689	CEKMHFBL_04002	2506669601
OG0000690	CEKMHFBL_04001	2506669602
OG0000691	CEKMHFBL_03112	2506669619
OG0000692	CEKMHFBL_01400	2506669627
OG0000693	CEKMHFBL_01402	2506669629
OG0000694	CEKMHFBL_01403	2506669630
OG0000695	CEKMHFBL_01406	2506669634
OG0000696	CEKMHFBL_01658	2506669638
OG0000697	CEKMHFBL_01749, CEKMHFBL_01761, CEKMHFBL_01762	2506669639
OG0000698	CEKMHFBL_01471	2506669640
OG0000699	CEKMHFBL_01473	2506669643
OG0000700	CEKMHFBL_01681	2506669645
OG0000701	CEKMHFBL_03783	2506669649
OG0000702	CEKMHFBL_01720	2506671307, 2506670589, 2506669660
OG0000703	CEKMHFBL_02247	2506669678
OG0000704	CEKMHFBL_02249	2506669680
OG0000705	CEKMHFBL_02250	2506669681
OG0000706	CEKMHFBL_00091	2506669682
OG0000707	CEKMHFBL_00093	2506669686
OG0000708	CEKMHFBL_00096	2506669689
OG0000709	CEKMHFBL_00276	2506669691
OG0000710	CEKMHFBL_03564	2506669693
OG0000711	CEKMHFBL_02644	2506669700
OG0000712	CEKMHFBL_02640	2506669707
OG0000713	CEKMHFBL_02639	2506669708
OG0000714	CEKMHFBL_03070	2506669709
OG0000715	CEKMHFBL_03069	2506669710
OG0000716	CEKMHFBL_01019	2506669718
OG0000717	CEKMHFBL_01023	2506669720
OG0000718	CEKMHFBL_00957	2506669725
OG0000719	CEKMHFBL_00959	2506669727
OG0000720	CEKMHFBL_01216	2506669729
OG0000721	CEKMHFBL_01217	2506669730
OG0000722	CEKMHFBL_01218	2506669731
OG0000723	CEKMHFBL_01219	2506669732
OG0000724	CEKMHFBL_01220	2506669733
OG0000725	CEKMHFBL_01221	2506669734
OG0000726	CEKMHFBL_01224	2506669738
OG0000727	CEKMHFBL_01225	2506669739
OG0000728	CEKMHFBL_01226	2506669740
OG0000729	CEKMHFBL_01227	2506669741
OG0000730	CEKMHFBL_01228	2506669742
OG0000731	CEKMHFBL_01229	2506669743
OG0000732	CEKMHFBL_01232	2506669745
OG0000733	CEKMHFBL_01233	2506669746
OG0000734	CEKMHFBL_01684	2506669754
OG0000735	CEKMHFBL_04098	2506669755
OG0000736	CEKMHFBL_03752	2506669756
OG0000737	CEKMHFBL_00680	2506669758
OG0000738	CEKMHFBL_00682	2506669761
OG0000739	CEKMHFBL_00683	2506669762
OG0000740	CEKMHFBL_02423	2506669763
OG0000741	CEKMHFBL_02422	2506669765
OG0000742	CEKMHFBL_02798	2506669766
OG0000743	CEKMHFBL_02497	2506669769
OG0000744	CEKMHFBL_02498	2506669770
OG0000745	CEKMHFBL_02500	2506669771
OG0000746	CEKMHFBL_02501	2506669772
OG0000747	CEKMHFBL_02502	2506669773
OG0000748	CEKMHFBL_02503	2506669774
OG0000749	CEKMHFBL_02505	2506669776
OG0000750	CEKMHFBL_01191	2506669781
OG0000751	CEKMHFBL_02256	2506669782
OG0000752	CEKMHFBL_01665	2506669784
OG0000753	CEKMHFBL_03379	2506669786
OG0000754	CEKMHFBL_03073	2506669791
OG0000755	CEKMHFBL_03072	2506669793
OG0000756	CEKMHFBL_03071	2506669794
OG0000757	CEKMHFBL_02804	2506669796
OG0000758	CEKMHFBL_04170	2506669799
OG0000759	CEKMHFBL_04169	2506669800
OG0000760	CEKMHFBL_04168	2506669801
OG0000761	CEKMHFBL_01983	2506669809
OG0000762	CEKMHFBL_01984	2506669810
OG0000763	CEKMHFBL_01985	2506669811
OG0000764	CEKMHFBL_01644	2506669817
OG0000765	CEKMHFBL_01645	2506669818
OG0000766	CEKMHFBL_01646	2506669819
OG0000767	CEKMHFBL_01647	2506669820
OG0000768	CEKMHFBL_01648	2506669821
OG0000769	CEKMHFBL_01649	2506669822
OG0000770	CEKMHFBL_01650	2506669823
OG0000771	CEKMHFBL_01655	2506669824
OG0000772	CEKMHFBL_01656	2506669825
OG0000773	CEKMHFBL_00592	2506669857
OG0000774	CEKMHFBL_00591	2506669858
OG0000775	CEKMHFBL_03454	2506669860
OG0000776	CEKMHFBL_03453	2506669861
OG0000777	CEKMHFBL_00589	2506669867
OG0000778	CEKMHFBL_00588	2506669868
OG0000779	CEKMHFBL_00587	2506669869
OG0000780	CEKMHFBL_00586	2506669870
OG0000781	CEKMHFBL_01212	2506669875
OG0000782	CEKMHFBL_01213	2506669876
OG0000783	CEKMHFBL_01214	2506669878
OG0000784	CEKMHFBL_01215	2506669885
OG0000786	CEKMHFBL_00710	2506669919
OG0000787	CEKMHFBL_02818	2506669922
OG0000788	CEKMHFBL_00047	2506669934
OG0000789	CEKMHFBL_01722	2506669937
OG0000790	CEKMHFBL_01901	2506669940
OG0000791	CEKMHFBL_01902	2506669941
OG0000792	CEKMHFBL_03876	2506669943
OG0000793	CEKMHFBL_02752	2506669946
OG0000795	CEKMHFBL_02211	2506669959
OG0000796	CEKMHFBL_01573	2506669960
OG0000797	CEKMHFBL_02361	2506669975
OG0000798	CEKMHFBL_02363	2506669977
OG0000799	CEKMHFBL_02364	2506669982
OG0000800	CEKMHFBL_02365	2506669983
OG0000801	CEKMHFBL_00167	2506669984
OG0000802	CEKMHFBL_02739	2506669989
OG0000803	CEKMHFBL_02738	2506669990
OG0000804	CEKMHFBL_02737	2506669991
OG0000805	CEKMHFBL_02736	2506669992
OG0000806	CEKMHFBL_02735	2506669993
OG0000807	CEKMHFBL_02734	2506669994
OG0000808	CEKMHFBL_02733	2506669995
OG0000809	CEKMHFBL_02732	2506669996
OG0000810	CEKMHFBL_00695	2506670003
OG0000811	CEKMHFBL_00694	2506670004
OG0000812	CEKMHFBL_00692	2506670006
OG0000813	CEKMHFBL_00691	2506670007
OG0000814	CEKMHFBL_02753	2506670014
OG0000815	CEKMHFBL_00646	2506670018
OG0000816	CEKMHFBL_00644	2506670019
OG0000817	CEKMHFBL_00642	2506670021
OG0000818	CEKMHFBL_03770	2506670022
OG0000819	CEKMHFBL_03771	2506670023
OG0000820	CEKMHFBL_03772	2506670024
OG0000821	CEKMHFBL_03774	2506670027
OG0000822	CEKMHFBL_03775	2506670028
OG0000823	CEKMHFBL_03776	2506670029
OG0000824	CEKMHFBL_03778	2506670031
OG0000825	CEKMHFBL_03779	2506670032
OG0000826	CEKMHFBL_03780	2506670033
OG0000827	CEKMHFBL_03781	2506670034
OG0000828	CEKMHFBL_03479	2506670043
OG0000829	CEKMHFBL_03473	2506670048
OG0000830	CEKMHFBL_03472	2506670049
OG0000831	CEKMHFBL_02727	2506670051
OG0000832	CEKMHFBL_04167	2506670052
OG0000833	CEKMHFBL_00043	2506670062
OG0000834	CEKMHFBL_00031	2506670063
OG0000835	CEKMHFBL_00029	2506670066
OG0000836	CEKMHFBL_00026	2506670069
OG0000837	CEKMHFBL_00024	2506671297, 2506670071
OG0000838	CEKMHFBL_03884	2506670084
OG0000840	CEKMHFBL_02227	2506670088
OG0000841	CEKMHFBL_02228	2506670089
OG0000842	CEKMHFBL_02229	2506670091
OG0000843	CEKMHFBL_01469	2506670092
OG0000844	CEKMHFBL_01930	2506670093
OG0000845	CEKMHFBL_03408	2506670099
OG0000846	CEKMHFBL_03406	2506670101
OG0000847	CEKMHFBL_03462	2506670102
OG0000848	CEKMHFBL_00302	2506670105
OG0000849	CEKMHFBL_00301	2506670106
OG0000850	CEKMHFBL_00298	2506670108
OG0000851	CEKMHFBL_00295	2506670110
OG0000852	CEKMHFBL_02979	2506670113
OG0000853	CEKMHFBL_00665	2506670123
OG0000854	CEKMHFBL_01393	2506670130
OG0000855	CEKMHFBL_01396	2506670133
OG0000856	CEKMHFBL_01397, CEKMHFBL_03339	2506670135
OG0000857	CEKMHFBL_01551	2506670153
OG0000858	CEKMHFBL_00517	2506670158
OG0000859	CEKMHFBL_00518	2506670159
OG0000860	CEKMHFBL_03948	2506670162
OG0000861	CEKMHFBL_01060	2506670163
OG0000862	CEKMHFBL_01059	2506670164
OG0000863	CEKMHFBL_01058	2506670165
OG0000864	CEKMHFBL_01057	2506670166
OG0000865	CEKMHFBL_01056	2506670167
OG0000866	CEKMHFBL_01055	2506670168
OG0000867	CEKMHFBL_01054	2506670169
OG0000868	CEKMHFBL_01053	2506670170
OG0000869	CEKMHFBL_01052	2506670171
OG0000870	CEKMHFBL_04079	2506670174
OG0000871	CEKMHFBL_02465	2506670176
OG0000872	CEKMHFBL_02463	2506670178
OG0000873	CEKMHFBL_02458	2506670183
OG0000874	CEKMHFBL_02457	2506670184
OG0000875	CEKMHFBL_02456	2506670185
OG0000876	CEKMHFBL_02455	2506670186
OG0000877	CEKMHFBL_02454	2506670187
OG0000878	CEKMHFBL_02453	2506670188
OG0000879	CEKMHFBL_02450	2506670190
OG0000880	CEKMHFBL_00550	2506670192
OG0000881	CEKMHFBL_00274	2506670193
OG0000882	CEKMHFBL_00273	2506670194
OG0000883	CEKMHFBL_03873	2506670199
OG0000884	CEKMHFBL_00438	2506670205
OG0000885	CEKMHFBL_00439	2506670206
OG0000886	CEKMHFBL_00440	2506670207
OG0000887	CEKMHFBL_00441	2506670208
OG0000888	CEKMHFBL_00444	2506670210
OG0000889	CEKMHFBL_00445	2506670211
OG0000890	CEKMHFBL_03272	2506670219
OG0000891	CEKMHFBL_03271	2506670220
OG0000892	CEKMHFBL_03270	2506670222
OG0000893	CEKMHFBL_03268	2506670224
OG0000894	CEKMHFBL_00482	2506670252
OG0000895	CEKMHFBL_00481	2506670253
OG0000896	CEKMHFBL_00480	2506670254
OG0000897	CEKMHFBL_03245	2506671190, 2506670258
OG0000898	CEKMHFBL_00758	2506670267
OG0000899	CEKMHFBL_00760	2506670269
OG0000900	CEKMHFBL_01651	2506670271
OG0000901	CEKMHFBL_01190	2506670272
OG0000902	CEKMHFBL_01243	2506670318
OG0000903	CEKMHFBL_03580	2506670343
OG0000904	CEKMHFBL_01245	2506670358
OG0000905	CEKMHFBL_01244	2506670368
OG0000906	CEKMHFBL_03966	2506670383
OG0000907	CEKMHFBL_03965	2506670391
OG0000908	CEKMHFBL_01597	2506670399
OG0000909	CEKMHFBL_01595	2506670400
OG0000910	CEKMHFBL_00358	2506670403
OG0000911	CEKMHFBL_00359	2506670404
OG0000912	CEKMHFBL_00360	2506670405
OG0000913	CEKMHFBL_00363	2506670408
OG0000914	CEKMHFBL_00366	2506670410
OG0000915	CEKMHFBL_00367	2506670411
OG0000916	CEKMHFBL_00368	2506670412
OG0000917	CEKMHFBL_00369	2506670413
OG0000918	CEKMHFBL_00370	2506670414
OG0000919	CEKMHFBL_00371	2506670415
OG0000920	CEKMHFBL_02881	2506670418
OG0000921	CEKMHFBL_02880	2506670419
OG0000922	CEKMHFBL_01031	2506670425
OG0000923	CEKMHFBL_02398	2506670426
OG0000924	CEKMHFBL_02393	2506670432
OG0000925	CEKMHFBL_02346	2506670433
OG0000926	CEKMHFBL_02637	2506670434
OG0000927	CEKMHFBL_02636	2506670436
OG0000928	CEKMHFBL_02635	2506670437
OG0000929	CEKMHFBL_02634	2506670438
OG0000930	CEKMHFBL_02633	2506670439
OG0000931	CEKMHFBL_02632	2506670440
OG0000932	CEKMHFBL_02631	2506670441
OG0000933	CEKMHFBL_02630	2506670442
OG0000934	CEKMHFBL_02629	2506670443
OG0000935	CEKMHFBL_02627	2506670445
OG0000936	CEKMHFBL_02626	2506670446
OG0000937	CEKMHFBL_02625	2506670447
OG0000938	CEKMHFBL_02624	2506670448
OG0000939	CEKMHFBL_02623	2506670449
OG0000940	CEKMHFBL_00992	2506670453
OG0000941	CEKMHFBL_00991	2506670454
OG0000942	CEKMHFBL_00184	2506670456
OG0000943	CEKMHFBL_00185	2506670457
OG0000944	CEKMHFBL_00186	2506670458
OG0000945	CEKMHFBL_00187	2506670459
OG0000946	CEKMHFBL_00188	2506670460
OG0000947	CEKMHFBL_00189	2506670461
OG0000948	CEKMHFBL_00190	2506670462
OG0000949	CEKMHFBL_00191	2506670463
OG0000950	CEKMHFBL_00192	2506670464
OG0000951	CEKMHFBL_00193	2506670465
OG0000952	CEKMHFBL_00199	2506670471
OG0000953	CEKMHFBL_04035, CEKMHFBL_00205	2506670477
OG0000954	CEKMHFBL_00206, CEKMHFBL_04034	2506670478
OG0000955	CEKMHFBL_00214, CEKMHFBL_04025	2506670486
OG0000956	CEKMHFBL_02796	2506670501
OG0000957	CEKMHFBL_01242	2506670504
OG0000958	CEKMHFBL_01500	2506670505
OG0000959	CEKMHFBL_00140	2506670563, 2506670508
OG0000960	CEKMHFBL_01672	2506670524
OG0000961	CEKMHFBL_02789	2506670526
OG0000962	CEKMHFBL_02790	2506670527
OG0000963	CEKMHFBL_02791	2506670528
OG0000964	CEKMHFBL_02792	2506670529
OG0000965	CEKMHFBL_04059	2506670532
OG0000966	CEKMHFBL_04058	2506670533
OG0000967	CEKMHFBL_04057	2506670534
OG0000968	CEKMHFBL_01093	2506670546
OG0000969	CEKMHFBL_04050	2506670554
OG0000970	CEKMHFBL_04047	2506670558
OG0000971	CEKMHFBL_04045	2506670561
OG0000972	CEKMHFBL_01453	2506670564
OG0000973	CEKMHFBL_01452	2506670565
OG0000974	CEKMHFBL_01451	2506670566
OG0000975	CEKMHFBL_01450	2506670567
OG0000976	CEKMHFBL_01448	2506670569
OG0000977	CEKMHFBL_01447	2506670570
OG0000978	CEKMHFBL_01446	2506670571
OG0000979	CEKMHFBL_01445	2506670572
OG0000980	CEKMHFBL_01444	2506670573
OG0000981	CEKMHFBL_01443	2506670574
OG0000982	CEKMHFBL_01442	2506670575
OG0000983	CEKMHFBL_01441	2506670576
OG0000984	CEKMHFBL_01440	2506670577
OG0000985	CEKMHFBL_01439	2506670578
OG0000986	CEKMHFBL_01438	2506670579
OG0000987	CEKMHFBL_01437	2506670580
OG0000988	CEKMHFBL_01010	2506670584
OG0000989	CEKMHFBL_00098	2506670601
OG0000990	CEKMHFBL_00255	2506670613, 2506671726
OG0000991	CEKMHFBL_00099	2506672427, 2506670615
OG0000992	CEKMHFBL_00101	2506670617
OG0000993	CEKMHFBL_02116	2506670626
OG0000994	CEKMHFBL_00011	2506670628
OG0000995	CEKMHFBL_00008	2506670634
OG0000996	CEKMHFBL_00007	2506670635
OG0000997	CEKMHFBL_00006	2506670636
OG0000998	CEKMHFBL_00005	2506670637
OG0000999	CEKMHFBL_00004	2506670638
OG0001000	CEKMHFBL_03827	2506670643
OG0001001	CEKMHFBL_03828	2506670644
OG0001002	CEKMHFBL_03829	2506670645
OG0001003	CEKMHFBL_03831	2506670648
OG0001004	CEKMHFBL_03832	2506670658
OG0001005	CEKMHFBL_02988	2506670661
OG0001006	CEKMHFBL_03836	2506670665
OG0001007	CEKMHFBL_03837	2506670666
OG0001008	CEKMHFBL_03838	2506670667
OG0001009	CEKMHFBL_03841	2506670674
OG0001010	CEKMHFBL_03842	2506670675
OG0001011	CEKMHFBL_03843	2506670676
OG0001012	CEKMHFBL_03844	2506670678
OG0001013	CEKMHFBL_03389	2506670690
OG0001014	CEKMHFBL_03612	2506670691
OG0001015	CEKMHFBL_03613	2506670692
OG0001016	CEKMHFBL_03614	2506670693
OG0001017	CEKMHFBL_03615	2506670694
OG0001018	CEKMHFBL_03619	2506670699
OG0001019	CEKMHFBL_03620	2506670701
OG0001020	CEKMHFBL_04181	2506670715
OG0001021	CEKMHFBL_03567	2506670718
OG0001022	CEKMHFBL_02920	2506670721
OG0001023	CEKMHFBL_03784	2506670732
OG0001024	CEKMHFBL_02915	2506670740
OG0001025	CEKMHFBL_02913	2506670743
OG0001026	CEKMHFBL_02912	2506670744
OG0001027	CEKMHFBL_02087	2506671453, 2506670745
OG0001028	CEKMHFBL_02081	2506670746
OG0001029	CEKMHFBL_02080	2506670750
OG0001030	CEKMHFBL_02079	2506670751
OG0001031	CEKMHFBL_02074	2506670757
OG0001032	CEKMHFBL_02073	2506670758
OG0001033	CEKMHFBL_02072	2506670759
OG0001034	CEKMHFBL_02071	2506670760
OG0001035	CEKMHFBL_02070	2506670761
OG0001036	CEKMHFBL_02065	2506670766
OG0001037	CEKMHFBL_02064	2506670767
OG0001038	CEKMHFBL_02063	2506670768
OG0001039	CEKMHFBL_02062	2506670769
OG0001040	CEKMHFBL_02061	2506670770
OG0001041	CEKMHFBL_02060	2506670771
OG0001042	CEKMHFBL_02059	2506670772
OG0001043	CEKMHFBL_02058	2506670773
OG0001044	CEKMHFBL_02056	2506670775
OG0001045	CEKMHFBL_02055	2506670776
OG0001046	CEKMHFBL_02054	2506670777
OG0001047	CEKMHFBL_02053	2506670778
OG0001048	CEKMHFBL_02052	2506670779
OG0001049	CEKMHFBL_03082	2506670791
OG0001050	CEKMHFBL_00620	2506670805
OG0001051	CEKMHFBL_02992	2506670815
OG0001052	CEKMHFBL_00622	2506670818
OG0001053	CEKMHFBL_01714	2506670821
OG0001054	CEKMHFBL_03156	2506670824
OG0001055	CEKMHFBL_03155	2506670825
OG0001056	CEKMHFBL_03154	2506670826
OG0001057	CEKMHFBL_03153	2506670827
OG0001058	CEKMHFBL_03152	2506670828
OG0001059	CEKMHFBL_03151	2506670829
OG0001060	CEKMHFBL_03150	2506670830
OG0001061	CEKMHFBL_00552	2506670831
OG0001062	CEKMHFBL_00553	2506670832
OG0001063	CEKMHFBL_00554	2506670833
OG0001064	CEKMHFBL_00555	2506670834
OG0001065	CEKMHFBL_00556	2506670835
OG0001066	CEKMHFBL_00557	2506670836
OG0001067	CEKMHFBL_00558	2506670837
OG0001068	CEKMHFBL_00559	2506670838
OG0001069	CEKMHFBL_00560	2506670839
OG0001070	CEKMHFBL_03395	2506670847
OG0001071	CEKMHFBL_03394	2506670848
OG0001072	CEKMHFBL_03393	2506670849
OG0001073	CEKMHFBL_03392	2506670850
OG0001074	CEKMHFBL_03391	2506670851
OG0001075	CEKMHFBL_03390	2506670852
OG0001076	CEKMHFBL_03388	2506670854
OG0001077	CEKMHFBL_01521	2506670858
OG0001078	CEKMHFBL_01520	2506670859
OG0001079	CEKMHFBL_01519	2506670860
OG0001080	CEKMHFBL_00805	2506670864
OG0001081	CEKMHFBL_01954	2506670870
OG0001082	CEKMHFBL_01953	2506670871
OG0001083	CEKMHFBL_00736	2506670874
OG0001084	CEKMHFBL_00738	2506670876
OG0001085	CEKMHFBL_02741	2506670880
OG0001086	CEKMHFBL_02743	2506670883
OG0001087	CEKMHFBL_02744	2506670884
OG0001088	CEKMHFBL_01956	2506670887
OG0001089	CEKMHFBL_01474	2506670888
OG0001090	CEKMHFBL_00376	2506670894
OG0001091	CEKMHFBL_00375	2506670895
OG0001092	CEKMHFBL_00373	2506670897
OG0001093	CEKMHFBL_00372	2506670898
OG0001094	CEKMHFBL_04112	2506670902
OG0001095	CEKMHFBL_03413	2506670904
OG0001096	CEKMHFBL_03414	2506670905
OG0001097	CEKMHFBL_03415	2506670910
OG0001098	CEKMHFBL_03416	2506670911
OG0001099	CEKMHFBL_03417	2506670912
OG0001100	CEKMHFBL_03418	2506670913
OG0001101	CEKMHFBL_03419	2506670914
OG0001102	CEKMHFBL_03421	2506670916
OG0001103	CEKMHFBL_03422	2506670917
OG0001104	CEKMHFBL_03426	2506670920
OG0001105	CEKMHFBL_03427	2506670921
OG0001106	CEKMHFBL_03428	2506670922
OG0001107	CEKMHFBL_03429	2506670923
OG0001108	CEKMHFBL_03430	2506670924
OG0001109	CEKMHFBL_03431	2506670925
OG0001110	CEKMHFBL_03435	2506670929
OG0001111	CEKMHFBL_03436	2506670930
OG0001112	CEKMHFBL_03437	2506670931
OG0001113	CEKMHFBL_03438	2506670932
OG0001114	CEKMHFBL_03439	2506670933
OG0001115	CEKMHFBL_03441	2506670935
OG0001116	CEKMHFBL_03442	2506670937
OG0001117	CEKMHFBL_03443	2506670938
OG0001118	CEKMHFBL_03444	2506670939
OG0001119	CEKMHFBL_03445	2506670940
OG0001120	CEKMHFBL_03449	2506670944
OG0001121	CEKMHFBL_03450	2506670945
OG0001122	CEKMHFBL_03451	2506670946
OG0001123	CEKMHFBL_00789	2506670957
OG0001124	CEKMHFBL_00790	2506670958
OG0001125	CEKMHFBL_02203	2506670962
OG0001126	CEKMHFBL_02204	2506672129, 2506670963
OG0001127	CEKMHFBL_01699	2506671162
OG0001128	CEKMHFBL_01653	2506670975
OG0001129	CEKMHFBL_02662	2506670979
OG0001130	CEKMHFBL_02661	2506670980
OG0001131	CEKMHFBL_03672	2506672054, 2506671002
OG0001132	CEKMHFBL_03705	2506671017
OG0001133	CEKMHFBL_02550	2506671019
OG0001134	CEKMHFBL_02551	2506671020
OG0001135	CEKMHFBL_02552	2506671021
OG0001136	CEKMHFBL_02553	2506671022
OG0001137	CEKMHFBL_02554	2506671023
OG0001138	CEKMHFBL_02556	2506671025
OG0001139	CEKMHFBL_02557	2506671026
OG0001140	CEKMHFBL_02558	2506671027
OG0001141	CEKMHFBL_02559	2506671028
OG0001142	CEKMHFBL_02560	2506671029
OG0001143	CEKMHFBL_02561	2506671030
OG0001144	CEKMHFBL_02562	2506671031
OG0001145	CEKMHFBL_02563	2506671032
OG0001146	CEKMHFBL_02564	2506671033
OG0001147	CEKMHFBL_02565	2506671034
OG0001148	CEKMHFBL_04177	2506671035
OG0001149	CEKMHFBL_02566	2506671036
OG0001150	CEKMHFBL_02974	2506671038
OG0001151	CEKMHFBL_02975	2506671040
OG0001152	CEKMHFBL_02977	2506671043
OG0001153	CEKMHFBL_02978	2506671044
OG0001154	CEKMHFBL_02986	2506671053
OG0001155	CEKMHFBL_02886	2506672506, 2506671054
OG0001156	CEKMHFBL_03638	2506671058
OG0001157	CEKMHFBL_03637	2506671059
OG0001158	CEKMHFBL_03636	2506671060
OG0001159	CEKMHFBL_00478	2506671084
OG0001160	CEKMHFBL_00477	2506671085
OG0001161	CEKMHFBL_01264	2506671089
OG0001162	CEKMHFBL_01267	2506671091
OG0001163	CEKMHFBL_01268	2506671092
OG0001164	CEKMHFBL_01659	2506671094
OG0001165	CEKMHFBL_03585	2506671097
OG0001166	CEKMHFBL_01524	2506671107
OG0001167	CEKMHFBL_01708	2506671147
OG0001168	CEKMHFBL_01706	2506671151
OG0001169	CEKMHFBL_01705	2506671153
OG0001170	CEKMHFBL_01704	2506671154
OG0001171	CEKMHFBL_01703	2506671155
OG0001172	CEKMHFBL_00535, CEKMHFBL_01702	2506671156
OG0001173	CEKMHFBL_01701	2506671158
OG0001174	CEKMHFBL_01698	2506671163
OG0001175	CEKMHFBL_01697	2506671164
OG0001176	CEKMHFBL_01696	2506671165
OG0001177	CEKMHFBL_01640	2506671171
OG0001178	CEKMHFBL_03181	2506671185
OG0001178	CEKMHFBL_03183	2506671662
OG0001179	CEKMHFBL_03182	2506671186, 2506671661
OG0001180	CEKMHFBL_01421	2506671197
OG0001181	CEKMHFBL_04229	2506671199
OG0001182	CEKMHFBL_01946	2506671235
OG0001183	CEKMHFBL_01947	2506671236
OG0001184	CEKMHFBL_01948	2506671237
OG0001185	CEKMHFBL_01949	2506671238
OG0001186	CEKMHFBL_01950	2506671239
OG0001187	CEKMHFBL_00565, CEKMHFBL_03162	2506671242
OG0001188	CEKMHFBL_00575	2506671251
OG0001189	CEKMHFBL_00576	2506671252
OG0001190	CEKMHFBL_00577	2506671253
OG0001191	CEKMHFBL_00578	2506671254
OG0001192	CEKMHFBL_00579	2506671255
OG0001193	CEKMHFBL_00581	2506671258
OG0001194	CEKMHFBL_00582	2506671259
OG0001195	CEKMHFBL_00584	2506671261
OG0001196	CEKMHFBL_00585	2506671262
OG0001197	CEKMHFBL_00999	2506671269
OG0001198	CEKMHFBL_02740	2506671272
OG0001199	CEKMHFBL_00965	2506671276
OG0001200	CEKMHFBL_00964	2506671277
OG0001201	CEKMHFBL_00963	2506671278
OG0001202	CEKMHFBL_02205	2506671282
OG0001204	CEKMHFBL_02201	2506671287
OG0001205	CEKMHFBL_02200	2506671288
OG0001206	CEKMHFBL_02199	2506671289
OG0001207	CEKMHFBL_02198	2506671290
OG0001208	CEKMHFBL_02197	2506671291
OG0001209	CEKMHFBL_04064	2506671301
OG0001210	CEKMHFBL_04063	2506671302
OG0001211	CEKMHFBL_04062	2506671303
OG0001212	CEKMHFBL_02146	2506671305
OG0001213	CEKMHFBL_02260	2506671313
OG0001214	CEKMHFBL_02261	2506671314
OG0001215	CEKMHFBL_02817	2506671316
OG0001216	CEKMHFBL_02816	2506671317
OG0001217	CEKMHFBL_04172	2506671318
OG0001218	CEKMHFBL_02815	2506671319
OG0001219	CEKMHFBL_02814	2506671320
OG0001220	CEKMHFBL_02287	2506672467, 2506671322
OG0001221	CEKMHFBL_02813	2506671323
OG0001222	CEKMHFBL_02812	2506671324
OG0001223	CEKMHFBL_02811	2506671325
OG0001224	CEKMHFBL_02810	2506671326
OG0001225	CEKMHFBL_03757	2506671334
OG0001226	CEKMHFBL_00998	2506671340
OG0001227	CEKMHFBL_00997	2506671341
OG0001228	CEKMHFBL_00996	2506671342
OG0001229	CEKMHFBL_00995	2506671343
OG0001230	CEKMHFBL_00994	2506671344
OG0001232	CEKMHFBL_03595	2506671351
OG0001233	CEKMHFBL_00971	2506671359
OG0001234	CEKMHFBL_00972	2506671360
OG0001235	CEKMHFBL_00973	2506671361
OG0001236	CEKMHFBL_00975	2506671364
OG0001237	CEKMHFBL_00976	2506671365
OG0001238	CEKMHFBL_00977	2506671366
OG0001239	CEKMHFBL_00126	2506671370
OG0001240	CEKMHFBL_00127	2506671371
OG0001241	CEKMHFBL_00089	2506671372
OG0001242	CEKMHFBL_00088	2506671373
OG0001243	CEKMHFBL_00087	2506671374
OG0001244	CEKMHFBL_00086	2506671375
OG0001245	CEKMHFBL_00082	2506671398
OG0001246	CEKMHFBL_00083	2506671399
OG0001247	CEKMHFBL_00084	2506671400
OG0001248	CEKMHFBL_00085	2506671401
OG0001249	CEKMHFBL_03609	2506671419
OG0001250	CEKMHFBL_02836	2506671430
OG0001251	CEKMHFBL_02839	2506671433
OG0001252	CEKMHFBL_00848	2506671434
OG0001253	CEKMHFBL_00849	2506671435
OG0001254	CEKMHFBL_01962	2506671442
OG0001255	CEKMHFBL_02082	2506671449
OG0001256	CEKMHFBL_02083	2506671450
OG0001257	CEKMHFBL_02084	2506671451
OG0001258	CEKMHFBL_02085	2506671452
OG0001259	CEKMHFBL_00625	2506671480
OG0001260	CEKMHFBL_00033, CEKMHFBL_00040	2506671486
OG0001261	CEKMHFBL_01674	2506671497
OG0001262	CEKMHFBL_00656	2506671532, 2506671798
OG0001263	CEKMHFBL_00645	2506671541
OG0001265	CEKMHFBL_00818	2506671602
OG0001266	CEKMHFBL_01496	2506671644
OG0001267	CEKMHFBL_02878	2506671651
OG0001268	CEKMHFBL_02877	2506671652
OG0001269	CEKMHFBL_02872	2506671657
OG0001270	CEKMHFBL_02871	2506671658
OG0001271	CEKMHFBL_02721	2506671666
OG0001272	CEKMHFBL_02719	2506671667
OG0001273	CEKMHFBL_02718	2506671677
OG0001274	CEKMHFBL_01324	2506671686
OG0001275	CEKMHFBL_00306	2506671691
OG0001276	CEKMHFBL_04018, CEKMHFBL_02149	2506671693
OG0001277	CEKMHFBL_00348	2506671707
OG0001278	CEKMHFBL_00349	2506671708
OG0001279	CEKMHFBL_00350	2506671709
OG0001280	CEKMHFBL_00351	2506671710
OG0001281	CEKMHFBL_00356	2506671715
OG0001282	CEKMHFBL_00357	2506671716
OG0001283	CEKMHFBL_00246	2506671718
OG0001284	CEKMHFBL_00247	2506671719
OG0001285	CEKMHFBL_00248	2506671720
OG0001286	CEKMHFBL_00250	2506671722
OG0001287	CEKMHFBL_00252	2506671723
OG0001288	CEKMHFBL_00253	2506671724
OG0001289	CEKMHFBL_00254	2506671725
OG0001290	CEKMHFBL_00496	2506671727
OG0001291	CEKMHFBL_00259	2506671730
OG0001292	CEKMHFBL_00673	2506671738
OG0001293	CEKMHFBL_03403	2506671745
OG0001294	CEKMHFBL_02660	2506671747
OG0001295	CEKMHFBL_03677	2506671751
OG0001296	CEKMHFBL_03676	2506671752
OG0001297	CEKMHFBL_03675	2506671753
OG0001298	CEKMHFBL_03674	2506671754
OG0001299	CEKMHFBL_04075	2506671757
OG0001300	CEKMHFBL_00850	2506671764
OG0001301	CEKMHFBL_03542	2506671783
OG0001302	CEKMHFBL_01312	2506671800
OG0001303	CEKMHFBL_02779	2506671801
OG0001304	CEKMHFBL_02782	2506671804
OG0001305	CEKMHFBL_02783	2506671805
OG0001306	CEKMHFBL_02785	2506671807
OG0001307	CEKMHFBL_02788	2506671809
OG0001308	CEKMHFBL_02618	2506671811
OG0001309	CEKMHFBL_00983	2506671831
OG0001310	CEKMHFBL_00982	2506671832
OG0001311	CEKMHFBL_00981	2506671833
OG0001312	CEKMHFBL_00980	2506671834
OG0001313	CEKMHFBL_04109	2506671851
OG0001314	CEKMHFBL_00236	2506671860
OG0001315	CEKMHFBL_00235	2506671861
OG0001316	CEKMHFBL_00227	2506671864
OG0001317	CEKMHFBL_00226	2506671865
OG0001318	CEKMHFBL_00225	2506671866
OG0001319	CEKMHFBL_03102	2506671870
OG0001320	CEKMHFBL_03083	2506671871
OG0001321	CEKMHFBL_02940	2506671873
OG0001322	CEKMHFBL_00081	2506671882
OG0001323	CEKMHFBL_00987	2506671884
OG0001324	CEKMHFBL_00988	2506671885
OG0001325	CEKMHFBL_00989	2506671886
OG0001326	CEKMHFBL_01455	2506671889
OG0001327	CEKMHFBL_01457	2506671891
OG0001328	CEKMHFBL_01458	2506671892
OG0001329	CEKMHFBL_01459	2506671893
OG0001330	CEKMHFBL_02292	2506671897
OG0001331	CEKMHFBL_02291	2506671898
OG0001332	CEKMHFBL_02251	2506671899
OG0001333	CEKMHFBL_01527	2506671914
OG0001334	CEKMHFBL_01526	2506671915
OG0001335	CEKMHFBL_01525	2506671916
OG0001336	CEKMHFBL_02252	2506671919
OG0001337	CEKMHFBL_02253	2506671920
OG0001338	CEKMHFBL_02254	2506671921
OG0001339	CEKMHFBL_02255	2506671922
OG0001340	CEKMHFBL_02258	2506671924
OG0001341	CEKMHFBL_02259	2506671925
OG0001342	CEKMHFBL_01386	2506671928
OG0001343	CEKMHFBL_01385	2506671929
OG0001344	CEKMHFBL_01384	2506671930
OG0001345	CEKMHFBL_01383	2506671931
OG0001346	CEKMHFBL_01382	2506671932
OG0001347	CEKMHFBL_03088	2506671934
OG0001348	CEKMHFBL_03087	2506671935
OG0001349	CEKMHFBL_01794	2506671936
OG0001350	CEKMHFBL_01795	2506671937
OG0001351	CEKMHFBL_01796	2506671938
OG0001352	CEKMHFBL_01797	2506671939
OG0001353	CEKMHFBL_01805	2506671949
OG0001354	CEKMHFBL_01627	2506671956
OG0001355	CEKMHFBL_01586	2506671957
OG0001356	CEKMHFBL_01626	2506671961
OG0001357	CEKMHFBL_01625	2506671962
OG0001358	CEKMHFBL_01624	2506671963
OG0001359	CEKMHFBL_03098	2506671965
OG0001360	CEKMHFBL_03100	2506671968
OG0001361	CEKMHFBL_02224	2506671970
OG0001362	CEKMHFBL_02225	2506671971
OG0001363	CEKMHFBL_00407	2506671978
OG0001364	CEKMHFBL_00408	2506671987
OG0001365	CEKMHFBL_00409	2506671989
OG0001366	CEKMHFBL_01889	2506671995
OG0001367	CEKMHFBL_01890	2506671996
OG0001368	CEKMHFBL_01891	2506671997
OG0001369	CEKMHFBL_01893	2506671999
OG0001370	CEKMHFBL_01894	2506672000
OG0001371	CEKMHFBL_01895	2506672001
OG0001372	CEKMHFBL_01896	2506672002
OG0001373	CEKMHFBL_01897	2506672003
OG0001374	CEKMHFBL_01899	2506672005
OG0001375	CEKMHFBL_01903	2506672011
OG0001376	CEKMHFBL_00522	2506672017
OG0001378	CEKMHFBL_00717	2506672040
OG0001379	CEKMHFBL_00730	2506672041
OG0001380	CEKMHFBL_00731	2506672042
OG0001381	CEKMHFBL_00733	2506672045
OG0001382	CEKMHFBL_00734	2506672046
OG0001383	CEKMHFBL_00735	2506672047
OG0001384	CEKMHFBL_00617	2506672060
OG0001385	CEKMHFBL_01776	2506672068
OG0001387	CEKMHFBL_00751	2506672107
OG0001388	CEKMHFBL_00750	2506672108
OG0001389	CEKMHFBL_00748	2506672112
OG0001390	CEKMHFBL_00746	2506672114
OG0001391	CEKMHFBL_00745	2506672145
OG0001392	CEKMHFBL_00744	2506672146
OG0001393	CEKMHFBL_00743	2506672147
OG0001394	CEKMHFBL_00742	2506672148
OG0001395	CEKMHFBL_00741	2506672153
OG0001396	CEKMHFBL_01291	2506672155
OG0001397	CEKMHFBL_01292	2506672156
OG0001398	CEKMHFBL_01294	2506672158
OG0001399	CEKMHFBL_01295	2506672159
OG0001400	CEKMHFBL_00940	2506672165
OG0001401	CEKMHFBL_00161	2506672181
OG0001402	CEKMHFBL_00159	2506672183
OG0001403	CEKMHFBL_00389	2506672187
OG0001404	CEKMHFBL_00154	2506672188
OG0001405	CEKMHFBL_00153	2506672189
OG0001406	CEKMHFBL_00152	2506672191
OG0001407	CEKMHFBL_00151	2506672192
OG0001408	CEKMHFBL_00150	2506672193
OG0001409	CEKMHFBL_00149	2506672194
OG0001410	CEKMHFBL_00148	2506672195
OG0001411	CEKMHFBL_00147	2506672196
OG0001412	CEKMHFBL_00146	2506672197
OG0001413	CEKMHFBL_00145	2506672198
OG0001414	CEKMHFBL_00144	2506672199
OG0001415	CEKMHFBL_00143	2506672200
OG0001416	CEKMHFBL_00142	2506672201
OG0001417	CEKMHFBL_00697	2506672224
OG0001418	CEKMHFBL_00698	2506672225
OG0001419	CEKMHFBL_01982, CEKMHFBL_00700	2506672228
OG0001420	CEKMHFBL_01991	2506672231
OG0001421	CEKMHFBL_01990	2506672232
OG0001422	CEKMHFBL_01989	2506672233
OG0001423	CEKMHFBL_01988	2506672234
OG0001424	CEKMHFBL_01035	2506672238
OG0001425	CEKMHFBL_01036	2506672239
OG0001426	CEKMHFBL_01037	2506672240
OG0001427	CEKMHFBL_01038	2506672241
OG0001428	CEKMHFBL_00114	2506672243
OG0001429	CEKMHFBL_00115	2506672244
OG0001430	CEKMHFBL_00116	2506672245
OG0001431	CEKMHFBL_00117	2506672247
OG0001432	CEKMHFBL_00119	2506672249
OG0001433	CEKMHFBL_00121	2506672251
OG0001434	CEKMHFBL_00124	2506672254
OG0001435	CEKMHFBL_00125	2506672255
OG0001436	CEKMHFBL_01939	2506672256
OG0001437	CEKMHFBL_02770	2506672257
OG0001438	CEKMHFBL_02768	2506672259
OG0001439	CEKMHFBL_02767	2506672260
OG0001440	CEKMHFBL_02766	2506672261
OG0001441	CEKMHFBL_02765	2506672262
OG0001442	CEKMHFBL_02764	2506672263
OG0001443	CEKMHFBL_02763	2506672264
OG0001444	CEKMHFBL_02762	2506672265
OG0001445	CEKMHFBL_02761	2506672266
OG0001446	CEKMHFBL_02760	2506672267
OG0001447	CEKMHFBL_02759	2506672268
OG0001448	CEKMHFBL_02757	2506672270
OG0001449	CEKMHFBL_02756	2506672271
OG0001450	CEKMHFBL_02755	2506672272
OG0001451	CEKMHFBL_02754	2506672273
OG0001452	CEKMHFBL_02414	2506672278
OG0001453	CEKMHFBL_02415	2506672279
OG0001454	CEKMHFBL_02416	2506672280
OG0001455	CEKMHFBL_02418	2506672282
OG0001456	CEKMHFBL_02420	2506672283
OG0001457	CEKMHFBL_01943	2506672308
OG0001458	CEKMHFBL_02621	2506672314
OG0001459	CEKMHFBL_02620	2506672315
OG0001460	CEKMHFBL_03730	2506672327
OG0001461	CEKMHFBL_03731	2506672328
OG0001462	CEKMHFBL_01434	2506672332
OG0001463	CEKMHFBL_01433	2506672333
OG0001464	CEKMHFBL_00053	2506672360
OG0001465	CEKMHFBL_00054	2506672361
OG0001466	CEKMHFBL_00057	2506672364
OG0001467	CEKMHFBL_00058	2506672365
OG0001468	CEKMHFBL_00059	2506672366
OG0001469	CEKMHFBL_00060	2506672367
OG0001470	CEKMHFBL_00061	2506672368
OG0001471	CEKMHFBL_00062	2506672369
OG0001472	CEKMHFBL_00065	2506672372
OG0001473	CEKMHFBL_00066	2506672373
OG0001474	CEKMHFBL_00067	2506672374
OG0001475	CEKMHFBL_00068	2506672375
OG0001476	CEKMHFBL_00069	2506672376
OG0001477	CEKMHFBL_00070	2506672377
OG0001478	CEKMHFBL_00071	2506672378
OG0001479	CEKMHFBL_00072	2506672379
OG0001480	CEKMHFBL_00073	2506672380
OG0001481	CEKMHFBL_00074	2506672381
OG0001482	CEKMHFBL_00075	2506672382
OG0001483	CEKMHFBL_00076	2506672383
OG0001484	CEKMHFBL_00077	2506672384
OG0001485	CEKMHFBL_00078	2506672385
OG0001486	CEKMHFBL_02312	2506672386
OG0001487	CEKMHFBL_02313	2506672387
OG0001488	CEKMHFBL_02314	2506672388
OG0001489	CEKMHFBL_02316	2506672389
OG0001490	CEKMHFBL_02317	2506672390
OG0001491	CEKMHFBL_02318	2506672391
OG0001492	CEKMHFBL_02319	2506672392
OG0001493	CEKMHFBL_02321	2506672394
OG0001494	CEKMHFBL_02322	2506672395
OG0001495	CEKMHFBL_02323	2506672396
OG0001496	CEKMHFBL_02324	2506672397
OG0001497	CEKMHFBL_02325	2506672398
OG0001498	CEKMHFBL_02326	2506672399
OG0001499	CEKMHFBL_02327	2506672400
OG0001500	CEKMHFBL_02139	2506672402
OG0001501	CEKMHFBL_02127	2506672403
OG0001502	CEKMHFBL_02125	2506672405
OG0001503	CEKMHFBL_02124	2506672406
OG0001504	CEKMHFBL_02123	2506672407
OG0001505	CEKMHFBL_02379	2506672698, 2506672419
OG0001506	CEKMHFBL_02617	2506672424
OG0001507	CEKMHFBL_03794	2506672446
OG0001508	CEKMHFBL_03793	2506672449
OG0001509	CEKMHFBL_03792	2506672450
OG0001510	CEKMHFBL_03791	2506672451
OG0001511	CEKMHFBL_03788	2506672454
OG0001512	CEKMHFBL_03787	2506672455
OG0001513	CEKMHFBL_01723	2506672460
OG0001514	CEKMHFBL_01554	2506672466
OG0001518	CEKMHFBL_01537	2506672482
OG0001519	CEKMHFBL_01628	2506672483
OG0001520	CEKMHFBL_01631	2506672486
OG0001521	CEKMHFBL_01632	2506672487
OG0001522	CEKMHFBL_01184	2506672488
OG0001523	CEKMHFBL_01928	2506672492
OG0001524	CEKMHFBL_02235	2506672493
OG0001525	CEKMHFBL_02236, CEKMHFBL_03201	2506672494
OG0001526	CEKMHFBL_00689	2506672496
OG0001527	CEKMHFBL_00690	2506672497
OG0001528	CEKMHFBL_01098	2506672498
OG0001529	CEKMHFBL_01097	2506672499
OG0001530	CEKMHFBL_00451	2506672504
OG0001531	CEKMHFBL_02380	2506672514
OG0001532	CEKMHFBL_01432	2506672516
OG0001533	CEKMHFBL_01429	2506672526
OG0001534	CEKMHFBL_01957	2506672527
OG0001535	CEKMHFBL_02238	2506672529
OG0001536	CEKMHFBL_02239	2506672530
OG0001537	CEKMHFBL_02241	2506672532
OG0001538	CEKMHFBL_02244	2506672535
OG0001539	CEKMHFBL_02245	2506672536
OG0001540	CEKMHFBL_03658	2506672540
OG0001541	CEKMHFBL_03657	2506672542
OG0001542	CEKMHFBL_03656	2506672543
OG0001543	CEKMHFBL_02646	2506672546
OG0001544	CEKMHFBL_01468	2506672547
OG0001545	CEKMHFBL_01322	2506672548
OG0001546	CEKMHFBL_03654	2506672550
OG0001547	CEKMHFBL_03653	2506672551
OG0001548	CEKMHFBL_03650	2506672554
OG0001549	CEKMHFBL_03648	2506672556
OG0001550	CEKMHFBL_03646	2506672558
OG0001551	CEKMHFBL_02851	2506672559
OG0001552	CEKMHFBL_02848	2506672562
OG0001553	CEKMHFBL_02847	2506672563
OG0001554	CEKMHFBL_02845	2506672565
OG0001555	CEKMHFBL_02844	2506672566
OG0001556	CEKMHFBL_03574	2506672569
OG0001557	CEKMHFBL_03573	2506672572
OG0001558	CEKMHFBL_02109	2506672579
OG0001559	CEKMHFBL_02104	2506672581
OG0001560	CEKMHFBL_02106	2506672591
OG0001561	CEKMHFBL_00773	2506672599
OG0001562	CEKMHFBL_04120	2506672631
OG0001563	CEKMHFBL_04119	2506672632
OG0001564	CEKMHFBL_00542	2506672633
OG0001565	CEKMHFBL_04118	2506672634
OG0001566	CEKMHFBL_04117	2506672636
OG0001567	CEKMHFBL_04116	2506672639
OG0001568	CEKMHFBL_04133	2506672654
OG0001569	CEKMHFBL_04132	2506672655
OG0001570	CEKMHFBL_01652	2506672669
OG0001571	CEKMHFBL_01039	2506672670
OG0001572	CEKMHFBL_02016	2506672672
OG0001573	CEKMHFBL_02040	2506672675
OG0001574	CEKMHFBL_02041	2506672676
OG0001575	CEKMHFBL_02042	2506672677
OG0001576	CEKMHFBL_02043	2506672678
OG0001577	CEKMHFBL_02044	2506672679
OG0001578	CEKMHFBL_02045	2506672680
OG0001579	CEKMHFBL_02046	2506672681
OG0001580	CEKMHFBL_02047	2506672682
OG0001581	CEKMHFBL_02048	2506672683
OG0001582	CEKMHFBL_02049	2506672684
OG0001583	CEKMHFBL_02050	2506672685
OG0001584	CEKMHFBL_01187	2506672687
OG0001585	CEKMHFBL_00768	2506672689
OG0001586	CEKMHFBL_00766	2506672690
OG0001587	CEKMHFBL_00765	2506672691
OG0001588	CEKMHFBL_00764	2506672692
OG0001589	CEKMHFBL_00761	2506672695
OG0001590	CEKMHFBL_02378	2506672699
OG0001666	CEKMHFBL_01686	2506669358
OG0001667	CEKMHFBL_01685	2506669359
OG0001668	CEKMHFBL_01174	2506669365
OG0001669	CEKMHFBL_00135	2506669384
OG0001670	CEKMHFBL_03136	2506669392
OG0001671	CEKMHFBL_01821	2506669396
OG0001672	CEKMHFBL_03864	2506669416
OG0001673	CEKMHFBL_00671	2506669449
OG0001674	CEKMHFBL_01906	2506669470
OG0001675	CEKMHFBL_03824	2506669475
OG0001676	CEKMHFBL_00824	2506669482
OG0001678	CEKMHFBL_01494	2506669510
OG0001679	CEKMHFBL_01487	2506669521
OG0001680	CEKMHFBL_01486	2506669522
OG0001681	CEKMHFBL_01485	2506669523
OG0001682	CEKMHFBL_04007	2506669585
OG0001683	CEKMHFBL_04006	2506669586
OG0001684	CEKMHFBL_04005	2506669587
OG0001685	CEKMHFBL_04004	2506669588
OG0001686	CEKMHFBL_03109	2506669595
OG0001687	CEKMHFBL_04003	2506669600
OG0001688	CEKMHFBL_04000	2506669604
OG0001689	CEKMHFBL_03999	2506669605
OG0001690	CEKMHFBL_03998	2506669606
OG0001691	CEKMHFBL_03751	2506669615
OG0001692	CEKMHFBL_01399	2506669626
OG0001693	CEKMHFBL_02647	2506669637
OG0001694	CEKMHFBL_04067	2506669671
OG0001695	CEKMHFBL_02643	2506669699
OG0001696	CEKMHFBL_01012	2506669712
OG0001697	CEKMHFBL_01013	2506669713
OG0001698	CEKMHFBL_01014	2506669714
OG0001699	CEKMHFBL_01015	2506669716
OG0001700	CEKMHFBL_01022	2506669719
OG0001701	CEKMHFBL_01833	2506669723
OG0001702	CEKMHFBL_01222	2506669735
OG0001703	CEKMHFBL_03642	2506669778
OG0001704	CEKMHFBL_03643	2506669779
OG0001705	CEKMHFBL_02262	2506669790
OG0001706	CEKMHFBL_01934	2506669797
OG0001707	CEKMHFBL_04171	2506669798
OG0001709	CEKMHFBL_01641	2506669815
OG0001710	CEKMHFBL_03085	2506669829
OG0001711	CEKMHFBL_00654	2506669831
OG0001712	CEKMHFBL_02030	2506669841
OG0001714	CEKMHFBL_02032	2506669849
OG0001715	CEKMHFBL_02033	2506669852
OG0001716	CEKMHFBL_01422	2506669853
OG0001717	CEKMHFBL_00595	2506669854
OG0001718	CEKMHFBL_00594	2506669855
OG0001719	CEKMHFBL_00593	2506669856
OG0001720	CEKMHFBL_00001	2506669859
OG0001721	CEKMHFBL_00863	2506669905, 2506671883
OG0001722	CEKMHFBL_03956	2506669917
OG0001723	CEKMHFBL_01617	2506669923
OG0001724	CEKMHFBL_03729	2506669930, 2506672583
OG0001725	CEKMHFBL_00048	2506669935
OG0001726	CEKMHFBL_03485	2506669947
OG0001727	CEKMHFBL_02359	2506669973
OG0001728	CEKMHFBL_02360	2506669974
OG0001729	CEKMHFBL_02362	2506669976
OG0001730	CEKMHFBL_03470	2506669987
OG0001731	CEKMHFBL_00693	2506670005
OG0001732	CEKMHFBL_02989	2506670035
OG0001733	CEKMHFBL_02990	2506670036
OG0001734	CEKMHFBL_01246	2506670037
OG0001735	CEKMHFBL_02571	2506670040
OG0001736	CEKMHFBL_02570	2506670041
OG0001737	CEKMHFBL_03474	2506670047
OG0001738	CEKMHFBL_04166	2506670053
OG0001739	CEKMHFBL_00030	2506670064
OG0001740	CEKMHFBL_02356	2506670065
OG0001741	CEKMHFBL_00021	2506670074
OG0001742	CEKMHFBL_00020	2506670075
OG0001743	CEKMHFBL_00019	2506670076
OG0001744	CEKMHFBL_00017	2506670078
OG0001745	CEKMHFBL_00016	2506670079
OG0001746	CEKMHFBL_00015	2506670080
OG0001747	CEKMHFBL_00014	2506670081
OG0001748	CEKMHFBL_00013	2506670082
OG0001749	CEKMHFBL_03881	2506670085
OG0001750	CEKMHFBL_01932	2506670094
OG0001751	CEKMHFBL_02221	2506670097
OG0001752	CEKMHFBL_03407	2506670100
OG0001753	CEKMHFBL_00296	2506670109
OG0001754	CEKMHFBL_00291	2506670112
OG0001755	CEKMHFBL_01398	2506670126
OG0001758	CEKMHFBL_00840	2506670136, 2506671045
OG0001759	CEKMHFBL_00839	2506670137
OG0001760	CEKMHFBL_00837	2506670139
OG0001761	CEKMHFBL_00836	2506670140
OG0001762	CEKMHFBL_00835	2506670141
OG0001763	CEKMHFBL_00834	2506670142
OG0001764	CEKMHFBL_00833	2506670143
OG0001765	CEKMHFBL_00832	2506670144
OG0001766	CEKMHFBL_00831	2506670145
OG0001767	CEKMHFBL_02464	2506670177
OG0001768	CEKMHFBL_02451	2506670189
OG0001769	CEKMHFBL_00272	2506670195
OG0001770	CEKMHFBL_03872	2506670200
OG0001771	CEKMHFBL_02111, CEKMHFBL_01177	2506670213
OG0001772	CEKMHFBL_01176	2506670214
OG0001773	CEKMHFBL_03269	2506670223
OG0001774	CEKMHFBL_03267	2506670225
OG0001775	CEKMHFBL_02692	2506670244, 2506672033
OG0001776	CEKMHFBL_00489	2506670245
OG0001777	CEKMHFBL_00488	2506670246
OG0001778	CEKMHFBL_00487	2506670247
OG0001779	CEKMHFBL_00486	2506670248
OG0001780	CEKMHFBL_00485	2506670249
OG0001781	CEKMHFBL_00484	2506670250
OG0001782	CEKMHFBL_00483	2506670251
OG0001783	CEKMHFBL_03632	2506670277
OG0001784	CEKMHFBL_01076	2506670279
OG0001785	CEKMHFBL_00779	2506670283
OG0001786	CEKMHFBL_03461	2506670286
OG0001788	CEKMHFBL_01199	2506670342
OG0001789	CEKMHFBL_01028	2506670345
OG0001790	CEKMHFBL_02212	2506670355
OG0001791	CEKMHFBL_00449	2506670359
OG0001792	CEKMHFBL_01556	2506670363
OG0001793	CEKMHFBL_00883	2506670366
OG0001794	CEKMHFBL_01693	2506670382
OG0001795	CEKMHFBL_03355	2506670386
OG0001796	CEKMHFBL_03484	2506670392
OG0001797	CEKMHFBL_03483	2506670393
OG0001798	CEKMHFBL_03482	2506670394
OG0001799	CEKMHFBL_03481	2506670395
OG0001800	CEKMHFBL_01592	2506670401
OG0001801	CEKMHFBL_00362	2506670407
OG0001802	CEKMHFBL_00194	2506670466
OG0001803	CEKMHFBL_04039, CEKMHFBL_00201	2506670473
OG0001804	CEKMHFBL_00202, CEKMHFBL_04038	2506670474
OG0001805	CEKMHFBL_04023	2506670488
OG0001806	CEKMHFBL_01975	2506670502
OG0001807	CEKMHFBL_00139	2506670506
OG0001808	CEKMHFBL_01979	2506670519
OG0001809	CEKMHFBL_01978	2506670520
OG0001810	CEKMHFBL_02274	2506670560
OG0001811	CEKMHFBL_01721	2506671306, 2506670590
OG0001812	CEKMHFBL_02409	2506670621
OG0001813	CEKMHFBL_00012	2506670627
OG0001814	CEKMHFBL_00009	2506670633
OG0001815	CEKMHFBL_00002	2506670640
OG0001816	CEKMHFBL_00323	2506670642
OG0001817	CEKMHFBL_03575	2506672477, 2506671598, 2506670687, 2506671793
OG0001818	CEKMHFBL_02681	2506670704
OG0001819	CEKMHFBL_03631	2506670712
OG0001820	CEKMHFBL_03630	2506670713
OG0001821	CEKMHFBL_02919	2506670725
OG0001822	CEKMHFBL_02914	2506670741
OG0001823	CEKMHFBL_02069	2506670762
OG0001824	CEKMHFBL_02068	2506670763
OG0001825	CEKMHFBL_02067	2506670764
OG0001826	CEKMHFBL_02066	2506670765
OG0001827	CEKMHFBL_02057	2506670774
OG0001828	CEKMHFBL_00619	2506670804
OG0001829	CEKMHFBL_00563	2506670842
OG0001831	CEKMHFBL_00739	2506670877
OG0001832	CEKMHFBL_01511	2506670881
OG0001833	CEKMHFBL_00383	2506670892
OG0001834	CEKMHFBL_00374	2506670896
OG0001835	CEKMHFBL_01078	2506670908
OG0001836	CEKMHFBL_03420	2506670915
OG0001837	CEKMHFBL_03424	2506670919
OG0001838	CEKMHFBL_03432	2506670926
OG0001839	CEKMHFBL_03433	2506670927
OG0001840	CEKMHFBL_03434	2506670928
OG0001841	CEKMHFBL_04204	2506670950
OG0001842	CEKMHFBL_01034	2506670954
OG0001843	CEKMHFBL_02665	2506670976
OG0001844	CEKMHFBL_02664	2506670977
OG0001845	CEKMHFBL_02666	2506670981
OG0001846	CEKMHFBL_02672	2506670996
OG0001847	CEKMHFBL_02673	2506670997
OG0001848	CEKMHFBL_02674	2506670998
OG0001849	CEKMHFBL_02675	2506670999
OG0001850	CEKMHFBL_02677	2506671005
OG0001852	CEKMHFBL_03561	2506671014
OG0001854	CEKMHFBL_02131, CEKMHFBL_00540	2506671039
OG0001855	CEKMHFBL_02976	2506671042
OG0001856	CEKMHFBL_02982	2506671049
OG0001857	CEKMHFBL_02983	2506671050
OG0001858	CEKMHFBL_02985	2506671052
OG0001859	CEKMHFBL_03581	2506671093
OG0001860	CEKMHFBL_04247	2506671125
OG0001861	CEKMHFBL_01700	2506671159
OG0001862	CEKMHFBL_03835	2506671170, 2506671750
OG0001863	CEKMHFBL_03244	2506671189
OG0001864	CEKMHFBL_04228	2506671200
OG0001865	CEKMHFBL_00566	2506671243
OG0001866	CEKMHFBL_00567	2506671244
OG0001867	CEKMHFBL_00569	2506671245
OG0001868	CEKMHFBL_00570	2506671246
OG0001869	CEKMHFBL_00571	2506671247
OG0001870	CEKMHFBL_00572	2506671248
OG0001871	CEKMHFBL_00573	2506671249
OG0001872	CEKMHFBL_00580	2506671257
OG0001873	CEKMHFBL_00962	2506671279
OG0001874	CEKMHFBL_01883	2506671315
OG0001875	CEKMHFBL_02808	2506671328
OG0001876	CEKMHFBL_02276	2506671346
OG0001877	CEKMHFBL_03598	2506671348
OG0001878	CEKMHFBL_03593	2506671353
OG0001879	CEKMHFBL_03592	2506671354
OG0001880	CEKMHFBL_03591	2506671355
OG0001881	CEKMHFBL_03590	2506671356
OG0001882	CEKMHFBL_03589	2506671357
OG0001883	CEKMHFBL_00970	2506671358
OG0001884	CEKMHFBL_00974	2506671363
OG0001886	CEKMHFBL_04043	2506671402
OG0001887	CEKMHFBL_00718	2506671420
OG0001888	CEKMHFBL_02837	2506671431
OG0001889	CEKMHFBL_02419	2506671457
OG0001890	CEKMHFBL_01296	2506671498
OG0001891	CEKMHFBL_00471	2506671503
OG0001894	CEKMHFBL_02513	2506671562
OG0001896	CEKMHFBL_02341	2506671607
OG0001897	CEKMHFBL_02527	2506671650
OG0001898	CEKMHFBL_02876	2506671653
OG0001899	CEKMHFBL_02874	2506671655
OG0001900	CEKMHFBL_02873	2506671656
OG0001902	CEKMHFBL_00325	2506671698
OG0001903	CEKMHFBL_00354	2506671713
OG0001904	CEKMHFBL_00667	2506671732
OG0001905	CEKMHFBL_00668	2506671733
OG0001906	CEKMHFBL_00677	2506671741
OG0001907	CEKMHFBL_00678	2506671742
OG0001908	CEKMHFBL_04214	2506671759
OG0001909	CEKMHFBL_04215	2506671760
OG0001910	CEKMHFBL_01965	2506671788
OG0001911	CEKMHFBL_02298	2506671797
OG0001912	CEKMHFBL_00984	2506671830
OG0001913	CEKMHFBL_00979	2506671844
OG0001914	CEKMHFBL_01456	2506671890
OG0001915	CEKMHFBL_02723	2506671913
OG0001916	CEKMHFBL_01387	2506671927
OG0001917	CEKMHFBL_02220	2506671966
OG0001918	CEKMHFBL_00344	2506671974
OG0001919	CEKMHFBL_01477	2506671979
OG0001920	CEKMHFBL_02730, CEKMHFBL_03186	2506671981
OG0001922	CEKMHFBL_01900	2506672006
OG0001923	CEKMHFBL_00826	2506672018
OG0001924	CEKMHFBL_03735	2506672025
OG0001925	CEKMHFBL_00732	2506672044
OG0001926	CEKMHFBL_03457	2506672050
OG0001927	CEKMHFBL_03458	2506672051
OG0001928	CEKMHFBL_00615	2506672058
OG0001929	CEKMHFBL_00618	2506672061
OG0001930	CEKMHFBL_01876	2506672066
OG0001931	CEKMHFBL_01293	2506672157
OG0001932	CEKMHFBL_00156	2506672185
OG0001933	CEKMHFBL_02408	2506672242
OG0001934	CEKMHFBL_00120	2506672250
OG0001935	CEKMHFBL_02758	2506672269
OG0001936	CEKMHFBL_02417	2506672281
OG0001937	CEKMHFBL_00340	2506672303
OG0001938	CEKMHFBL_01435	2506672331
OG0001939	CEKMHFBL_02320	2506672393
OG0001940	CEKMHFBL_03796	2506672444
OG0001941	CEKMHFBL_03789	2506672453
OG0001942	CEKMHFBL_03452	2506672456
OG0001943	CEKMHFBL_01726	2506672457
OG0001944	CEKMHFBL_02304	2506672471
OG0001947	CEKMHFBL_01090	2506672500
OG0001948	CEKMHFBL_01888	2506672502
OG0001949	CEKMHFBL_02240	2506672531
OG0001950	CEKMHFBL_02243	2506672534
OG0001951	CEKMHFBL_03358, CEKMHFBL_03354	2506672575
OG0001952	CEKMHFBL_03360	2506672577
OG0001953	CEKMHFBL_00141	2506672638
OG0001954	CEKMHFBL_01209	2506672640
OG0001955	CEKMHFBL_00763	2506672693
OG0001956	CEKMHFBL_02678	2506672715
OG0002120	CEKMHFBL_01308	2506669379
OG0002121	CEKMHFBL_02167	2506669402
OG0002123	CEKMHFBL_01678	2506669472
OG0002124	CEKMHFBL_00778	2506669487
OG0002125	CEKMHFBL_03886	2506669607
OG0002126	CEKMHFBL_01401	2506669628
OG0002127	CEKMHFBL_00543	2506669646
OG0002130	CEKMHFBL_00134	2506669752
OG0002131	CEKMHFBL_00133	2506669753
OG0002133	CEKMHFBL_01940	2506669833
OG0002135	CEKMHFBL_00935	2506669850, 2506672352
OG0002137	CEKMHFBL_02382	2506669872
OG0002140	CEKMHFBL_01677	2506670016
OG0002141	CEKMHFBL_00027	2506670068
OG0002142	CEKMHFBL_02222	2506670098
OG0002143	CEKMHFBL_00292	2506670111
OG0002144	CEKMHFBL_01806	2506670125
OG0002146	CEKMHFBL_00838	2506670138
OG0002148	CEKMHFBL_03039	2506670202
OG0002149	CEKMHFBL_00436	2506670203
OG0002150	CEKMHFBL_00890	2506670281
OG0002151	CEKMHFBL_00852	2506670346
OG0002152	CEKMHFBL_03879	2506670380
OG0002153	CEKMHFBL_02746	2506670385
OG0002155	CEKMHFBL_00785	2506670388
OG0002156	CEKMHFBL_03666	2506672323, 2506670420
OG0002157	CEKMHFBL_01987	2506670430
OG0002158	CEKMHFBL_00197	2506670469
OG0002159	CEKMHFBL_00210, CEKMHFBL_04030	2506670482
OG0002160	CEKMHFBL_03342	2506670493
OG0002161	CEKMHFBL_01272	2506670511
OG0002162	CEKMHFBL_03378	2506670516
OG0002164	CEKMHFBL_02388	2506670552
OG0002165	CEKMHFBL_04046	2506670559
OG0002166	CEKMHFBL_01717	2506671310, 2506670588
OG0002167	CEKMHFBL_02299	2506670593
OG0002168	CEKMHFBL_02300	2506670594
OG0002169	CEKMHFBL_02301	2506670595
OG0002170	CEKMHFBL_02302	2506670596
OG0002171	CEKMHFBL_02303	2506670597
OG0002172	CEKMHFBL_00100	2506670616
OG0002173	CEKMHFBL_00010	2506670629
OG0002175	CEKMHFBL_02726	2506670711
OG0002176	CEKMHFBL_03362	2506670799
OG0002177	CEKMHFBL_00855	2506670809
OG0002179	CEKMHFBL_04216	2506670867
OG0002180	CEKMHFBL_00378	2506670889
OG0002181	CEKMHFBL_00414	2506670906
OG0002182	CEKMHFBL_03400	2506670970
OG0002183	CEKMHFBL_03401	2506670972
OG0002184	CEKMHFBL_02669	2506670983
OG0002185	CEKMHFBL_02676	2506671001
OG0002186	CEKMHFBL_03325	2506671131
OG0002188	CEKMHFBL_03184	2506671184, 2506671663
OG0002189	CEKMHFBL_03242	2506671187
OG0002190	CEKMHFBL_03243	2506671188
OG0002191	CEKMHFBL_03246	2506671191
OG0002192	CEKMHFBL_03248	2506671193
OG0002193	CEKMHFBL_03252	2506671196
OG0002194	CEKMHFBL_04227	2506671201
OG0002195	CEKMHFBL_04226	2506671202
OG0002196	CEKMHFBL_03713	2506671203
OG0002197	CEKMHFBL_03714	2506671204
OG0002198	CEKMHFBL_03715	2506671205
OG0002199	CEKMHFBL_02351	2506671208
OG0002200	CEKMHFBL_03253	2506671210
OG0002201	CEKMHFBL_03254	2506671211
OG0002202	CEKMHFBL_03255	2506671212
OG0002203	CEKMHFBL_03256	2506671213
OG0002204	CEKMHFBL_00601	2506671215
OG0002205	CEKMHFBL_02370	2506671240
OG0002207	CEKMHFBL_01719	2506671308
OG0002208	CEKMHFBL_01718	2506671309
OG0002209	CEKMHFBL_03597	2506671349
OG0002210	CEKMHFBL_03596	2506671350
OG0002213	CEKMHFBL_02308	2506671404
OG0002214	CEKMHFBL_03740	2506671406
OG0002215	CEKMHFBL_03739	2506671407
OG0002216	CEKMHFBL_03890	2506671543
OG0002217	CEKMHFBL_00854	2506671551
OG0002218	CEKMHFBL_03553	2506671564
OG0002219	CEKMHFBL_00297	2506671605
OG0002220	CEKMHFBL_02340	2506671608
OG0002221	CEKMHFBL_01966	2506671611
OG0002222	CEKMHFBL_01192	2506671634
OG0002223	CEKMHFBL_03847, CEKMHFBL_00222, CEKMHFBL_01127	2506671646
OG0002224	CEKMHFBL_03849	2506671648
OG0002225	CEKMHFBL_03180	2506671660
OG0002226	CEKMHFBL_02887	2506671679
OG0002227	CEKMHFBL_02888	2506671680
OG0002228	CEKMHFBL_01183	2506671685
OG0002229	CEKMHFBL_00669	2506671734
OG0002230	CEKMHFBL_04073	2506671756
OG0002232	CEKMHFBL_01972	2506671790
OG0002233	CEKMHFBL_02619	2506671810
OG0002234	CEKMHFBL_02108	2506671822, 2506672592
OG0002235	CEKMHFBL_03702	2506671846
OG0002236	CEKMHFBL_03165	2506671855
OG0002237	CEKMHFBL_00080	2506671881
OG0002238	CEKMHFBL_00777	2506671926
OG0002239	CEKMHFBL_01206	2506671960
OG0002240	CEKMHFBL_01855	2506671980
OG0002241	CEKMHFBL_01908	2506672012
OG0002242	CEKMHFBL_03097	2506672021
OG0002243	CEKMHFBL_03459	2506672052
OG0002244	CEKMHFBL_01877	2506672062
OG0002245	CEKMHFBL_03959	2506672071
OG0002246	CEKMHFBL_00647	2506672075
OG0002247	CEKMHFBL_02172	2506672174
OG0002248	CEKMHFBL_03644	2506672285
OG0002250	CEKMHFBL_03871	2506672317
OG0002251	CEKMHFBL_01602	2506672357
OG0002252	CEKMHFBL_03795	2506672445
OG0002253	CEKMHFBL_01430	2506672524
OG0002255	CEKMHFBL_03359	2506672576
OG0002256	CEKMHFBL_03361	2506672578
OG0002257	CEKMHFBL_02998	2506672618
OG0002258	CEKMHFBL_02996	2506672620
OG0002259	CEKMHFBL_04131	2506672656
OG0002260	CEKMHFBL_02151	2506672716
OG0002533	CEKMHFBL_04097	2506669360
OG0002534	CEKMHFBL_03311	2506669362
OG0002539	CEKMHFBL_03078	2506669484
OG0002540	CEKMHFBL_01504	2506669494
OG0002541	CEKMHFBL_01240	2506669506
OG0002542	CEKMHFBL_00090	2506669520
OG0002544	CEKMHFBL_01715	2506669565
OG0002545	CEKMHFBL_00352	2506669578, 2506671712
OG0002546	CEKMHFBL_03040	2506669658
OG0002548	CEKMHFBL_04099	2506669757
OG0002551	CEKMHFBL_02110	2506672275, 2506669896
OG0002552	CEKMHFBL_00419, CEKMHFBL_00421, CEKMHFBL_03803	2506670060
OG0002554	CEKMHFBL_03883	2506670086
OG0002556	CEKMHFBL_01542	2506670114
OG0002557	CEKMHFBL_00810	2506670231
OG0002558	CEKMHFBL_00319	2506670263
OG0002560	CEKMHFBL_03767	2506670319
OG0002563	CEKMHFBL_03125	2506670549
OG0002566	CEKMHFBL_00508	2506670722
OG0002567	CEKMHFBL_04148	2506670724
OG0002571	CEKMHFBL_00381	2506670890
OG0002572	CEKMHFBL_00382	2506670891
OG0002573	CEKMHFBL_01389	2506670991
OG0002574	CEKMHFBL_02701	2506671003
OG0002575	CEKMHFBL_02491	2506671046
OG0002577	CEKMHFBL_03586	2506671113
OG0002578	CEKMHFBL_03587	2506671114
OG0002579	CEKMHFBL_01870	2506671138
OG0002580	CEKMHFBL_00629	2506671183
OG0002581	CEKMHFBL_03251	2506671195
OG0002582	CEKMHFBL_02539	2506671221
OG0002585	CEKMHFBL_00431	2506671284
OG0002587	CEKMHFBL_01351	2506671494
OG0002588	CEKMHFBL_03516	2506671511
OG0002591	CEKMHFBL_00265	2506671566
OG0002593	CEKMHFBL_02535	2506671609
OG0002594	CEKMHFBL_03848	2506671647
OG0002595	CEKMHFBL_01278, CEKMHFBL_03765	2506671700
OG0002598	CEKMHFBL_01637	2506671773
OG0002599	CEKMHFBL_03104	2506671872
OG0002601	CEKMHFBL_00724	2506671896
OG0002602	CEKMHFBL_01544	2506671953
OG0002603	CEKMHFBL_01543	2506671954
OG0002604	CEKMHFBL_00430	2506672007
OG0002605	CEKMHFBL_00938	2506672099
OG0002606	CEKMHFBL_03957	2506672111
OG0002610	CEKMHFBL_00945	2506672336
OG0002612	CEKMHFBL_00041	2506672410
OG0002614	CEKMHFBL_02641	2506672431
OG0002617	CEKMHFBL_02208	2506672619
OG0002618	CEKMHFBL_01541, CEKMHFBL_01392	2506672629
OG0002619	CEKMHFBL_03799	2506672644
OG0002620	CEKMHFBL_02270, CEKMHFBL_01539	2506672652
OG0002850	CEKMHFBL_03081	2506669367, 2506672626
OG0002851	CEKMHFBL_01289	2506669408
OG0002852	CEKMHFBL_00385	2506671952, 2506669442
OG0002854	CEKMHFBL_01679	2506669471
OG0002855	CEKMHFBL_03240	2506669519
OG0002861	CEKMHFBL_02286	2506669644
OG0002867	CEKMHFBL_01588	2506669900
OG0002868	CEKMHFBL_00727	2506669901
OG0002869	CEKMHFBL_03328	2506669961, 2506670297
OG0002870	CEKMHFBL_04155	2506669981
OG0002875	CEKMHFBL_00759	2506670268
OG0002880	CEKMHFBL_03738	2506670340
OG0002887	CEKMHFBL_00361	2506670406
OG0002888	CEKMHFBL_03665	2506670421
OG0002889	CEKMHFBL_03664	2506670422
OG0002893	CEKMHFBL_00237	2506670664
OG0002895	CEKMHFBL_03366	2506670795
OG0002896	CEKMHFBL_03365	2506670796
OG0002897	CEKMHFBL_03364	2506670797
OG0002898	CEKMHFBL_03363	2506670798
OG0002902	CEKMHFBL_01163	2506670879
OG0002903	CEKMHFBL_04156	2506670948
OG0002905	CEKMHFBL_02691	2506670986
OG0002907	CEKMHFBL_02540	2506671116
OG0002908	CEKMHFBL_02541	2506671117
OG0002909	CEKMHFBL_02542	2506671118
OG0002910	CEKMHFBL_02543	2506671119
OG0002911	CEKMHFBL_02544	2506671120
OG0002912	CEKMHFBL_02545	2506671121
OG0002913	CEKMHFBL_02546	2506671133
OG0002914	CEKMHFBL_02547	2506671134
OG0002915	CEKMHFBL_02548	2506671135
OG0002916	CEKMHFBL_02534	2506671141
OG0002917	CEKMHFBL_02533	2506671143
OG0002918	CEKMHFBL_02532	2506671144
OG0002919	CEKMHFBL_02531	2506671145
OG0002920	CEKMHFBL_02530	2506671146
OG0002922	CEKMHFBL_03113	2506671274
OG0002923	CEKMHFBL_02809	2506671327
OG0002924	CEKMHFBL_02807	2506671329
OG0002925	CEKMHFBL_02806	2506671330
OG0002926	CEKMHFBL_02277	2506671367
OG0002928	CEKMHFBL_02538	2506671524
OG0002929	CEKMHFBL_01619	2506671559
OG0002930	CEKMHFBL_00266	2506671565
OG0002931	CEKMHFBL_03349	2506671604
OG0002932	CEKMHFBL_02537	2506671613
OG0002935	CEKMHFBL_02638	2506671774
OG0002938	CEKMHFBL_00137	2506671792
OG0002939	CEKMHFBL_04150	2506671923
OG0002947	CEKMHFBL_01204	2506672432
OG0002949	CEKMHFBL_00402	2506672472
OG0003229	CEKMHFBL_01813	2506669618
OG0003231	CEKMHFBL_03626	2506669654
OG0003234	CEKMHFBL_01314	2506669703
OG0003236	CEKMHFBL_01281	2506669881
OG0003245	CEKMHFBL_00820	2506669962
OG0003246	CEKMHFBL_02950	2506670146
OG0003247	CEKMHFBL_04238	2506670150
OG0003249	CEKMHFBL_01557	2506670218
OG0003255	CEKMHFBL_01916	2506670494
OG0003261	CEKMHFBL_00781	2506670734
OG0003265	CEKMHFBL_03446	2506670941, 2506672648
OG0003266	CEKMHFBL_03447	2506670942, 2506672647
OG0003269	CEKMHFBL_01203	2506671056
OG0003270	CEKMHFBL_04248	2506671126
OG0003274	CEKMHFBL_04231	2506671198
OG0003275	CEKMHFBL_03346	2506671285
OG0003277	CEKMHFBL_03754	2506671332
OG0003283	CEKMHFBL_01731	2506671482
OG0003284	CEKMHFBL_01881, CEKMHFBL_02439	2506671490
OG0003296	CEKMHFBL_01840	2506671587
OG0003303	CEKMHFBL_01755, CEKMHFBL_03164	2506671858
OG0003305	CEKMHFBL_03611	2506671959
OG0003306	CEKMHFBL_02021	2506671993
OG0003316	CEKMHFBL_03897	2506672464
OG0003317	CEKMHFBL_00687	2506672495
OG0003322	CEKMHFBL_02011	2506672585
OG0003324	CEKMHFBL_00283	2506672597
OG0003700	CEKMHFBL_01817	2506669537
OG0003702	CEKMHFBL_03177	2506669635
OG0003706	CEKMHFBL_01514	2506669840
OG0003715	CEKMHFBL_02216	2506669968
OG0003716	CEKMHFBL_02217	2506669969
OG0003719	CEKMHFBL_00042	2506670055
OG0003729	CEKMHFBL_01692	2506670384
OG0003730	CEKMHFBL_00784	2506670537
OG0003734	CEKMHFBL_00842	2506670631
OG0003735	CEKMHFBL_03137	2506670668
OG0003736	CEKMHFBL_03178	2506670705
OG0003739	CEKMHFBL_02075	2506670756
OG0003748	CEKMHFBL_01923	2506671395
OG0003756	CEKMHFBL_03600	2506671422
OG0003757	CEKMHFBL_03601	2506671423
OG0003770	CEKMHFBL_00304	2506671761
OG0003772	CEKMHFBL_00223	2506671780
OG0003773	CEKMHFBL_01125, CEKMHFBL_03607	2506671784
OG0003787	CEKMHFBL_00939	2506672102
OG0003796	CEKMHFBL_03142	2506672441
OG0004398	CEKMHFBL_00462	2506669545
OG0004412	CEKMHFBL_00860	2506669690
OG0004422	CEKMHFBL_02134	2506669864
OG0004432	CEKMHFBL_03488	2506670149
OG0004453	CEKMHFBL_00816	2506670606
OG0004456	CEKMHFBL_00841	2506670630
OG0004492	CEKMHFBL_00812	2506671537
OG0004496	CEKMHFBL_01841	2506671586
OG0004510	CEKMHFBL_03176	2506671839
OG0004519	CEKMHFBL_00937	2506672098
OG0004550	CEKMHFBL_00809	2506672344
