Orthogroup	Duplications (all)	Duplications (50% support)
OG0000000	53	28
OG0000001	13	7
OG0000002	35	35
OG0000003	27	27
OG0000004	19	14
OG0000005	10	8
OG0000006	22	20
OG0000007	6	4
OG0000008	5	2
OG0000009	7	3
OG0000010	9	8
OG0000011	10	10
OG0000012	7	3
OG0000013	18	18
OG0000014	9	6
OG0000015	20	20
OG0000016	19	18
OG0000017	11	9
OG0000018	4	3
OG0000019	9	4
OG0000020	6	2
OG0000021	7	2
OG0000022	7	1
OG0000023	10	6
OG0000024	7	4
OG0000025	5	4
OG0000026	4	3
OG0000027	3	3
OG0000028	5	1
OG0000029	13	12
OG0000030	6	4
OG0000031	5	4
OG0000032	11	9
OG0000033	3	2
OG0000034	12	9
OG0000035	12	5
OG0000036	1	1
OG0000037	3	3
OG0000038	4	3
OG0000039	4	3
OG0000040	13	12
OG0000041	6	4
OG0000042	1	1
OG0000043	2	2
OG0000044	2	1
OG0000045	4	3
OG0000046	2	1
OG0000047	7	6
OG0000048	15	15
OG0000049	6	4
OG0000050	6	4
OG0000051	3	1
OG0000052	3	2
OG0000053	7	1
OG0000054	3	3
OG0000055	12	10
OG0000056	12	6
OG0000057	2	1
OG0000058	2	2
OG0000059	2	1
OG0000060	4	2
OG0000061	6	3
OG0000062	1	1
OG0000063	2	1
OG0000064	4	3
OG0000065	4	1
OG0000066	6	5
OG0000067	4	3
OG0000068	8	6
OG0000069	10	7
OG0000070	3	0
OG0000071	4	2
OG0000072	6	6
OG0000073	4	1
OG0000074	2	2
OG0000075	1	1
OG0000076	3	2
OG0000077	3	1
OG0000078	7	3
OG0000079	1	1
OG0000080	9	7
OG0000081	4	2
OG0000082	7	7
OG0000083	1	1
OG0000084	2	2
OG0000085	4	4
OG0000086	4	0
OG0000087	1	1
OG0000088	4	2
OG0000089	3	2
OG0000090	2	2
OG0000091	6	6
OG0000092	5	4
OG0000093	2	2
OG0000094	3	1
OG0000095	4	1
OG0000096	5	0
OG0000097	5	3
OG0000098	4	3
OG0000099	2	2
OG0000100	2	2
OG0000101	4	3
OG0000102	8	7
OG0000103	6	3
OG0000104	5	2
OG0000105	2	0
OG0000106	6	1
OG0000107	4	3
OG0000108	3	2
OG0000109	2	2
OG0000110	5	5
OG0000111	4	3
OG0000112	4	4
OG0000113	7	7
OG0000114	3	2
OG0000115	1	1
OG0000116	3	2
OG0000117	2	0
OG0000118	2	1
OG0000119	2	0
OG0000120	1	1
OG0000121	1	1
OG0000122	3	2
OG0000123	7	7
OG0000124	7	7
OG0000125	2	0
OG0000126	1	1
OG0000127	5	2
OG0000128	4	1
OG0000129	7	5
OG0000130	2	1
OG0000131	5	3
OG0000132	7	5
OG0000133	6	5
OG0000134	6	4
OG0000135	8	7
OG0000136	2	1
OG0000137	3	0
OG0000138	8	6
OG0000139	3	3
OG0000140	2	1
OG0000141	4	4
OG0000142	4	3
OG0000143	2	1
OG0000144	5	5
OG0000145	2	0
OG0000146	3	3
OG0000147	2	1
OG0000148	4	2
OG0000149	1	1
OG0000150	3	2
OG0000151	5	0
OG0000152	2	0
OG0000153	1	1
OG0000154	1	1
OG0000155	4	4
OG0000156	3	2
OG0000157	3	1
OG0000158	5	3
OG0000159	3	1
OG0000160	4	4
OG0000161	7	6
OG0000162	2	1
OG0000163	5	5
OG0000164	4	1
OG0000165	9	9
OG0000166	3	0
OG0000167	6	3
OG0000168	2	0
OG0000169	2	1
OG0000170	2	0
OG0000171	2	1
OG0000172	2	0
OG0000173	2	2
OG0000174	2	2
OG0000175	3	3
OG0000176	2	1
OG0000177	1	0
OG0000178	3	3
OG0000179	1	0
OG0000180	2	1
OG0000181	2	1
OG0000182	3	2
OG0000183	3	3
OG0000184	3	2
OG0000185	2	0
OG0000186	1	0
OG0000187	2	1
OG0000188	2	1
OG0000189	3	2
OG0000190	1	0
OG0000191	4	2
OG0000192	2	0
OG0000193	9	9
OG0000194	1	0
OG0000195	1	1
OG0000196	2	2
OG0000197	2	0
OG0000198	2	1
OG0000199	1	1
OG0000200	2	1
OG0000201	2	1
OG0000202	2	0
OG0000203	3	2
OG0000204	3	1
OG0000205	1	0
OG0000206	2	1
OG0000207	1	1
OG0000208	3	3
OG0000209	3	2
OG0000210	5	5
OG0000211	4	4
OG0000212	3	1
OG0000213	3	1
OG0000214	2	2
OG0000215	1	1
OG0000216	2	1
OG0000217	1	0
OG0000218	2	2
OG0000219	5	5
OG0000220	2	1
OG0000221	2	2
OG0000222	3	3
OG0000223	2	2
OG0000224	1	0
OG0000225	2	1
OG0000226	2	1
OG0000227	5	4
OG0000228	2	2
OG0000229	1	0
OG0000230	3	3
OG0000231	2	2
OG0000232	1	1
OG0000233	2	0
OG0000234	2	1
OG0000235	2	0
OG0000236	1	0
OG0000237	2	1
OG0000238	2	1
OG0000239	2	2
OG0000240	2	2
OG0000241	1	0
OG0000242	3	1
OG0000243	2	1
OG0000244	1	0
OG0000245	2	1
OG0000246	3	2
OG0000247	2	1
OG0000248	2	2
OG0000249	1	1
OG0000250	1	1
OG0000251	1	0
OG0000252	2	2
OG0000253	1	1
OG0000254	2	2
OG0000255	1	1
OG0000256	2	2
OG0000257	2	1
OG0000258	3	0
OG0000259	2	1
OG0000260	1	0
OG0000261	1	0
OG0000262	3	3
OG0000263	2	2
OG0000264	1	0
OG0000265	1	0
OG0000266	1	1
OG0000267	2	1
OG0000268	2	1
OG0000269	1	1
OG0000270	2	1
OG0000271	2	1
OG0000272	1	0
OG0000273	2	2
OG0000274	2	2
OG0000275	1	0
OG0000276	1	0
OG0000277	1	0
OG0000278	2	2
OG0000279	2	1
OG0000280	3	1
OG0000281	2	0
OG0000282	2	1
OG0000283	2	2
OG0000284	1	0
OG0000285	1	0
OG0000286	3	3
OG0000287	2	0
OG0000288	5	4
OG0000289	4	3
OG0000290	1	1
OG0000291	2	1
OG0000292	2	1
OG0000293	4	4
OG0000294	1	1
OG0000295	3	3
OG0000296	2	0
OG0000297	2	1
OG0000298	1	1
OG0000299	1	1
OG0000300	4	2
OG0000301	1	0
OG0000302	3	3
OG0000303	4	1
OG0000304	6	6
OG0000305	4	1
OG0000306	3	0
OG0000307	5	5
OG0000308	6	5
OG0000309	5	5
OG0000310	10	10
OG0000311	1	0
OG0000312	1	0
OG0000313	1	0
OG0000314	1	0
OG0000315	3	2
OG0000316	1	0
OG0000317	1	1
OG0000318	1	1
OG0000319	1	1
OG0000320	2	2
OG0000321	1	0
OG0000322	1	0
OG0000323	1	0
OG0000324	1	0
OG0000325	6	5
OG0000326	1	1
OG0000327	1	1
OG0000328	0	0
OG0000329	1	1
OG0000330	1	0
OG0000331	1	1
OG0000332	1	1
OG0000333	1	0
OG0000334	1	0
OG0000335	1	1
OG0000336	1	1
OG0000337	1	1
OG0000338	1	1
OG0000339	1	0
OG0000340	1	1
OG0000341	1	1
OG0000342	2	1
OG0000343	1	1
OG0000344	0	0
OG0000345	1	1
OG0000346	1	1
OG0000347	1	1
OG0000348	1	0
OG0000349	1	0
OG0000350	1	1
OG0000351	1	1
OG0000352	1	1
OG0000353	1	1
OG0000354	1	1
OG0000355	1	1
OG0000356	2	1
OG0000357	2	1
OG0000358	1	1
OG0000359	2	0
OG0000360	1	1
OG0000361	1	1
OG0000362	1	1
OG0000363	1	0
OG0000364	1	0
OG0000365	1	1
OG0000366	1	0
OG0000367	1	1
OG0000368	1	1
OG0000369	1	1
OG0000370	1	1
OG0000371	2	2
OG0000372	1	0
OG0000373	0	0
OG0000374	1	1
OG0000375	1	1
OG0000376	1	1
OG0000377	1	1
OG0000378	1	1
OG0000379	1	1
OG0000380	1	1
OG0000381	1	0
OG0000382	1	0
OG0000383	1	0
OG0000384	0	0
OG0000385	1	1
OG0000386	1	1
OG0000387	1	1
OG0000388	1	1
OG0000389	1	1
OG0000390	1	1
OG0000391	1	1
OG0000392	1	0
OG0000393	5	5
OG0000394	1	0
OG0000395	1	0
OG0000396	1	1
OG0000397	1	0
OG0000398	1	0
OG0000399	1	1
OG0000400	1	1
OG0000401	1	0
OG0000402	1	0
OG0000403	1	1
OG0000404	1	0
OG0000405	1	0
OG0000406	1	1
OG0000407	1	1
OG0000408	1	0
OG0000409	1	0
OG0000410	1	0
OG0000411	1	1
OG0000412	1	1
OG0000413	1	1
OG0000414	1	0
OG0000415	1	0
OG0000416	1	1
OG0000417	1	1
OG0000418	1	1
OG0000419	1	1
OG0000420	1	1
OG0000421	2	2
OG0000422	1	0
OG0000423	1	1
OG0000424	1	0
OG0000425	1	1
OG0000426	2	2
OG0000427	1	0
OG0000428	1	0
OG0000429	1	0
OG0000430	1	1
OG0000431	1	0
OG0000432	1	0
OG0000433	1	0
OG0000434	0	0
OG0000435	1	1
OG0000436	1	1
OG0000437	1	0
OG0000438	1	0
OG0000439	2	2
OG0000440	1	1
OG0000441	0	0
OG0000442	1	1
OG0000443	2	1
OG0000444	1	0
OG0000445	1	0
OG0000446	1	1
OG0000447	0	0
OG0000448	1	0
OG0000449	1	0
OG0000450	1	1
OG0000451	2	2
OG0000452	1	0
OG0000453	1	0
OG0000454	1	0
OG0000455	1	0
OG0000456	1	1
OG0000457	1	1
OG0000458	1	1
OG0000459	1	0
OG0000460	1	1
OG0000461	1	1
OG0000462	2	2
OG0000463	1	1
OG0000464	1	1
OG0000465	1	1
OG0000466	1	1
OG0000467	1	0
OG0000468	1	1
OG0000469	1	0
OG0000470	1	1
OG0000471	1	1
OG0000472	1	1
OG0000473	1	1
OG0000474	1	1
OG0000475	1	0
OG0000476	1	1
OG0000477	1	0
OG0000478	1	0
OG0000479	1	1
OG0000480	1	0
OG0000481	1	0
OG0000482	1	0
OG0000483	1	1
OG0000484	1	1
OG0000485	1	1
OG0000486	1	1
OG0000487	1	0
OG0000488	1	0
OG0000489	1	1
OG0000490	1	1
OG0000491	1	0
OG0000492	1	1
OG0000493	1	1
OG0000494	1	0
OG0000495	0	0
OG0000496	1	0
OG0000497	2	0
OG0000498	1	0
OG0000499	1	0
OG0000500	1	1
OG0000501	1	1
OG0000502	1	1
OG0000503	1	1
OG0000504	1	1
OG0000505	1	1
OG0000506	1	0
OG0000507	1	1
OG0000508	1	0
OG0000509	1	1
OG0000510	1	0
OG0000511	1	1
OG0000512	1	0
OG0000513	1	0
OG0000514	1	0
OG0000515	1	0
OG0000516	1	1
OG0000517	1	0
OG0000518	1	1
OG0000519	1	0
OG0000520	1	0
OG0000521	1	0
OG0000522	1	0
OG0000523	1	0
OG0000524	1	1
OG0000525	1	1
OG0000526	1	0
OG0000527	1	0
OG0000528	1	0
OG0000529	1	0
OG0000530	1	1
OG0000531	1	1
OG0000532	1	1
OG0000533	1	0
OG0000534	1	0
OG0000535	1	1
OG0000536	1	1
OG0000537	2	2
OG0000538	1	0
OG0000539	1	0
OG0000540	1	0
OG0000541	0	0
OG0000542	1	1
OG0000543	1	0
OG0000544	1	0
OG0000545	1	1
OG0000546	1	1
OG0000547	1	0
OG0000548	1	1
OG0000549	1	0
OG0000550	1	0
OG0000551	1	1
OG0000552	1	0
OG0000553	1	0
OG0000554	1	0
OG0000555	1	0
OG0000556	1	1
OG0000557	1	0
OG0000558	1	1
OG0000559	1	1
OG0000560	1	1
OG0000561	1	1
OG0000562	2	1
OG0000563	1	0
OG0000564	1	0
OG0000565	1	1
OG0000566	1	1
OG0000567	1	0
OG0000568	1	1
OG0000569	1	0
OG0000570	1	1
OG0000571	1	0
OG0000572	1	1
OG0000573	1	0
OG0000574	1	0
OG0000575	1	0
OG0000576	1	0
OG0000577	2	2
OG0000578	3	1
OG0000579	1	1
OG0000580	3	3
OG0000581	1	0
OG0000582	1	1
OG0000583	1	0
OG0000584	3	0
OG0000585	1	0
OG0000586	2	2
OG0000587	2	2
OG0000588	2	2
OG0000589	1	0
OG0000590	2	2
OG0000591	3	2
OG0000592	2	2
OG0000593	2	2
OG0000594	2	1
OG0000595	3	2
OG0000596	4	2
OG0000597	2	1
OG0000598	5	4
OG0000599	4	4
OG0000600	6	4
OG0000601	6	6
OG0000602	1	1
OG0000603	0	0
OG0000604	0	0
OG0000605	0	0
OG0000606	0	0
OG0000607	0	0
OG0000608	0	0
OG0000609	0	0
OG0000610	0	0
OG0000611	0	0
OG0000612	0	0
OG0000613	0	0
OG0000614	0	0
OG0000615	0	0
OG0000616	0	0
OG0000617	1	0
OG0000618	0	0
OG0000619	0	0
OG0000620	0	0
OG0000621	1	1
OG0000622	0	0
OG0000623	0	0
OG0000624	0	0
OG0000625	0	0
OG0000626	0	0
OG0000627	0	0
OG0000628	0	0
OG0000629	0	0
OG0000630	0	0
OG0000631	0	0
OG0000632	0	0
OG0000633	0	0
OG0000634	0	0
OG0000635	0	0
OG0000636	0	0
OG0000637	0	0
OG0000638	0	0
OG0000639	0	0
OG0000640	0	0
OG0000641	0	0
OG0000642	0	0
OG0000643	0	0
OG0000644	0	0
OG0000645	0	0
OG0000646	0	0
OG0000647	0	0
OG0000648	0	0
OG0000649	0	0
OG0000650	0	0
OG0000651	1	1
OG0000652	1	1
OG0000653	0	0
OG0000654	0	0
OG0000655	0	0
OG0000656	0	0
OG0000657	0	0
OG0000658	0	0
OG0000659	0	0
OG0000660	0	0
OG0000661	0	0
OG0000662	0	0
OG0000663	0	0
OG0000664	0	0
OG0000665	0	0
OG0000666	0	0
OG0000667	0	0
OG0000668	0	0
OG0000669	0	0
OG0000670	1	1
OG0000671	0	0
OG0000672	0	0
OG0000673	0	0
OG0000674	0	0
OG0000675	0	0
OG0000676	0	0
OG0000677	0	0
OG0000678	0	0
OG0000679	0	0
OG0000680	0	0
OG0000681	0	0
OG0000682	0	0
OG0000683	1	1
OG0000684	1	1
OG0000685	1	1
OG0000686	1	1
OG0000687	1	1
OG0000688	1	1
OG0000689	0	0
OG0000690	0	0
OG0000691	1	1
OG0000692	0	0
OG0000693	0	0
OG0000694	0	0
OG0000695	0	0
OG0000696	0	0
OG0000697	2	2
OG0000698	0	0
OG0000699	0	0
OG0000700	0	0
OG0000701	0	0
OG0000702	2	2
OG0000703	0	0
OG0000704	0	0
OG0000705	0	0
OG0000706	1	1
OG0000707	0	0
OG0000708	0	0
OG0000709	0	0
OG0000710	0	0
OG0000711	1	1
OG0000712	0	0
OG0000713	0	0
OG0000714	0	0
OG0000715	0	0
OG0000716	0	0
OG0000717	0	0
OG0000718	1	1
OG0000719	1	1
OG0000720	0	0
OG0000721	0	0
OG0000722	0	0
OG0000723	0	0
OG0000724	0	0
OG0000725	0	0
OG0000726	0	0
OG0000727	0	0
OG0000728	0	0
OG0000729	0	0
OG0000730	0	0
OG0000731	0	0
OG0000732	0	0
OG0000733	0	0
OG0000734	1	1
OG0000735	0	0
OG0000736	0	0
OG0000737	0	0
OG0000738	0	0
OG0000739	0	0
OG0000740	0	0
OG0000741	0	0
OG0000742	0	0
OG0000743	0	0
OG0000744	0	0
OG0000745	0	0
OG0000746	0	0
OG0000747	0	0
OG0000748	0	0
OG0000749	0	0
OG0000750	1	1
OG0000751	1	0
OG0000752	0	0
OG0000753	0	0
OG0000754	0	0
OG0000755	1	0
OG0000756	0	0
OG0000757	0	0
OG0000758	0	0
OG0000759	0	0
OG0000760	0	0
OG0000761	0	0
OG0000762	0	0
OG0000763	0	0
OG0000764	0	0
OG0000765	0	0
OG0000766	0	0
OG0000767	0	0
OG0000768	0	0
OG0000769	0	0
OG0000770	0	0
OG0000771	0	0
OG0000772	0	0
OG0000773	0	0
OG0000774	0	0
OG0000775	0	0
OG0000776	0	0
OG0000777	0	0
OG0000778	0	0
OG0000779	0	0
OG0000780	0	0
OG0000781	0	0
OG0000782	0	0
OG0000783	0	0
OG0000784	1	1
OG0000785	3	3
OG0000786	0	0
OG0000787	0	0
OG0000788	0	0
OG0000789	0	0
OG0000790	0	0
OG0000791	0	0
OG0000792	0	0
OG0000793	0	0
OG0000794	5	5
OG0000795	0	0
OG0000796	1	0
OG0000797	1	1
OG0000798	0	0
OG0000799	0	0
OG0000800	0	0
OG0000801	0	0
OG0000802	0	0
OG0000803	0	0
OG0000804	0	0
OG0000805	0	0
OG0000806	0	0
OG0000807	0	0
OG0000808	0	0
OG0000809	0	0
OG0000810	0	0
OG0000811	0	0
OG0000812	0	0
OG0000813	0	0
OG0000814	0	0
OG0000815	0	0
OG0000816	0	0
OG0000817	0	0
OG0000818	0	0
OG0000819	0	0
OG0000820	0	0
OG0000821	0	0
OG0000822	0	0
OG0000823	0	0
OG0000824	0	0
OG0000825	0	0
OG0000826	0	0
OG0000827	0	0
OG0000828	0	0
OG0000829	0	0
OG0000830	0	0
OG0000831	0	0
OG0000832	0	0
OG0000833	0	0
OG0000834	1	0
OG0000835	1	1
OG0000836	1	1
OG0000837	1	1
OG0000838	0	0
OG0000839	3	0
OG0000840	0	0
OG0000841	0	0
OG0000842	0	0
OG0000843	0	0
OG0000844	0	0
OG0000845	0	0
OG0000846	0	0
OG0000847	0	0
OG0000848	0	0
OG0000849	0	0
OG0000850	0	0
OG0000851	0	0
OG0000852	0	0
OG0000853	0	0
OG0000854	0	0
OG0000855	0	0
OG0000856	1	1
OG0000857	0	0
OG0000858	0	0
OG0000859	0	0
OG0000860	0	0
OG0000861	0	0
OG0000862	0	0
OG0000863	0	0
OG0000864	0	0
OG0000865	0	0
OG0000866	0	0
OG0000867	0	0
OG0000868	0	0
OG0000869	0	0
OG0000870	1	1
OG0000871	0	0
OG0000872	0	0
OG0000873	0	0
OG0000874	0	0
OG0000875	0	0
OG0000876	0	0
OG0000877	0	0
OG0000878	0	0
OG0000879	0	0
OG0000880	0	0
OG0000881	0	0
OG0000882	0	0
OG0000883	0	0
OG0000884	0	0
OG0000885	0	0
OG0000886	0	0
OG0000887	0	0
OG0000888	0	0
OG0000889	0	0
OG0000890	0	0
OG0000891	0	0
OG0000892	0	0
OG0000893	0	0
OG0000894	0	0
OG0000895	0	0
OG0000896	0	0
OG0000897	1	1
OG0000898	1	0
OG0000899	0	0
OG0000900	0	0
OG0000901	0	0
OG0000902	0	0
OG0000903	0	0
OG0000904	1	0
OG0000905	0	0
OG0000906	0	0
OG0000907	0	0
OG0000908	4	3
OG0000909	3	2
OG0000910	0	0
OG0000911	0	0
OG0000912	0	0
OG0000913	0	0
OG0000914	0	0
OG0000915	0	0
OG0000916	0	0
OG0000917	0	0
OG0000918	0	0
OG0000919	0	0
OG0000920	0	0
OG0000921	0	0
OG0000922	1	0
OG0000923	1	0
OG0000924	0	0
OG0000925	1	1
OG0000926	0	0
OG0000927	0	0
OG0000928	0	0
OG0000929	0	0
OG0000930	0	0
OG0000931	0	0
OG0000932	0	0
OG0000933	0	0
OG0000934	0	0
OG0000935	0	0
OG0000936	0	0
OG0000937	0	0
OG0000938	0	0
OG0000939	0	0
OG0000940	0	0
OG0000941	0	0
OG0000942	0	0
OG0000943	0	0
OG0000944	0	0
OG0000945	0	0
OG0000946	0	0
OG0000947	0	0
OG0000948	0	0
OG0000949	0	0
OG0000950	0	0
OG0000951	0	0
OG0000952	0	0
OG0000953	1	0
OG0000954	1	0
OG0000955	1	0
OG0000956	0	0
OG0000957	0	0
OG0000958	0	0
OG0000959	1	1
OG0000960	0	0
OG0000961	0	0
OG0000962	0	0
OG0000963	0	0
OG0000964	0	0
OG0000965	0	0
OG0000966	0	0
OG0000967	0	0
OG0000968	2	1
OG0000969	0	0
OG0000970	0	0
OG0000971	0	0
OG0000972	0	0
OG0000973	0	0
OG0000974	0	0
OG0000975	0	0
OG0000976	1	1
OG0000977	1	1
OG0000978	1	0
OG0000979	1	0
OG0000980	1	0
OG0000981	1	0
OG0000982	1	1
OG0000983	1	1
OG0000984	1	1
OG0000985	1	1
OG0000986	1	1
OG0000987	1	1
OG0000988	0	0
OG0000989	0	0
OG0000990	1	1
OG0000991	1	1
OG0000992	0	0
OG0000993	1	1
OG0000994	1	0
OG0000995	0	0
OG0000996	0	0
OG0000997	0	0
OG0000998	0	0
OG0000999	0	0
OG0001000	0	0
OG0001001	0	0
OG0001002	0	0
OG0001003	0	0
OG0001004	0	0
OG0001005	0	0
OG0001006	0	0
OG0001007	0	0
OG0001008	0	0
OG0001009	0	0
OG0001010	0	0
OG0001011	0	0
OG0001012	0	0
OG0001013	0	0
OG0001014	0	0
OG0001015	0	0
OG0001016	0	0
OG0001017	0	0
OG0001018	0	0
OG0001019	0	0
OG0001020	0	0
OG0001021	0	0
OG0001022	0	0
OG0001023	0	0
OG0001024	0	0
OG0001025	0	0
OG0001026	0	0
OG0001027	1	1
OG0001028	0	0
OG0001029	0	0
OG0001030	0	0
OG0001031	0	0
OG0001032	0	0
OG0001033	0	0
OG0001034	0	0
OG0001035	0	0
OG0001036	0	0
OG0001037	0	0
OG0001038	0	0
OG0001039	0	0
OG0001040	0	0
OG0001041	0	0
OG0001042	0	0
OG0001043	0	0
OG0001044	0	0
OG0001045	0	0
OG0001046	0	0
OG0001047	0	0
OG0001048	0	0
OG0001049	0	0
OG0001050	0	0
OG0001051	1	1
OG0001052	0	0
OG0001053	0	0
OG0001054	0	0
OG0001055	0	0
OG0001056	0	0
OG0001057	0	0
OG0001058	0	0
OG0001059	0	0
OG0001060	0	0
OG0001061	0	0
OG0001062	0	0
OG0001063	0	0
OG0001064	0	0
OG0001065	0	0
OG0001066	0	0
OG0001067	0	0
OG0001068	0	0
OG0001069	0	0
OG0001070	0	0
OG0001071	0	0
OG0001072	0	0
OG0001073	0	0
OG0001074	0	0
OG0001075	0	0
OG0001076	0	0
OG0001077	0	0
OG0001078	0	0
OG0001079	0	0
OG0001080	0	0
OG0001081	0	0
OG0001082	0	0
OG0001083	0	0
OG0001084	0	0
OG0001085	0	0
OG0001086	0	0
OG0001087	0	0
OG0001088	0	0
OG0001089	0	0
OG0001090	0	0
OG0001091	0	0
OG0001092	0	0
OG0001093	0	0
OG0001094	0	0
OG0001095	0	0
OG0001096	0	0
OG0001097	0	0
OG0001098	0	0
OG0001099	0	0
OG0001100	0	0
OG0001101	0	0
OG0001102	0	0
OG0001103	0	0
OG0001104	0	0
OG0001105	0	0
OG0001106	0	0
OG0001107	0	0
OG0001108	0	0
OG0001109	0	0
OG0001110	0	0
OG0001111	0	0
OG0001112	0	0
OG0001113	0	0
OG0001114	0	0
OG0001115	0	0
OG0001116	0	0
OG0001117	0	0
OG0001118	0	0
OG0001119	0	0
OG0001120	0	0
OG0001121	0	0
OG0001122	0	0
OG0001123	0	0
OG0001124	0	0
OG0001125	1	0
OG0001126	1	1
OG0001127	1	0
OG0001128	0	0
OG0001129	0	0
OG0001130	0	0
OG0001131	1	1
OG0001132	0	0
OG0001133	0	0
OG0001134	0	0
OG0001135	0	0
OG0001136	0	0
OG0001137	0	0
OG0001138	0	0
OG0001139	0	0
OG0001140	0	0
OG0001141	0	0
OG0001142	0	0
OG0001143	0	0
OG0001144	0	0
OG0001145	0	0
OG0001146	0	0
OG0001147	0	0
OG0001148	0	0
OG0001149	0	0
OG0001150	0	0
OG0001151	0	0
OG0001152	0	0
OG0001153	0	0
OG0001154	0	0
OG0001155	1	1
OG0001156	0	0
OG0001157	0	0
OG0001158	0	0
OG0001159	0	0
OG0001160	0	0
OG0001161	0	0
OG0001162	0	0
OG0001163	0	0
OG0001164	1	1
OG0001165	0	0
OG0001166	0	0
OG0001167	0	0
OG0001168	0	0
OG0001169	0	0
OG0001170	0	0
OG0001171	0	0
OG0001172	1	0
OG0001173	0	0
OG0001174	0	0
OG0001175	0	0
OG0001176	0	0
OG0001177	0	0
OG0001178	1	0
OG0001179	2	1
OG0001180	0	0
OG0001181	0	0
OG0001182	0	0
OG0001183	0	0
OG0001184	0	0
OG0001185	0	0
OG0001186	0	0
OG0001187	1	0
OG0001188	0	0
OG0001189	0	0
OG0001190	0	0
OG0001191	0	0
OG0001192	0	0
OG0001193	0	0
OG0001194	0	0
OG0001195	0	0
OG0001196	0	0
OG0001197	0	0
OG0001198	0	0
OG0001199	0	0
OG0001200	0	0
OG0001201	0	0
OG0001202	0	0
OG0001203	2	2
OG0001204	1	1
OG0001205	0	0
OG0001206	0	0
OG0001207	0	0
OG0001208	0	0
OG0001209	0	0
OG0001210	0	0
OG0001211	0	0
OG0001212	0	0
OG0001213	0	0
OG0001214	0	0
OG0001215	0	0
OG0001216	0	0
OG0001217	0	0
OG0001218	0	0
OG0001219	0	0
OG0001220	1	1
OG0001221	0	0
OG0001222	0	0
OG0001223	0	0
OG0001224	0	0
OG0001225	0	0
OG0001226	0	0
OG0001227	0	0
OG0001228	0	0
OG0001229	0	0
OG0001230	0	0
OG0001231	1	1
OG0001232	2	2
OG0001233	0	0
OG0001234	0	0
OG0001235	0	0
OG0001236	0	0
OG0001237	0	0
OG0001238	0	0
OG0001239	0	0
OG0001240	0	0
OG0001241	0	0
OG0001242	0	0
OG0001243	0	0
OG0001244	0	0
OG0001245	0	0
OG0001246	0	0
OG0001247	0	0
OG0001248	0	0
OG0001249	0	0
OG0001250	0	0
OG0001251	0	0
OG0001252	0	0
OG0001253	0	0
OG0001254	0	0
OG0001255	0	0
OG0001256	0	0
OG0001257	0	0
OG0001258	0	0
OG0001259	0	0
OG0001260	2	1
OG0001261	1	0
OG0001262	1	1
OG0001263	0	0
OG0001264	3	2
OG0001265	0	0
OG0001266	1	1
OG0001267	0	0
OG0001268	0	0
OG0001269	0	0
OG0001270	0	0
OG0001271	0	0
OG0001272	0	0
OG0001273	0	0
OG0001274	1	1
OG0001275	0	0
OG0001276	1	0
OG0001277	0	0
OG0001278	0	0
OG0001279	0	0
OG0001280	0	0
OG0001281	0	0
OG0001282	0	0
OG0001283	0	0
OG0001284	0	0
OG0001285	0	0
OG0001286	0	0
OG0001287	0	0
OG0001288	0	0
OG0001289	0	0
OG0001290	0	0
OG0001291	0	0
OG0001292	0	0
OG0001293	0	0
OG0001294	0	0
OG0001295	0	0
OG0001296	0	0
OG0001297	0	0
OG0001298	0	0
OG0001299	0	0
OG0001300	0	0
OG0001301	0	0
OG0001302	0	0
OG0001303	0	0
OG0001304	0	0
OG0001305	0	0
OG0001306	0	0
OG0001307	0	0
OG0001308	0	0
OG0001309	0	0
OG0001310	0	0
OG0001311	0	0
OG0001312	0	0
OG0001313	0	0
OG0001314	1	0
OG0001315	0	0
OG0001316	0	0
OG0001317	0	0
OG0001318	0	0
OG0001319	0	0
OG0001320	0	0
OG0001321	0	0
OG0001322	1	0
OG0001323	0	0
OG0001324	0	0
OG0001325	0	0
OG0001326	0	0
OG0001327	0	0
OG0001328	0	0
OG0001329	0	0
OG0001330	0	0
OG0001331	0	0
OG0001332	0	0
OG0001333	0	0
OG0001334	0	0
OG0001335	0	0
OG0001336	0	0
OG0001337	0	0
OG0001338	0	0
OG0001339	0	0
OG0001340	0	0
OG0001341	0	0
OG0001342	0	0
OG0001343	0	0
OG0001344	0	0
OG0001345	0	0
OG0001346	0	0
OG0001347	0	0
OG0001348	0	0
OG0001349	0	0
OG0001350	0	0
OG0001351	0	0
OG0001352	0	0
OG0001353	0	0
OG0001354	0	0
OG0001355	1	0
OG0001356	0	0
OG0001357	0	0
OG0001358	0	0
OG0001359	0	0
OG0001360	0	0
OG0001361	0	0
OG0001362	1	1
OG0001363	0	0
OG0001364	0	0
OG0001365	0	0
OG0001366	0	0
OG0001367	0	0
OG0001368	0	0
OG0001369	0	0
OG0001370	0	0
OG0001371	0	0
OG0001372	0	0
OG0001373	0	0
OG0001374	0	0
OG0001375	0	0
OG0001376	0	0
OG0001377	1	1
OG0001378	0	0
OG0001379	0	0
OG0001380	0	0
OG0001381	0	0
OG0001382	0	0
OG0001383	0	0
OG0001384	0	0
OG0001385	1	1
OG0001386	1	1
OG0001387	0	0
OG0001388	0	0
OG0001389	0	0
OG0001390	0	0
OG0001391	0	0
OG0001392	0	0
OG0001393	0	0
OG0001394	0	0
OG0001395	0	0
OG0001396	0	0
OG0001397	0	0
OG0001398	0	0
OG0001399	0	0
OG0001400	1	1
OG0001401	0	0
OG0001402	0	0
OG0001403	0	0
OG0001404	0	0
OG0001405	0	0
OG0001406	0	0
OG0001407	0	0
OG0001408	0	0
OG0001409	0	0
OG0001410	0	0
OG0001411	0	0
OG0001412	0	0
OG0001413	0	0
OG0001414	0	0
OG0001415	0	0
OG0001416	0	0
OG0001417	0	0
OG0001418	0	0
OG0001419	1	1
OG0001420	0	0
OG0001421	0	0
OG0001422	0	0
OG0001423	0	0
OG0001424	0	0
OG0001425	0	0
OG0001426	0	0
OG0001427	0	0
OG0001428	0	0
OG0001429	0	0
OG0001430	0	0
OG0001431	0	0
OG0001432	0	0
OG0001433	0	0
OG0001434	0	0
OG0001435	0	0
OG0001436	0	0
OG0001437	0	0
OG0001438	0	0
OG0001439	0	0
OG0001440	0	0
OG0001441	0	0
OG0001442	0	0
OG0001443	0	0
OG0001444	0	0
OG0001445	0	0
OG0001446	0	0
OG0001447	0	0
OG0001448	0	0
OG0001449	0	0
OG0001450	0	0
OG0001451	0	0
OG0001452	0	0
OG0001453	0	0
OG0001454	0	0
OG0001455	0	0
OG0001456	0	0
OG0001457	0	0
OG0001458	0	0
OG0001459	0	0
OG0001460	0	0
OG0001461	0	0
OG0001462	0	0
OG0001463	0	0
OG0001464	0	0
OG0001465	0	0
OG0001466	0	0
OG0001467	0	0
OG0001468	0	0
OG0001469	0	0
OG0001470	0	0
OG0001471	0	0
OG0001472	0	0
OG0001473	0	0
OG0001474	0	0
OG0001475	0	0
OG0001476	0	0
OG0001477	0	0
OG0001478	0	0
OG0001479	0	0
OG0001480	0	0
OG0001481	0	0
OG0001482	0	0
OG0001483	0	0
OG0001484	0	0
OG0001485	0	0
OG0001486	0	0
OG0001487	0	0
OG0001488	0	0
OG0001489	0	0
OG0001490	0	0
OG0001491	0	0
OG0001492	0	0
OG0001493	0	0
OG0001494	0	0
OG0001495	0	0
OG0001496	0	0
OG0001497	0	0
OG0001498	0	0
OG0001499	0	0
OG0001500	0	0
OG0001501	0	0
OG0001502	0	0
OG0001503	0	0
OG0001504	0	0
OG0001505	1	1
OG0001506	0	0
OG0001507	0	0
OG0001508	0	0
OG0001509	0	0
OG0001510	0	0
OG0001511	0	0
OG0001512	0	0
OG0001513	1	1
OG0001514	1	1
OG0001515	1	0
OG0001516	1	1
OG0001517	1	0
OG0001518	0	0
OG0001519	0	0
OG0001520	0	0
OG0001521	0	0
OG0001522	0	0
OG0001523	1	0
OG0001524	0	0
OG0001525	1	0
OG0001526	0	0
OG0001527	0	0
OG0001528	0	0
OG0001529	0	0
OG0001530	0	0
OG0001531	0	0
OG0001532	0	0
OG0001533	0	0
OG0001534	0	0
OG0001535	0	0
OG0001536	0	0
OG0001537	1	1
OG0001538	0	0
OG0001539	0	0
OG0001540	0	0
OG0001541	0	0
OG0001542	0	0
OG0001543	1	0
OG0001544	0	0
OG0001545	0	0
OG0001546	0	0
OG0001547	0	0
OG0001548	0	0
OG0001549	1	0
OG0001550	0	0
OG0001551	0	0
OG0001552	0	0
OG0001553	0	0
OG0001554	0	0
OG0001555	0	0
OG0001556	0	0
OG0001557	0	0
OG0001558	1	1
OG0001559	0	0
OG0001560	1	0
OG0001561	1	1
OG0001562	0	0
OG0001563	0	0
OG0001564	0	0
OG0001565	0	0
OG0001566	0	0
OG0001567	0	0
OG0001568	0	0
OG0001569	0	0
OG0001570	0	0
OG0001571	0	0
OG0001572	0	0
OG0001573	0	0
OG0001574	0	0
OG0001575	0	0
OG0001576	0	0
OG0001577	0	0
OG0001578	0	0
OG0001579	0	0
OG0001580	0	0
OG0001581	0	0
OG0001582	0	0
OG0001583	0	0
OG0001584	0	0
OG0001585	0	0
OG0001586	0	0
OG0001587	0	0
OG0001588	0	0
OG0001589	0	0
OG0001590	0	0
OG0001591	4	3
OG0001592	1	1
OG0001593	1	1
OG0001594	1	1
OG0001595	1	1
OG0001596	2	0
OG0001597	1	0
OG0001598	1	0
OG0001599	5	5
OG0001600	1	1
OG0001601	1	1
OG0001602	4	4
OG0001603	1	0
OG0001604	2	0
OG0001605	1	1
OG0001606	1	1
OG0001607	1	1
OG0001608	2	1
OG0001609	1	1
OG0001610	1	1
OG0001611	2	2
OG0001612	3	2
OG0001613	1	1
OG0001614	0	0
OG0001615	1	1
OG0001616	1	1
OG0001617	1	0
OG0001618	1	1
OG0001619	1	0
OG0001620	1	1
OG0001621	2	2
OG0001622	1	1
OG0001623	1	0
OG0001624	1	1
OG0001625	2	1
OG0001626	1	0
OG0001627	1	1
OG0001628	1	1
OG0001629	1	1
OG0001630	1	1
OG0001631	2	1
OG0001632	1	1
OG0001633	2	1
OG0001634	1	1
OG0001635	2	1
OG0001636	1	1
OG0001637	1	0
OG0001638	3	3
OG0001639	1	1
OG0001640	2	2
OG0001641	3	2
OG0001642	1	0
OG0001643	1	0
OG0001644	1	0
OG0001645	2	1
OG0001646	1	1
OG0001647	1	0
OG0001648	1	0
OG0001649	1	0
OG0001650	1	1
OG0001651	1	0
OG0001652	2	2
OG0001653	2	1
OG0001654	1	0
OG0001655	1	1
OG0001656	4	4
OG0001657	3	2
OG0001658	1	0
OG0001659	2	0
OG0001660	4	4
OG0001661	5	5
OG0001662	8	8
OG0001663	7	7
OG0001664	7	7
OG0001665	3	2
OG0001666	0	0
OG0001667	0	0
OG0001668	0	0
OG0001669	0	0
OG0001670	0	0
OG0001671	0	0
OG0001672	0	0
OG0001673	0	0
OG0001674	0	0
OG0001675	0	0
OG0001676	0	0
OG0001677	0	0
OG0001678	0	0
OG0001679	0	0
OG0001680	0	0
OG0001681	0	0
OG0001682	0	0
OG0001683	0	0
OG0001684	0	0
OG0001685	0	0
OG0001686	0	0
OG0001687	0	0
OG0001688	0	0
OG0001689	0	0
OG0001690	0	0
OG0001691	0	0
OG0001692	0	0
OG0001693	0	0
OG0001694	0	0
OG0001695	0	0
OG0001696	0	0
OG0001697	0	0
OG0001698	0	0
OG0001699	0	0
OG0001700	0	0
OG0001701	0	0
OG0001702	0	0
OG0001703	0	0
OG0001704	1	1
OG0001705	0	0
OG0001706	0	0
OG0001707	0	0
OG0001708	0	0
OG0001709	0	0
OG0001710	0	0
OG0001711	0	0
OG0001712	0	0
OG0001713	1	0
OG0001714	0	0
OG0001715	0	0
OG0001716	0	0
OG0001717	0	0
OG0001718	0	0
OG0001719	0	0
OG0001720	0	0
OG0001721	1	1
OG0001722	2	2
OG0001723	0	0
OG0001724	1	1
OG0001725	0	0
OG0001726	0	0
OG0001727	1	1
OG0001728	0	0
OG0001729	0	0
OG0001730	0	0
OG0001731	0	0
OG0001732	0	0
OG0001733	0	0
OG0001734	0	0
OG0001735	0	0
OG0001736	0	0
OG0001737	0	0
OG0001738	0	0
OG0001739	0	0
OG0001740	1	1
OG0001741	0	0
OG0001742	0	0
OG0001743	0	0
OG0001744	0	0
OG0001745	0	0
OG0001746	0	0
OG0001747	0	0
OG0001748	0	0
OG0001749	0	0
OG0001750	0	0
OG0001751	0	0
OG0001752	0	0
OG0001753	0	0
OG0001754	0	0
OG0001755	0	0
OG0001756	0	0
OG0001757	0	0
OG0001758	1	1
OG0001759	0	0
OG0001760	0	0
OG0001761	0	0
OG0001762	0	0
OG0001763	0	0
OG0001764	0	0
OG0001765	0	0
OG0001766	0	0
OG0001767	0	0
OG0001768	0	0
OG0001769	0	0
OG0001770	0	0
OG0001771	2	1
OG0001772	1	0
OG0001773	0	0
OG0001774	0	0
OG0001775	1	1
OG0001776	0	0
OG0001777	0	0
OG0001778	0	0
OG0001779	0	0
OG0001780	0	0
OG0001781	0	0
OG0001782	0	0
OG0001783	0	0
OG0001784	0	0
OG0001785	0	0
OG0001786	0	0
OG0001787	5	5
OG0001788	0	0
OG0001789	0	0
OG0001790	0	0
OG0001791	0	0
OG0001792	0	0
OG0001793	0	0
OG0001794	0	0
OG0001795	0	0
OG0001796	0	0
OG0001797	0	0
OG0001798	0	0
OG0001799	0	0
OG0001800	2	1
OG0001801	0	0
OG0001802	0	0
OG0001803	1	0
OG0001804	1	0
OG0001805	0	0
OG0001806	0	0
OG0001807	0	0
OG0001808	0	0
OG0001809	0	0
OG0001810	0	0
OG0001811	1	1
OG0001812	0	0
OG0001813	0	0
OG0001814	0	0
OG0001815	0	0
OG0001816	0	0
OG0001817	3	3
OG0001818	0	0
OG0001819	0	0
OG0001820	0	0
OG0001821	0	0
OG0001822	0	0
OG0001823	0	0
OG0001824	0	0
OG0001825	0	0
OG0001826	0	0
OG0001827	0	0
OG0001828	0	0
OG0001829	0	0
OG0001830	1	1
OG0001831	0	0
OG0001832	0	0
OG0001833	1	0
OG0001834	0	0
OG0001835	0	0
OG0001836	0	0
OG0001837	0	0
OG0001838	0	0
OG0001839	0	0
OG0001840	0	0
OG0001841	0	0
OG0001842	0	0
OG0001843	0	0
OG0001844	0	0
OG0001845	0	0
OG0001846	0	0
OG0001847	0	0
OG0001848	0	0
OG0001849	0	0
OG0001850	0	0
OG0001851	1	0
OG0001852	0	0
OG0001853	0	0
OG0001854	2	1
OG0001855	0	0
OG0001856	0	0
OG0001857	0	0
OG0001858	0	0
OG0001859	0	0
OG0001860	1	0
OG0001861	0	0
OG0001862	1	1
OG0001863	0	0
OG0001864	0	0
OG0001865	0	0
OG0001866	0	0
OG0001867	0	0
OG0001868	0	0
OG0001869	0	0
OG0001870	0	0
OG0001871	0	0
OG0001872	0	0
OG0001873	0	0
OG0001874	0	0
OG0001875	0	0
OG0001876	2	0
OG0001877	0	0
OG0001878	0	0
OG0001879	0	0
OG0001880	0	0
OG0001881	0	0
OG0001882	0	0
OG0001883	0	0
OG0001884	0	0
OG0001885	2	1
OG0001886	0	0
OG0001887	0	0
OG0001888	0	0
OG0001889	0	0
OG0001890	1	1
OG0001891	0	0
OG0001892	2	2
OG0001893	0	0
OG0001894	1	1
OG0001895	0	0
OG0001896	0	0
OG0001897	0	0
OG0001898	0	0
OG0001899	0	0
OG0001900	0	0
OG0001901	1	1
OG0001902	0	0
OG0001903	0	0
OG0001904	0	0
OG0001905	0	0
OG0001906	0	0
OG0001907	0	0
OG0001908	0	0
OG0001909	0	0
OG0001910	1	1
OG0001911	0	0
OG0001912	0	0
OG0001913	0	0
OG0001914	0	0
OG0001915	0	0
OG0001916	0	0
OG0001917	0	0
OG0001918	0	0
OG0001919	0	0
OG0001920	1	1
OG0001921	1	0
OG0001922	0	0
OG0001923	0	0
OG0001924	0	0
OG0001925	0	0
OG0001926	0	0
OG0001927	0	0
OG0001928	0	0
OG0001929	0	0
OG0001930	1	1
OG0001931	0	0
OG0001932	1	1
OG0001933	0	0
OG0001934	0	0
OG0001935	0	0
OG0001936	0	0
OG0001937	0	0
OG0001938	0	0
OG0001939	0	0
OG0001940	0	0
OG0001941	0	0
OG0001942	0	0
OG0001943	0	0
OG0001944	0	0
OG0001945	0	0
OG0001946	0	0
OG0001947	1	1
OG0001948	0	0
OG0001949	0	0
OG0001950	0	0
OG0001951	1	1
OG0001952	0	0
OG0001953	0	0
OG0001954	0	0
OG0001955	0	0
OG0001956	0	0
OG0001957	0	0
OG0001958	2	2
OG0001959	1	1
OG0001960	0	0
OG0001961	0	0
OG0001962	0	0
OG0001963	0	0
OG0001964	0	0
OG0001965	0	0
OG0001966	0	0
OG0001967	1	1
OG0001968	0	0
OG0001969	1	1
OG0001970	1	0
OG0001971	0	0
OG0001972	0	0
OG0001973	0	0
OG0001974	0	0
OG0001975	0	0
OG0001976	0	0
OG0001977	2	2
OG0001978	1	1
OG0001979	0	0
OG0001980	1	1
OG0001981	1	1
OG0001982	0	0
OG0001983	0	0
OG0001984	0	0
OG0001985	1	0
OG0001986	0	0
OG0001987	2	2
OG0001988	2	2
OG0001989	0	0
OG0001990	1	0
OG0001991	0	0
OG0001992	0	0
OG0001993	0	0
OG0001994	0	0
OG0001995	1	1
OG0001996	1	1
OG0001997	1	1
OG0001998	0	0
OG0001999	0	0
OG0002000	1	1
OG0002001	0	0
OG0002002	1	1
OG0002003	1	1
OG0002004	1	1
OG0002005	1	0
OG0002006	0	0
OG0002007	1	1
OG0002008	2	2
OG0002009	1	1
OG0002010	0	0
OG0002011	0	0
OG0002012	0	0
OG0002013	1	1
OG0002014	0	0
OG0002015	1	1
OG0002016	1	1
OG0002017	0	0
OG0002018	0	0
OG0002019	1	0
OG0002020	1	1
OG0002021	1	0
OG0002022	1	0
OG0002023	0	0
OG0002024	1	1
OG0002025	1	1
OG0002026	0	0
OG0002027	1	0
OG0002028	0	0
OG0002029	1	1
OG0002030	1	1
OG0002031	0	0
OG0002032	0	0
OG0002033	0	0
OG0002034	0	0
OG0002035	0	0
OG0002036	0	0
OG0002037	0	0
OG0002038	0	0
OG0002039	1	1
OG0002040	1	1
OG0002041	1	1
OG0002042	1	1
OG0002043	0	0
OG0002044	0	0
OG0002045	1	1
OG0002046	1	1
OG0002047	0	0
OG0002048	0	0
OG0002049	1	1
OG0002050	1	0
OG0002051	1	1
OG0002052	1	1
OG0002053	0	0
OG0002054	0	0
OG0002055	0	0
OG0002056	1	0
OG0002057	2	0
OG0002058	2	2
OG0002059	1	1
OG0002060	0	0
OG0002061	1	0
OG0002062	1	1
OG0002063	0	0
OG0002064	1	1
OG0002065	1	1
OG0002066	1	0
OG0002067	0	0
OG0002068	0	0
OG0002069	0	0
OG0002070	0	0
OG0002071	1	1
OG0002072	0	0
OG0002073	0	0
OG0002074	0	0
OG0002075	3	3
OG0002076	1	1
OG0002077	0	0
OG0002078	0	0
OG0002079	1	1
OG0002080	1	0
OG0002081	1	1
OG0002082	0	0
OG0002083	1	1
OG0002084	0	0
OG0002085	1	1
OG0002086	3	2
OG0002087	1	1
OG0002088	1	0
OG0002089	2	1
OG0002090	2	2
OG0002091	0	0
OG0002092	4	4
OG0002093	0	0
OG0002094	0	0
OG0002095	0	0
OG0002096	0	0
OG0002097	0	0
OG0002098	0	0
OG0002099	0	0
OG0002100	1	1
OG0002101	2	2
OG0002102	2	1
OG0002103	2	2
OG0002104	2	1
OG0002105	1	1
OG0002106	1	0
OG0002107	2	2
OG0002108	1	0
OG0002109	2	2
OG0002110	1	0
OG0002111	1	0
OG0002112	2	1
OG0002113	3	3
OG0002114	2	2
OG0002115	7	7
OG0002116	3	3
OG0002117	6	6
OG0002118	7	7
OG0002119	0	0
OG0002120	0	0
OG0002121	1	1
OG0002122	1	1
OG0002123	0	0
OG0002124	0	0
OG0002125	0	0
OG0002126	0	0
OG0002127	0	0
OG0002128	2	2
OG0002129	0	0
OG0002130	0	0
OG0002131	0	0
OG0002132	0	0
OG0002133	0	0
OG0002134	0	0
OG0002135	2	2
OG0002136	0	0
OG0002137	0	0
OG0002138	0	0
OG0002139	0	0
OG0002140	0	0
OG0002141	0	0
OG0002142	0	0
OG0002143	0	0
OG0002144	0	0
OG0002145	0	0
OG0002146	0	0
OG0002147	0	0
OG0002148	0	0
OG0002149	0	0
OG0002150	0	0
OG0002151	0	0
OG0002152	1	1
OG0002153	0	0
OG0002154	0	0
OG0002155	0	0
OG0002156	1	1
OG0002157	0	0
OG0002158	0	0
OG0002159	1	0
OG0002160	0	0
OG0002161	1	1
OG0002162	0	0
OG0002163	0	0
OG0002164	1	1
OG0002165	0	0
OG0002166	1	1
OG0002167	0	0
OG0002168	0	0
OG0002169	0	0
OG0002170	0	0
OG0002171	0	0
OG0002172	0	0
OG0002173	0	0
OG0002174	0	0
OG0002175	0	0
OG0002176	1	1
OG0002177	0	0
OG0002178	0	0
OG0002179	0	0
OG0002180	0	0
OG0002181	0	0
OG0002182	0	0
OG0002183	0	0
OG0002184	0	0
OG0002185	0	0
OG0002186	0	0
OG0002187	4	4
OG0002188	1	1
OG0002189	0	0
OG0002190	0	0
OG0002191	0	0
OG0002192	0	0
OG0002193	0	0
OG0002194	0	0
OG0002195	0	0
OG0002196	0	0
OG0002197	0	0
OG0002198	0	0
OG0002199	1	1
OG0002200	1	0
OG0002201	0	0
OG0002202	0	0
OG0002203	0	0
OG0002204	2	0
OG0002205	0	0
OG0002206	1	1
OG0002207	0	0
OG0002208	0	0
OG0002209	0	0
OG0002210	0	0
OG0002211	1	1
OG0002212	1	1
OG0002213	1	1
OG0002214	0	0
OG0002215	0	0
OG0002216	1	1
OG0002217	0	0
OG0002218	0	0
OG0002219	0	0
OG0002220	0	0
OG0002221	1	1
OG0002222	1	1
OG0002223	2	1
OG0002224	2	2
OG0002225	0	0
OG0002226	0	0
OG0002227	0	0
OG0002228	0	0
OG0002229	0	0
OG0002230	0	0
OG0002231	0	0
OG0002232	0	0
OG0002233	0	0
OG0002234	2	2
OG0002235	1	1
OG0002236	2	2
OG0002237	0	0
OG0002238	1	1
OG0002239	0	0
OG0002240	0	0
OG0002241	0	0
OG0002242	0	0
OG0002243	0	0
OG0002244	0	0
OG0002245	0	0
OG0002246	0	0
OG0002247	0	0
OG0002248	0	0
OG0002249	0	0
OG0002250	0	0
OG0002251	1	1
OG0002252	0	0
OG0002253	0	0
OG0002254	0	0
OG0002255	0	0
OG0002256	0	0
OG0002257	0	0
OG0002258	0	0
OG0002259	0	0
OG0002260	1	1
OG0002261	1	1
OG0002262	0	0
OG0002263	0	0
OG0002264	0	0
OG0002265	0	0
OG0002266	0	0
OG0002267	0	0
OG0002268	0	0
OG0002269	0	0
OG0002270	0	0
OG0002271	0	0
OG0002272	0	0
OG0002273	0	0
OG0002274	0	0
OG0002275	0	0
OG0002276	0	0
OG0002277	0	0
OG0002278	0	0
OG0002279	0	0
OG0002280	0	0
OG0002281	0	0
OG0002282	0	0
OG0002283	0	0
OG0002284	0	0
OG0002285	1	0
OG0002286	1	1
OG0002287	0	0
OG0002288	0	0
OG0002289	2	2
OG0002290	2	1
OG0002291	1	1
OG0002292	0	0
OG0002293	0	0
OG0002294	0	0
OG0002295	0	0
OG0002296	0	0
OG0002297	0	0
OG0002298	0	0
OG0002299	1	1
OG0002300	0	0
OG0002301	0	0
OG0002302	0	0
OG0002303	0	0
OG0002304	0	0
OG0002305	0	0
OG0002306	2	2
OG0002307	2	1
OG0002308	0	0
OG0002309	0	0
OG0002310	0	0
OG0002311	0	0
OG0002312	0	0
OG0002313	0	0
OG0002314	0	0
OG0002315	0	0
OG0002316	0	0
OG0002317	0	0
OG0002318	0	0
OG0002319	0	0
OG0002320	0	0
OG0002321	1	0
OG0002322	0	0
OG0002323	2	2
OG0002324	0	0
OG0002325	0	0
OG0002326	0	0
OG0002327	0	0
OG0002328	0	0
OG0002329	0	0
OG0002330	0	0
OG0002331	0	0
OG0002332	0	0
OG0002333	0	0
OG0002334	0	0
OG0002335	0	0
OG0002336	0	0
OG0002337	0	0
OG0002338	0	0
OG0002339	0	0
OG0002340	0	0
OG0002341	0	0
OG0002342	0	0
OG0002343	1	1
OG0002344	0	0
OG0002345	0	0
OG0002346	0	0
OG0002347	0	0
OG0002348	0	0
OG0002349	0	0
OG0002350	0	0
OG0002351	0	0
OG0002352	0	0
OG0002353	0	0
OG0002354	0	0
OG0002355	0	0
OG0002356	0	0
OG0002357	0	0
OG0002358	1	1
OG0002359	0	0
OG0002360	0	0
OG0002361	0	0
OG0002362	0	0
OG0002363	1	1
OG0002364	0	0
OG0002365	0	0
OG0002366	0	0
OG0002367	0	0
OG0002368	0	0
OG0002369	0	0
OG0002370	0	0
OG0002371	0	0
OG0002372	1	1
OG0002373	0	0
OG0002374	0	0
OG0002375	0	0
OG0002376	0	0
OG0002377	0	0
OG0002378	0	0
OG0002379	0	0
OG0002380	0	0
OG0002381	0	0
OG0002382	0	0
OG0002383	0	0
OG0002384	0	0
OG0002385	0	0
OG0002386	0	0
OG0002387	0	0
OG0002388	0	0
OG0002389	1	1
OG0002390	0	0
OG0002391	0	0
OG0002392	0	0
OG0002393	0	0
OG0002394	0	0
OG0002395	0	0
OG0002396	0	0
OG0002397	0	0
OG0002398	0	0
OG0002399	0	0
OG0002400	0	0
OG0002401	0	0
OG0002402	0	0
OG0002403	0	0
OG0002404	0	0
OG0002405	0	0
OG0002406	0	0
OG0002407	0	0
OG0002408	0	0
OG0002409	0	0
OG0002410	1	1
OG0002411	0	0
OG0002412	0	0
OG0002413	1	1
OG0002414	0	0
OG0002415	0	0
OG0002416	0	0
OG0002417	0	0
OG0002418	0	0
OG0002419	0	0
OG0002420	2	2
OG0002421	1	1
OG0002422	4	4
OG0002423	0	0
OG0002424	0	0
OG0002425	0	0
OG0002426	0	0
OG0002427	0	0
OG0002428	0	0
OG0002429	0	0
OG0002430	0	0
OG0002431	0	0
OG0002432	0	0
OG0002433	1	1
OG0002434	0	0
OG0002435	1	1
OG0002436	1	1
OG0002437	0	0
OG0002438	0	0
OG0002439	0	0
OG0002440	1	0
OG0002441	1	1
OG0002442	1	1
OG0002443	1	1
OG0002444	2	2
OG0002445	1	1
OG0002446	0	0
OG0002447	0	0
OG0002448	0	0
OG0002449	0	0
OG0002450	0	0
OG0002451	0	0
OG0002452	0	0
OG0002453	0	0
OG0002454	0	0
OG0002455	0	0
OG0002456	0	0
OG0002457	0	0
OG0002458	0	0
OG0002459	0	0
OG0002460	0	0
OG0002461	0	0
OG0002462	0	0
OG0002463	0	0
OG0002464	0	0
OG0002465	0	0
OG0002466	0	0
OG0002467	1	1
OG0002468	1	0
OG0002469	0	0
OG0002470	0	0
OG0002471	0	0
OG0002472	0	0
OG0002473	2	2
OG0002474	0	0
OG0002475	0	0
OG0002476	0	0
OG0002477	0	0
OG0002478	1	0
OG0002479	0	0
OG0002480	0	0
OG0002481	0	0
OG0002482	0	0
OG0002483	1	0
OG0002484	1	1
OG0002485	0	0
OG0002486	0	0
OG0002487	0	0
OG0002488	0	0
OG0002489	0	0
OG0002490	1	0
OG0002491	1	1
OG0002492	1	0
OG0002493	0	0
OG0002494	0	0
OG0002495	0	0
OG0002496	0	0
OG0002497	0	0
OG0002498	0	0
OG0002499	0	0
OG0002500	0	0
OG0002501	2	1
OG0002502	0	0
OG0002503	3	3
OG0002504	3	3
OG0002505	2	2
OG0002506	1	1
OG0002507	3	3
OG0002508	2	2
OG0002509	1	1
OG0002510	1	1
OG0002511	0	0
OG0002512	1	1
OG0002513	2	2
OG0002514	1	1
OG0002515	2	2
OG0002516	1	1
OG0002517	2	2
OG0002518	2	2
OG0002519	2	2
OG0002520	2	1
OG0002521	1	1
OG0002522	2	2
OG0002523	4	4
OG0002524	3	2
OG0002525	1	0
OG0002526	2	1
OG0002527	4	4
OG0002528	1	1
OG0002529	3	1
OG0002530	2	1
OG0002531	6	6
OG0002532	6	6
OG0002533	0	0
OG0002534	0	0
OG0002535	0	0
OG0002536	1	1
OG0002537	3	3
OG0002538	0	0
OG0002539	0	0
OG0002540	0	0
OG0002541	0	0
OG0002542	0	0
OG0002543	2	2
OG0002544	0	0
OG0002545	1	1
OG0002546	0	0
OG0002547	0	0
OG0002548	0	0
OG0002549	3	3
OG0002550	0	0
OG0002551	2	2
OG0002552	2	1
OG0002553	0	0
OG0002554	0	0
OG0002555	1	1
OG0002556	0	0
OG0002557	0	0
OG0002558	1	1
OG0002559	0	0
OG0002560	0	0
OG0002561	0	0
OG0002562	1	1
OG0002563	0	0
OG0002564	3	3
OG0002565	2	2
OG0002566	0	0
OG0002567	0	0
OG0002568	4	4
OG0002569	0	0
OG0002570	0	0
OG0002571	0	0
OG0002572	0	0
OG0002573	1	1
OG0002574	1	1
OG0002575	1	1
OG0002576	0	0
OG0002577	0	0
OG0002578	0	0
OG0002579	0	0
OG0002580	0	0
OG0002581	0	0
OG0002582	1	1
OG0002583	5	5
OG0002584	1	1
OG0002585	0	0
OG0002586	0	0
OG0002587	0	0
OG0002588	0	0
OG0002589	0	0
OG0002590	2	2
OG0002591	0	0
OG0002592	1	1
OG0002593	0	0
OG0002594	1	1
OG0002595	1	0
OG0002596	1	1
OG0002597	0	0
OG0002598	1	1
OG0002599	0	0
OG0002600	2	0
OG0002601	0	0
OG0002602	0	0
OG0002603	0	0
OG0002604	0	0
OG0002605	0	0
OG0002606	1	1
OG0002607	1	0
OG0002608	0	0
OG0002609	0	0
OG0002610	1	1
OG0002611	0	0
OG0002612	1	1
OG0002613	1	1
OG0002614	0	0
OG0002615	0	0
OG0002616	0	0
OG0002617	0	0
OG0002618	1	0
OG0002619	0	0
OG0002620	2	2
OG0002621	0	0
OG0002622	1	1
OG0002623	0	0
OG0002624	1	1
OG0002625	0	0
OG0002626	0	0
OG0002627	1	0
OG0002628	1	0
OG0002629	2	2
OG0002630	0	0
OG0002631	0	0
OG0002632	0	0
OG0002633	0	0
OG0002634	0	0
OG0002635	1	1
OG0002636	0	0
OG0002637	1	1
OG0002638	0	0
OG0002639	0	0
OG0002640	1	1
OG0002641	0	0
OG0002642	0	0
OG0002643	0	0
OG0002644	2	2
OG0002645	0	0
OG0002646	0	0
OG0002647	0	0
OG0002648	0	0
OG0002649	0	0
OG0002650	0	0
OG0002651	0	0
OG0002652	1	1
OG0002653	0	0
OG0002654	0	0
OG0002655	0	0
OG0002656	0	0
OG0002657	1	1
OG0002658	0	0
OG0002659	0	0
OG0002660	0	0
OG0002661	1	1
OG0002662	1	1
OG0002663	0	0
OG0002664	1	1
OG0002665	0	0
OG0002666	0	0
OG0002667	0	0
OG0002668	0	0
OG0002669	0	0
OG0002670	1	0
OG0002671	1	1
OG0002672	0	0
OG0002673	0	0
OG0002674	0	0
OG0002675	2	2
OG0002676	0	0
OG0002677	0	0
OG0002678	0	0
OG0002679	0	0
OG0002680	0	0
OG0002681	0	0
OG0002682	0	0
OG0002683	0	0
OG0002684	0	0
OG0002685	2	2
OG0002686	0	0
OG0002687	0	0
OG0002688	0	0
OG0002689	0	0
OG0002690	1	1
OG0002691	0	0
OG0002692	0	0
OG0002693	0	0
OG0002694	1	0
OG0002695	0	0
OG0002696	0	0
OG0002697	2	2
OG0002698	1	1
OG0002699	0	0
OG0002700	0	0
OG0002701	0	0
OG0002702	0	0
OG0002703	0	0
OG0002704	0	0
OG0002705	0	0
OG0002706	0	0
OG0002707	0	0
OG0002708	0	0
OG0002709	0	0
OG0002710	0	0
OG0002711	0	0
OG0002712	0	0
OG0002713	0	0
OG0002714	0	0
OG0002715	0	0
OG0002716	1	1
OG0002717	0	0
OG0002718	0	0
OG0002719	0	0
OG0002720	0	0
OG0002721	1	1
OG0002722	2	2
OG0002723	2	2
OG0002724	0	0
OG0002725	0	0
OG0002726	0	0
OG0002727	1	0
OG0002728	1	1
OG0002729	0	0
OG0002730	0	0
OG0002731	0	0
OG0002732	0	0
OG0002733	0	0
OG0002734	0	0
OG0002735	0	0
OG0002736	0	0
OG0002737	0	0
OG0002738	0	0
OG0002739	2	2
OG0002740	0	0
OG0002741	0	0
OG0002742	0	0
OG0002743	0	0
OG0002744	0	0
OG0002745	0	0
OG0002746	0	0
OG0002747	0	0
OG0002748	0	0
OG0002749	0	0
OG0002750	0	0
OG0002751	0	0
OG0002752	0	0
OG0002753	0	0
OG0002754	0	0
OG0002755	0	0
OG0002756	0	0
OG0002757	0	0
OG0002758	0	0
OG0002759	0	0
OG0002760	0	0
OG0002761	0	0
OG0002762	0	0
OG0002763	0	0
OG0002764	0	0
OG0002765	0	0
OG0002766	0	0
OG0002767	0	0
OG0002768	0	0
OG0002769	0	0
OG0002770	1	1
OG0002771	1	1
OG0002772	1	1
OG0002773	1	1
OG0002774	0	0
OG0002775	0	0
OG0002776	0	0
OG0002777	0	0
OG0002778	0	0
OG0002779	2	2
OG0002780	0	0
OG0002781	0	0
OG0002782	0	0
OG0002783	1	1
OG0002784	2	2
OG0002785	2	2
OG0002786	1	1
OG0002787	1	1
OG0002788	2	2
OG0002789	0	0
OG0002790	1	1
OG0002791	1	1
OG0002792	1	1
OG0002793	2	2
OG0002794	1	1
OG0002795	0	0
OG0002796	1	1
OG0002797	1	1
OG0002798	2	2
OG0002799	2	2
OG0002800	1	1
OG0002801	0	0
OG0002802	0	0
OG0002803	1	1
OG0002804	1	1
OG0002805	1	1
OG0002806	1	1
OG0002807	1	1
OG0002808	1	1
OG0002809	1	1
OG0002810	0	0
OG0002811	1	1
OG0002812	0	0
OG0002813	0	0
OG0002814	2	2
OG0002815	1	1
OG0002816	1	0
OG0002817	0	0
OG0002818	1	0
OG0002819	1	1
OG0002820	1	1
OG0002821	1	0
OG0002822	1	1
OG0002823	1	1
OG0002824	2	2
OG0002825	0	0
OG0002826	1	1
OG0002827	1	1
OG0002828	1	1
OG0002829	0	0
OG0002830	0	0
OG0002831	0	0
OG0002832	0	0
OG0002833	2	2
OG0002834	3	3
OG0002835	3	3
OG0002836	5	5
OG0002837	2	1
OG0002838	2	2
OG0002839	5	5
OG0002840	1	0
OG0002841	2	2
OG0002842	0	0
OG0002843	4	4
OG0002844	5	5
OG0002845	5	5
OG0002846	5	5
OG0002847	5	5
OG0002848	4	4
OG0002849	2	1
OG0002850	1	1
OG0002851	0	0
OG0002852	1	1
OG0002853	1	1
OG0002854	0	0
OG0002855	0	0
OG0002856	0	0
OG0002857	0	0
OG0002858	1	1
OG0002859	3	3
OG0002860	0	0
OG0002861	0	0
OG0002862	3	3
OG0002863	0	0
OG0002864	0	0
OG0002865	0	0
OG0002866	0	0
OG0002867	0	0
OG0002868	0	0
OG0002869	1	1
OG0002870	0	0
OG0002871	0	0
OG0002872	0	0
OG0002873	0	0
OG0002874	1	1
OG0002875	1	0
OG0002876	1	1
OG0002877	0	0
OG0002878	0	0
OG0002879	0	0
OG0002880	0	0
OG0002881	0	0
OG0002882	3	3
OG0002883	0	0
OG0002884	0	0
OG0002885	0	0
OG0002886	1	1
OG0002887	0	0
OG0002888	0	0
OG0002889	0	0
OG0002890	1	1
OG0002891	1	1
OG0002892	0	0
OG0002893	0	0
OG0002894	1	1
OG0002895	0	0
OG0002896	0	0
OG0002897	0	0
OG0002898	0	0
OG0002899	0	0
OG0002900	0	0
OG0002901	0	0
OG0002902	0	0
OG0002903	0	0
OG0002904	0	0
OG0002905	0	0
OG0002906	0	0
OG0002907	0	0
OG0002908	0	0
OG0002909	0	0
OG0002910	0	0
OG0002911	0	0
OG0002912	0	0
OG0002913	0	0
OG0002914	0	0
OG0002915	0	0
OG0002916	0	0
OG0002917	0	0
OG0002918	0	0
OG0002919	0	0
OG0002920	0	0
OG0002921	0	0
OG0002922	0	0
OG0002923	0	0
OG0002924	0	0
OG0002925	0	0
OG0002926	0	0
OG0002927	1	1
OG0002928	0	0
OG0002929	0	0
OG0002930	0	0
OG0002931	0	0
OG0002932	0	0
OG0002933	0	0
OG0002934	0	0
OG0002935	0	0
OG0002936	2	2
OG0002937	1	1
OG0002938	0	0
OG0002939	0	0
OG0002940	2	2
OG0002941	2	2
OG0002942	0	0
OG0002943	0	0
OG0002944	1	1
OG0002945	2	2
OG0002946	0	0
OG0002947	0	0
OG0002948	0	0
OG0002949	0	0
OG0002950	0	0
OG0002951	0	0
OG0002952	0	0
OG0002953	1	1
OG0002954	0	0
OG0002955	0	0
OG0002956	0	0
OG0002957	1	1
OG0002958	1	1
OG0002959	1	1
OG0002960	1	1
OG0002961	1	1
OG0002962	0	0
OG0002963	0	0
OG0002964	0	0
OG0002965	0	0
OG0002966	0	0
OG0002967	0	0
OG0002968	0	0
OG0002969	0	0
OG0002970	0	0
OG0002971	0	0
OG0002972	0	0
OG0002973	0	0
OG0002974	0	0
OG0002975	1	1
OG0002976	0	0
OG0002977	1	1
OG0002978	1	1
OG0002979	1	1
OG0002980	2	2
OG0002981	1	1
OG0002982	2	2
OG0002983	1	1
OG0002984	0	0
OG0002985	0	0
OG0002986	1	1
OG0002987	0	0
OG0002988	0	0
OG0002989	0	0
OG0002990	0	0
OG0002991	0	0
OG0002992	0	0
OG0002993	0	0
OG0002994	0	0
OG0002995	0	0
OG0002996	0	0
OG0002997	0	0
OG0002998	0	0
OG0002999	0	0
OG0003000	0	0
OG0003001	2	2
OG0003002	2	2
OG0003003	1	1
OG0003004	0	0
OG0003005	1	1
OG0003006	1	1
OG0003007	0	0
OG0003008	0	0
OG0003009	0	0
OG0003010	0	0
OG0003011	1	1
OG0003012	0	0
OG0003013	1	1
OG0003014	2	2
OG0003015	0	0
OG0003016	1	1
OG0003017	0	0
OG0003018	0	0
OG0003019	0	0
OG0003020	0	0
OG0003021	0	0
OG0003022	2	2
OG0003023	1	1
OG0003024	1	1
OG0003025	0	0
OG0003026	0	0
OG0003027	0	0
OG0003028	0	0
OG0003029	0	0
OG0003030	0	0
OG0003031	0	0
OG0003032	0	0
OG0003033	0	0
OG0003034	0	0
OG0003035	0	0
OG0003036	0	0
OG0003037	0	0
OG0003038	0	0
OG0003039	0	0
OG0003040	0	0
OG0003041	0	0
OG0003042	0	0
OG0003043	0	0
OG0003044	0	0
OG0003045	0	0
OG0003046	0	0
OG0003047	2	2
OG0003048	1	0
OG0003049	1	1
OG0003050	0	0
OG0003051	0	0
OG0003052	1	1
OG0003053	0	0
OG0003054	0	0
OG0003055	0	0
OG0003056	0	0
OG0003057	2	2
OG0003058	0	0
OG0003059	0	0
OG0003060	0	0
OG0003061	1	1
OG0003062	0	0
OG0003063	0	0
OG0003064	0	0
OG0003065	0	0
OG0003066	0	0
OG0003067	1	1
OG0003068	2	2
OG0003069	0	0
OG0003070	0	0
OG0003071	0	0
OG0003072	0	0
OG0003073	0	0
OG0003074	0	0
OG0003075	0	0
OG0003076	0	0
OG0003077	2	2
OG0003078	0	0
OG0003079	0	0
OG0003080	1	1
OG0003081	1	1
OG0003082	1	1
OG0003083	1	1
OG0003084	0	0
OG0003085	0	0
OG0003086	0	0
OG0003087	1	1
OG0003088	0	0
OG0003089	1	1
OG0003090	0	0
OG0003091	3	3
OG0003092	0	0
OG0003093	1	1
OG0003094	0	0
OG0003095	1	1
OG0003096	1	1
OG0003097	1	1
OG0003098	2	2
OG0003099	1	1
OG0003100	1	0
OG0003101	0	0
OG0003102	2	2
OG0003103	1	1
OG0003104	1	1
OG0003105	1	1
OG0003106	1	1
OG0003107	0	0
OG0003108	1	1
OG0003109	0	0
OG0003110	0	0
OG0003111	0	0
OG0003112	1	1
OG0003113	0	0
OG0003114	1	1
OG0003115	1	1
OG0003116	0	0
OG0003117	0	0
OG0003118	0	0
OG0003119	0	0
OG0003120	0	0
OG0003121	0	0
OG0003122	1	1
OG0003123	2	2
OG0003124	1	1
OG0003125	1	1
OG0003126	2	2
OG0003127	0	0
OG0003128	0	0
OG0003129	0	0
OG0003130	0	0
OG0003131	0	0
OG0003132	0	0
OG0003133	1	1
OG0003134	0	0
OG0003135	0	0
OG0003136	1	1
OG0003137	1	1
OG0003138	0	0
OG0003139	0	0
OG0003140	2	2
OG0003141	2	2
OG0003142	1	1
OG0003143	1	1
OG0003144	1	1
OG0003145	1	1
OG0003146	1	1
OG0003147	1	1
OG0003148	0	0
OG0003149	0	0
OG0003150	0	0
OG0003151	0	0
OG0003152	0	0
OG0003153	1	1
OG0003154	1	1
OG0003155	1	1
OG0003156	1	1
OG0003157	0	0
OG0003158	0	0
OG0003159	1	1
OG0003160	0	0
OG0003161	0	0
OG0003162	0	0
OG0003163	0	0
OG0003164	1	1
OG0003165	0	0
OG0003166	0	0
OG0003167	0	0
OG0003168	0	0
OG0003169	0	0
OG0003170	0	0
OG0003171	1	1
OG0003172	1	1
OG0003173	0	0
OG0003174	1	1
OG0003175	0	0
OG0003176	0	0
OG0003177	0	0
OG0003178	1	1
OG0003179	1	1
OG0003180	0	0
OG0003181	0	0
OG0003182	0	0
OG0003183	0	0
OG0003184	1	1
OG0003185	0	0
OG0003186	1	1
OG0003187	0	0
OG0003188	1	1
OG0003189	0	0
OG0003190	1	1
OG0003191	2	2
OG0003192	1	1
OG0003193	2	2
OG0003194	1	1
OG0003195	1	1
OG0003196	2	2
OG0003197	1	1
OG0003198	2	1
OG0003199	4	4
OG0003200	2	2
OG0003201	1	1
OG0003202	1	1
OG0003203	1	1
OG0003204	2	2
OG0003205	3	3
OG0003206	1	1
OG0003207	0	0
OG0003208	3	3
OG0003209	2	2
OG0003210	2	2
OG0003211	2	2
OG0003212	2	2
OG0003213	3	3
OG0003214	3	3
OG0003215	2	2
OG0003216	4	4
OG0003217	4	4
OG0003218	4	4
OG0003219	4	4
OG0003220	4	4
OG0003221	4	4
OG0003222	1	1
OG0003223	3	3
OG0003224	4	4
OG0003225	0	0
OG0003226	0	0
OG0003227	0	0
OG0003228	0	0
OG0003229	0	0
OG0003230	1	1
OG0003231	1	1
OG0003232	1	1
OG0003233	0	0
OG0003234	0	0
OG0003235	1	1
OG0003236	0	0
OG0003237	2	2
OG0003238	1	1
OG0003239	1	1
OG0003240	1	1
OG0003241	1	1
OG0003242	1	1
OG0003243	2	2
OG0003244	0	0
OG0003245	0	0
OG0003246	0	0
OG0003247	0	0
OG0003248	0	0
OG0003249	0	0
OG0003250	0	0
OG0003251	0	0
OG0003252	0	0
OG0003253	0	0
OG0003254	0	0
OG0003255	0	0
OG0003256	1	1
OG0003257	1	1
OG0003258	0	0
OG0003259	1	1
OG0003260	0	0
OG0003261	0	0
OG0003262	1	1
OG0003263	0	0
OG0003264	0	0
OG0003265	1	1
OG0003266	1	1
OG0003267	0	0
OG0003268	0	0
OG0003269	0	0
OG0003270	0	0
OG0003271	0	0
OG0003272	0	0
OG0003273	1	1
OG0003274	0	0
OG0003275	0	0
OG0003276	0	0
OG0003277	0	0
OG0003278	0	0
OG0003279	1	1
OG0003280	0	0
OG0003281	0	0
OG0003282	0	0
OG0003283	0	0
OG0003284	1	1
OG0003285	0	0
OG0003286	1	1
OG0003287	0	0
OG0003288	0	0
OG0003289	0	0
OG0003290	0	0
OG0003291	0	0
OG0003292	0	0
OG0003293	2	2
OG0003294	0	0
OG0003295	0	0
OG0003296	0	0
OG0003297	1	1
OG0003298	2	2
OG0003299	0	0
OG0003300	0	0
OG0003301	2	2
OG0003302	0	0
OG0003303	1	1
OG0003304	2	2
OG0003305	0	0
OG0003306	0	0
OG0003307	0	0
OG0003308	0	0
OG0003309	0	0
OG0003310	0	0
OG0003311	0	0
OG0003312	1	1
OG0003313	1	1
OG0003314	1	1
OG0003315	0	0
OG0003316	0	0
OG0003317	0	0
OG0003318	0	0
OG0003319	2	2
OG0003320	0	0
OG0003321	0	0
OG0003322	0	0
OG0003323	0	0
OG0003324	0	0
OG0003325	1	1
OG0003326	0	0
OG0003327	0	0
OG0003328	1	1
OG0003329	1	1
OG0003330	1	1
OG0003331	0	0
OG0003332	0	0
OG0003333	1	1
OG0003334	0	0
OG0003335	0	0
OG0003336	0	0
OG0003337	0	0
OG0003338	0	0
OG0003339	0	0
OG0003340	0	0
OG0003341	0	0
OG0003342	0	0
OG0003343	0	0
OG0003344	0	0
OG0003345	0	0
OG0003346	0	0
OG0003347	0	0
OG0003348	1	1
OG0003349	0	0
OG0003350	0	0
OG0003351	1	1
OG0003352	1	1
OG0003353	0	0
OG0003354	0	0
OG0003355	1	1
OG0003356	1	1
OG0003357	0	0
OG0003358	0	0
OG0003359	0	0
OG0003360	0	0
OG0003361	0	0
OG0003362	0	0
OG0003363	0	0
OG0003364	0	0
OG0003365	0	0
OG0003366	0	0
OG0003367	0	0
OG0003368	0	0
OG0003369	1	1
OG0003370	0	0
OG0003371	1	1
OG0003372	0	0
OG0003373	1	1
OG0003374	2	2
OG0003375	1	1
OG0003376	0	0
OG0003377	1	1
OG0003378	0	0
OG0003379	0	0
OG0003380	0	0
OG0003381	1	1
OG0003382	1	1
OG0003383	0	0
OG0003384	1	1
OG0003385	0	0
OG0003386	1	1
OG0003387	0	0
OG0003388	0	0
OG0003389	0	0
OG0003390	0	0
OG0003391	0	0
OG0003392	0	0
OG0003393	0	0
OG0003394	1	1
OG0003395	1	1
OG0003396	0	0
OG0003397	0	0
OG0003398	0	0
OG0003399	1	1
OG0003400	0	0
OG0003401	0	0
OG0003402	0	0
OG0003403	0	0
OG0003404	0	0
OG0003405	0	0
OG0003406	0	0
OG0003407	0	0
OG0003408	0	0
OG0003409	0	0
OG0003410	0	0
OG0003411	0	0
OG0003412	0	0
OG0003413	0	0
OG0003414	1	1
OG0003415	1	1
OG0003416	1	1
OG0003417	1	1
OG0003418	0	0
OG0003419	0	0
OG0003420	0	0
OG0003421	0	0
OG0003422	1	1
OG0003423	0	0
OG0003424	0	0
OG0003425	0	0
OG0003426	0	0
OG0003427	0	0
OG0003428	0	0
OG0003429	0	0
OG0003430	0	0
OG0003431	0	0
OG0003432	0	0
OG0003433	1	1
OG0003434	0	0
OG0003435	1	1
OG0003436	1	1
OG0003437	0	0
OG0003438	0	0
OG0003439	0	0
OG0003440	0	0
OG0003441	0	0
OG0003442	0	0
OG0003443	0	0
OG0003444	0	0
OG0003445	0	0
OG0003446	0	0
OG0003447	1	1
OG0003448	1	1
OG0003449	0	0
OG0003450	0	0
OG0003451	2	2
OG0003452	0	0
OG0003453	0	0
OG0003454	0	0
OG0003455	1	1
OG0003456	1	1
OG0003457	1	1
OG0003458	0	0
OG0003459	0	0
OG0003460	0	0
OG0003461	0	0
OG0003462	0	0
OG0003463	0	0
OG0003464	1	1
OG0003465	1	1
OG0003466	1	1
OG0003467	1	1
OG0003468	0	0
OG0003469	0	0
OG0003470	0	0
OG0003471	0	0
OG0003472	0	0
OG0003473	0	0
OG0003474	0	0
OG0003475	1	1
OG0003476	0	0
OG0003477	0	0
OG0003478	0	0
OG0003479	0	0
OG0003480	1	1
OG0003481	1	1
OG0003482	0	0
OG0003483	0	0
OG0003484	0	0
OG0003485	0	0
OG0003486	0	0
OG0003487	1	1
OG0003488	0	0
OG0003489	0	0
OG0003490	0	0
OG0003491	0	0
OG0003492	1	1
OG0003493	0	0
OG0003494	0	0
OG0003495	0	0
OG0003496	0	0
OG0003497	0	0
OG0003498	1	1
OG0003499	0	0
OG0003500	0	0
OG0003501	0	0
OG0003502	0	0
OG0003503	0	0
OG0003504	0	0
OG0003505	1	1
OG0003506	1	1
OG0003507	1	1
OG0003508	1	1
OG0003509	1	1
OG0003510	0	0
OG0003511	0	0
OG0003512	0	0
OG0003513	0	0
OG0003514	1	1
OG0003515	1	1
OG0003516	0	0
OG0003517	1	1
OG0003518	0	0
OG0003519	0	0
OG0003520	0	0
OG0003521	0	0
OG0003522	0	0
OG0003523	0	0
OG0003524	0	0
OG0003525	0	0
OG0003526	0	0
OG0003527	0	0
OG0003528	0	0
OG0003529	0	0
OG0003530	0	0
OG0003531	1	1
OG0003532	0	0
OG0003533	0	0
OG0003534	0	0
OG0003535	0	0
OG0003536	2	2
OG0003537	0	0
OG0003538	0	0
OG0003539	0	0
OG0003540	0	0
OG0003541	0	0
OG0003542	0	0
OG0003543	1	1
OG0003544	0	0
OG0003545	0	0
OG0003546	0	0
OG0003547	0	0
OG0003548	0	0
OG0003549	0	0
OG0003550	0	0
OG0003551	1	1
OG0003552	0	0
OG0003553	0	0
OG0003554	0	0
OG0003555	1	1
OG0003556	0	0
OG0003557	0	0
OG0003558	0	0
OG0003559	0	0
OG0003560	0	0
OG0003561	0	0
OG0003562	0	0
OG0003563	0	0
OG0003564	0	0
OG0003565	0	0
OG0003566	0	0
OG0003567	0	0
OG0003568	0	0
OG0003569	0	0
OG0003570	0	0
OG0003571	0	0
OG0003572	0	0
OG0003573	0	0
OG0003574	0	0
OG0003575	0	0
OG0003576	0	0
OG0003577	1	1
OG0003578	0	0
OG0003579	0	0
OG0003580	0	0
OG0003581	0	0
OG0003582	0	0
OG0003583	1	1
OG0003584	1	1
OG0003585	0	0
OG0003586	0	0
OG0003587	0	0
OG0003588	1	1
OG0003589	0	0
OG0003590	1	1
OG0003591	0	0
OG0003592	1	1
OG0003593	0	0
OG0003594	0	0
OG0003595	0	0
OG0003596	0	0
OG0003597	0	0
OG0003598	0	0
OG0003599	0	0
OG0003600	0	0
OG0003601	0	0
OG0003602	0	0
OG0003603	1	1
OG0003604	0	0
OG0003605	1	1
OG0003606	0	0
OG0003607	0	0
OG0003608	0	0
OG0003609	1	1
OG0003610	0	0
OG0003611	0	0
OG0003612	0	0
OG0003613	0	0
OG0003614	0	0
OG0003615	0	0
OG0003616	0	0
OG0003617	0	0
OG0003618	0	0
OG0003619	0	0
OG0003620	0	0
OG0003621	0	0
OG0003622	0	0
OG0003623	0	0
OG0003624	0	0
OG0003625	0	0
OG0003626	0	0
OG0003627	0	0
OG0003628	0	0
OG0003629	0	0
OG0003630	1	1
OG0003631	0	0
OG0003632	3	3
OG0003633	3	3
OG0003634	1	1
OG0003635	1	1
OG0003636	0	0
OG0003637	0	0
OG0003638	2	2
OG0003639	3	3
OG0003640	1	1
OG0003641	2	2
OG0003642	2	2
OG0003643	0	0
OG0003644	2	2
OG0003645	2	2
OG0003646	0	0
OG0003647	1	1
OG0003648	0	0
OG0003649	2	2
OG0003650	1	1
OG0003651	2	2
OG0003652	0	0
OG0003653	2	2
OG0003654	1	1
OG0003655	0	0
OG0003656	0	0
OG0003657	0	0
OG0003658	1	1
OG0003659	1	1
OG0003660	2	2
OG0003661	1	1
OG0003662	2	2
OG0003663	3	3
OG0003664	2	2
OG0003665	0	0
OG0003666	1	1
OG0003667	1	1
OG0003668	1	1
OG0003669	1	1
OG0003670	1	1
OG0003671	3	3
OG0003672	3	3
OG0003673	3	3
OG0003674	3	3
OG0003675	3	3
OG0003676	3	3
OG0003677	3	3
OG0003678	1	1
OG0003679	1	1
OG0003680	1	1
OG0003681	3	3
OG0003682	1	1
OG0003683	2	2
OG0003684	3	3
OG0003685	2	2
OG0003686	2	2
OG0003687	1	1
OG0003688	1	1
OG0003689	2	2
OG0003690	2	2
OG0003691	1	1
OG0003692	1	1
OG0003693	3	3
