ref1,ref2,PID
2687453699_PEBOPBNB_00179,2687453699_PEBOPBNB_00179,100
GCA_000024165.1_DGOCCOHL_01070,2687453699_PEBOPBNB_00179,85.707
GCA_000584955.2_BALNIADD_02612,2687453699_PEBOPBNB_00179,85.953
GCA_000584975.2_FLOKBKCF_00068,2687453699_PEBOPBNB_00179,83.93
GCA_000584995.1_NPHLOHBO_00818,2687453699_PEBOPBNB_00179,82.044
GCA_000585015.1_JPAJMACA_00169,2687453699_PEBOPBNB_00179,83.938
GCA_000585035.2_BIOCIAGG_04430,2687453699_PEBOPBNB_00179,84.644
GCA_000585055.1_JMBGGNHN_01742,2687453699_PEBOPBNB_00179,90.395
GCA_000585075.1_LMKBKINC_00287,2687453699_PEBOPBNB_00179,97.878
GCA_000585095.1_DDBAAEFF_02735,2687453699_PEBOPBNB_00179,83.511
GCA_000987395.1_IJAMOEGB_03109,2687453699_PEBOPBNB_00179,84.166
GCA_000987445.1_DIPJCKAO_01419,2687453699_PEBOPBNB_00179,91.042
GCA_001897745.1_LNFOKPNO_00497,2687453699_PEBOPBNB_00179,81.823
GCA_002304785.1_GBHPAPPJ_02574,2687453699_PEBOPBNB_00179,75.316
GCA_002345025.1_KFEAILBB_02335,2687453699_PEBOPBNB_00179,83.31
GCA_002345285.1_NKDODKIB_03753,2687453699_PEBOPBNB_00179,83.938
GCA_002352265.1_FOOMNIKE_04153,2687453699_PEBOPBNB_00179,90.395
GCA_002425405.1_NLEBCEFB_01950,2687453699_PEBOPBNB_00179,84.449
GCA_002433845.1_PENGGAAI_03274,2687453699_PEBOPBNB_00179,83.938
GCA_002455435.1_LJMNPMKE_00197,2687453699_PEBOPBNB_00179,97.878
GCA_003332265.1_BFLDHLJO_03541,2687453699_PEBOPBNB_00179,90.146
GCA_003487685.1_BPGNMNNK_01401,2687453699_PEBOPBNB_00179,83.31
GCA_003535635.1_FMDBLDOA_00549,2687453699_PEBOPBNB_00179,83.31
GCA_003538495.1_COGBHOPJ_04777,2687453699_PEBOPBNB_00179,86.405
GCA_003542235.1_LHMBCMGL_01997,2687453699_PEBOPBNB_00179,83.31
GCA_005524045.1_CHBPCNLK_00370,2687453699_PEBOPBNB_00179,83.302
GCA_005889575.1_AEPCJOJA_01401,2687453699_PEBOPBNB_00179,84.213
GCA_009467855.1_FFHDGLOA_00684,2687453699_PEBOPBNB_00179,99.859
GCA_900089955.1_LKKGGHDO_04133,2687453699_PEBOPBNB_00179,84.425
UW4_BBLLADNB_00506,2687453699_PEBOPBNB_00179,97.784
UW5_GNJGOIBN_01044,2687453699_PEBOPBNB_00179,85.707
UW6_NHBDKAOG_02407,2687453699_PEBOPBNB_00179,84.636
UW7_CEKMHFBL_01627,2687453699_PEBOPBNB_00179,83.388
2687453699_PEBOPBNB_00179,GCA_000024165.1_DGOCCOHL_01070,85.707
GCA_000024165.1_DGOCCOHL_01070,GCA_000024165.1_DGOCCOHL_01070,100
GCA_000584955.2_BALNIADD_02612,GCA_000024165.1_DGOCCOHL_01070,87.065
GCA_000584975.2_FLOKBKCF_00068,GCA_000024165.1_DGOCCOHL_01070,85.873
GCA_000584995.1_NPHLOHBO_00818,GCA_000024165.1_DGOCCOHL_01070,83.574
GCA_000585015.1_JPAJMACA_00169,GCA_000024165.1_DGOCCOHL_01070,85.069
GCA_000585035.2_BIOCIAGG_04430,GCA_000024165.1_DGOCCOHL_01070,86.454
GCA_000585055.1_JMBGGNHN_01742,GCA_000024165.1_DGOCCOHL_01070,84.91
GCA_000585075.1_LMKBKINC_00287,GCA_000024165.1_DGOCCOHL_01070,86.291
GCA_000585095.1_DDBAAEFF_02735,GCA_000024165.1_DGOCCOHL_01070,85
GCA_000987395.1_IJAMOEGB_03109,GCA_000024165.1_DGOCCOHL_01070,85.922
GCA_000987445.1_DIPJCKAO_01419,GCA_000024165.1_DGOCCOHL_01070,85.277
GCA_001897745.1_LNFOKPNO_00497,GCA_000024165.1_DGOCCOHL_01070,82.529
GCA_002304785.1_GBHPAPPJ_02574,GCA_000024165.1_DGOCCOHL_01070,75.774
GCA_002345025.1_KFEAILBB_02335,GCA_000024165.1_DGOCCOHL_01070,84.851
GCA_002345285.1_NKDODKIB_03753,GCA_000024165.1_DGOCCOHL_01070,85.069
GCA_002352265.1_FOOMNIKE_04153,GCA_000024165.1_DGOCCOHL_01070,84.91
GCA_002425405.1_NLEBCEFB_01950,GCA_000024165.1_DGOCCOHL_01070,85.823
GCA_002433845.1_PENGGAAI_03274,GCA_000024165.1_DGOCCOHL_01070,85.069
GCA_002455435.1_LJMNPMKE_00197,GCA_000024165.1_DGOCCOHL_01070,86.291
GCA_003332265.1_BFLDHLJO_03541,GCA_000024165.1_DGOCCOHL_01070,84.612
GCA_003487685.1_BPGNMNNK_01401,GCA_000024165.1_DGOCCOHL_01070,84.851
GCA_003535635.1_FMDBLDOA_00549,GCA_000024165.1_DGOCCOHL_01070,84.851
GCA_003538495.1_COGBHOPJ_04777,GCA_000024165.1_DGOCCOHL_01070,85.917
GCA_003542235.1_LHMBCMGL_01997,GCA_000024165.1_DGOCCOHL_01070,84.899
GCA_005524045.1_CHBPCNLK_00370,GCA_000024165.1_DGOCCOHL_01070,84.813
GCA_005889575.1_AEPCJOJA_01401,GCA_000024165.1_DGOCCOHL_01070,85.922
GCA_009467855.1_FFHDGLOA_00684,GCA_000024165.1_DGOCCOHL_01070,85.61
GCA_900089955.1_LKKGGHDO_04133,GCA_000024165.1_DGOCCOHL_01070,86.338
UW4_BBLLADNB_00506,GCA_000024165.1_DGOCCOHL_01070,86.485
UW5_GNJGOIBN_01044,GCA_000024165.1_DGOCCOHL_01070,100
UW6_NHBDKAOG_02407,GCA_000024165.1_DGOCCOHL_01070,86.027
UW7_CEKMHFBL_01627,GCA_000024165.1_DGOCCOHL_01070,85.77
2687453699_PEBOPBNB_00179,GCA_000584955.2_BALNIADD_02612,85.953
GCA_000024165.1_DGOCCOHL_01070,GCA_000584955.2_BALNIADD_02612,87.065
GCA_000584955.2_BALNIADD_02612,GCA_000584955.2_BALNIADD_02612,100
GCA_000584975.2_FLOKBKCF_00068,GCA_000584955.2_BALNIADD_02612,95.129
GCA_000584995.1_NPHLOHBO_00818,GCA_000584955.2_BALNIADD_02612,83.288
GCA_000585015.1_JPAJMACA_00169,GCA_000584955.2_BALNIADD_02612,84.821
GCA_000585035.2_BIOCIAGG_04430,GCA_000584955.2_BALNIADD_02612,95.271
GCA_000585055.1_JMBGGNHN_01742,GCA_000584955.2_BALNIADD_02612,84.802
GCA_000585075.1_LMKBKINC_00287,GCA_000584955.2_BALNIADD_02612,85.883
GCA_000585095.1_DDBAAEFF_02735,GCA_000584955.2_BALNIADD_02612,84.638
GCA_000987395.1_IJAMOEGB_03109,GCA_000584955.2_BALNIADD_02612,95.48
GCA_000987445.1_DIPJCKAO_01419,GCA_000584955.2_BALNIADD_02612,85.466
GCA_001897745.1_LNFOKPNO_00497,GCA_000584955.2_BALNIADD_02612,81.376
GCA_002304785.1_GBHPAPPJ_02574,GCA_000584955.2_BALNIADD_02612,76.69
GCA_002345025.1_KFEAILBB_02335,GCA_000584955.2_BALNIADD_02612,85.167
GCA_002345285.1_NKDODKIB_03753,GCA_000584955.2_BALNIADD_02612,84.821
GCA_002352265.1_FOOMNIKE_04153,GCA_000584955.2_BALNIADD_02612,84.802
GCA_002425405.1_NLEBCEFB_01950,GCA_000584955.2_BALNIADD_02612,99.652
GCA_002433845.1_PENGGAAI_03274,GCA_000584955.2_BALNIADD_02612,84.821
GCA_002455435.1_LJMNPMKE_00197,GCA_000584955.2_BALNIADD_02612,85.883
GCA_003332265.1_BFLDHLJO_03541,GCA_000584955.2_BALNIADD_02612,85.625
GCA_003487685.1_BPGNMNNK_01401,GCA_000584955.2_BALNIADD_02612,85.167
GCA_003535635.1_FMDBLDOA_00549,GCA_000584955.2_BALNIADD_02612,85.167
GCA_003538495.1_COGBHOPJ_04777,GCA_000584955.2_BALNIADD_02612,86.231
GCA_003542235.1_LHMBCMGL_01997,GCA_000584955.2_BALNIADD_02612,85.237
GCA_005524045.1_CHBPCNLK_00370,GCA_000584955.2_BALNIADD_02612,84.958
GCA_005889575.1_AEPCJOJA_01401,GCA_000584955.2_BALNIADD_02612,95.48
GCA_009467855.1_FFHDGLOA_00684,GCA_000584955.2_BALNIADD_02612,85.814
GCA_900089955.1_LKKGGHDO_04133,GCA_000584955.2_BALNIADD_02612,87.335
UW4_BBLLADNB_00506,GCA_000584955.2_BALNIADD_02612,86.092
UW5_GNJGOIBN_01044,GCA_000584955.2_BALNIADD_02612,87.065
UW6_NHBDKAOG_02407,GCA_000584955.2_BALNIADD_02612,95.129
UW7_CEKMHFBL_01627,GCA_000584955.2_BALNIADD_02612,85.237
2687453699_PEBOPBNB_00179,GCA_000584975.2_FLOKBKCF_00068,83.93
GCA_000024165.1_DGOCCOHL_01070,GCA_000584975.2_FLOKBKCF_00068,85.873
GCA_000584955.2_BALNIADD_02612,GCA_000584975.2_FLOKBKCF_00068,95.129
GCA_000584975.2_FLOKBKCF_00068,GCA_000584975.2_FLOKBKCF_00068,100
GCA_000584995.1_NPHLOHBO_00818,GCA_000584975.2_FLOKBKCF_00068,82.751
GCA_000585015.1_JPAJMACA_00169,GCA_000584975.2_FLOKBKCF_00068,83.998
GCA_000585035.2_BIOCIAGG_04430,GCA_000584975.2_FLOKBKCF_00068,92.786
GCA_000585055.1_JMBGGNHN_01742,GCA_000584975.2_FLOKBKCF_00068,83.098
GCA_000585075.1_LMKBKINC_00287,GCA_000584975.2_FLOKBKCF_00068,83.781
GCA_000585095.1_DDBAAEFF_02735,GCA_000584975.2_FLOKBKCF_00068,84.22
GCA_000987395.1_IJAMOEGB_03109,GCA_000584975.2_FLOKBKCF_00068,96.653
GCA_000987445.1_DIPJCKAO_01419,GCA_000584975.2_FLOKBKCF_00068,84.158
GCA_001897745.1_LNFOKPNO_00497,GCA_000584975.2_FLOKBKCF_00068,80.078
GCA_002304785.1_GBHPAPPJ_02574,GCA_000584975.2_FLOKBKCF_00068,74.054
GCA_002345025.1_KFEAILBB_02335,GCA_000584975.2_FLOKBKCF_00068,84.017
GCA_002345285.1_NKDODKIB_03753,GCA_000584975.2_FLOKBKCF_00068,83.998
GCA_002352265.1_FOOMNIKE_04153,GCA_000584975.2_FLOKBKCF_00068,83.098
GCA_002425405.1_NLEBCEFB_01950,GCA_000584975.2_FLOKBKCF_00068,95.238
GCA_002433845.1_PENGGAAI_03274,GCA_000584975.2_FLOKBKCF_00068,83.998
GCA_002455435.1_LJMNPMKE_00197,GCA_000584975.2_FLOKBKCF_00068,83.781
GCA_003332265.1_BFLDHLJO_03541,GCA_000584975.2_FLOKBKCF_00068,84.456
GCA_003487685.1_BPGNMNNK_01401,GCA_000584975.2_FLOKBKCF_00068,84.017
GCA_003535635.1_FMDBLDOA_00549,GCA_000584975.2_FLOKBKCF_00068,84.017
GCA_003538495.1_COGBHOPJ_04777,GCA_000584975.2_FLOKBKCF_00068,84.322
GCA_003542235.1_LHMBCMGL_01997,GCA_000584975.2_FLOKBKCF_00068,84.064
GCA_005524045.1_CHBPCNLK_00370,GCA_000584975.2_FLOKBKCF_00068,84.238
GCA_005889575.1_AEPCJOJA_01401,GCA_000584975.2_FLOKBKCF_00068,96.935
GCA_009467855.1_FFHDGLOA_00684,GCA_000584975.2_FLOKBKCF_00068,83.836
GCA_900089955.1_LKKGGHDO_04133,GCA_000584975.2_FLOKBKCF_00068,85.446
UW4_BBLLADNB_00506,GCA_000584975.2_FLOKBKCF_00068,83.923
UW5_GNJGOIBN_01044,GCA_000584975.2_FLOKBKCF_00068,85.873
UW6_NHBDKAOG_02407,GCA_000584975.2_FLOKBKCF_00068,99.84
UW7_CEKMHFBL_01627,GCA_000584975.2_FLOKBKCF_00068,84.151
2687453699_PEBOPBNB_00179,GCA_000584995.1_NPHLOHBO_00818,82.044
GCA_000024165.1_DGOCCOHL_01070,GCA_000584995.1_NPHLOHBO_00818,83.574
GCA_000584955.2_BALNIADD_02612,GCA_000584995.1_NPHLOHBO_00818,83.288
GCA_000584975.2_FLOKBKCF_00068,GCA_000584995.1_NPHLOHBO_00818,82.751
GCA_000584995.1_NPHLOHBO_00818,GCA_000584995.1_NPHLOHBO_00818,100
GCA_000585015.1_JPAJMACA_00169,GCA_000584995.1_NPHLOHBO_00818,89.953
GCA_000585035.2_BIOCIAGG_04430,GCA_000584995.1_NPHLOHBO_00818,83.909
GCA_000585055.1_JMBGGNHN_01742,GCA_000584995.1_NPHLOHBO_00818,81.827
GCA_000585075.1_LMKBKINC_00287,GCA_000584995.1_NPHLOHBO_00818,82.419
GCA_000585095.1_DDBAAEFF_02735,GCA_000584995.1_NPHLOHBO_00818,90.501
GCA_000987395.1_IJAMOEGB_03109,GCA_000584995.1_NPHLOHBO_00818,82.797
GCA_000987445.1_DIPJCKAO_01419,GCA_000584995.1_NPHLOHBO_00818,82.364
GCA_001897745.1_LNFOKPNO_00497,GCA_000584995.1_NPHLOHBO_00818,79.555
GCA_002304785.1_GBHPAPPJ_02574,GCA_000584995.1_NPHLOHBO_00818,72.688
GCA_002345025.1_KFEAILBB_02335,GCA_000584995.1_NPHLOHBO_00818,98.508
GCA_002345285.1_NKDODKIB_03753,GCA_000584995.1_NPHLOHBO_00818,89.953
GCA_002352265.1_FOOMNIKE_04153,GCA_000584995.1_NPHLOHBO_00818,81.827
GCA_002425405.1_NLEBCEFB_01950,GCA_000584995.1_NPHLOHBO_00818,83.217
GCA_002433845.1_PENGGAAI_03274,GCA_000584995.1_NPHLOHBO_00818,89.953
GCA_002455435.1_LJMNPMKE_00197,GCA_000584995.1_NPHLOHBO_00818,82.419
GCA_003332265.1_BFLDHLJO_03541,GCA_000584995.1_NPHLOHBO_00818,81.516
GCA_003487685.1_BPGNMNNK_01401,GCA_000584995.1_NPHLOHBO_00818,98.508
GCA_003535635.1_FMDBLDOA_00549,GCA_000584995.1_NPHLOHBO_00818,98.508
GCA_003538495.1_COGBHOPJ_04777,GCA_000584995.1_NPHLOHBO_00818,81.903
GCA_003542235.1_LHMBCMGL_01997,GCA_000584995.1_NPHLOHBO_00818,98.415
GCA_005524045.1_CHBPCNLK_00370,GCA_000584995.1_NPHLOHBO_00818,89.371
GCA_005889575.1_AEPCJOJA_01401,GCA_000584995.1_NPHLOHBO_00818,82.89
GCA_009467855.1_FFHDGLOA_00684,GCA_000584995.1_NPHLOHBO_00818,82.044
GCA_900089955.1_LKKGGHDO_04133,GCA_000584995.1_NPHLOHBO_00818,82.486
UW4_BBLLADNB_00506,GCA_000584995.1_NPHLOHBO_00818,82.419
UW5_GNJGOIBN_01044,GCA_000584995.1_NPHLOHBO_00818,83.574
UW6_NHBDKAOG_02407,GCA_000584995.1_NPHLOHBO_00818,82.657
UW7_CEKMHFBL_01627,GCA_000584995.1_NPHLOHBO_00818,89.977
2687453699_PEBOPBNB_00179,GCA_000585015.1_JPAJMACA_00169,83.938
GCA_000024165.1_DGOCCOHL_01070,GCA_000585015.1_JPAJMACA_00169,85.069
GCA_000584955.2_BALNIADD_02612,GCA_000585015.1_JPAJMACA_00169,84.821
GCA_000584975.2_FLOKBKCF_00068,GCA_000585015.1_JPAJMACA_00169,83.998
GCA_000584995.1_NPHLOHBO_00818,GCA_000585015.1_JPAJMACA_00169,89.953
GCA_000585015.1_JPAJMACA_00169,GCA_000585015.1_JPAJMACA_00169,100
GCA_000585035.2_BIOCIAGG_04430,GCA_000585015.1_JPAJMACA_00169,84.983
GCA_000585055.1_JMBGGNHN_01742,GCA_000585015.1_JPAJMACA_00169,82.256
GCA_000585075.1_LMKBKINC_00287,GCA_000585015.1_JPAJMACA_00169,83.882
GCA_000585095.1_DDBAAEFF_02735,GCA_000585015.1_JPAJMACA_00169,90.957
GCA_000987395.1_IJAMOEGB_03109,GCA_000585015.1_JPAJMACA_00169,84.623
GCA_000987445.1_DIPJCKAO_01419,GCA_000585015.1_JPAJMACA_00169,83.467
GCA_001897745.1_LNFOKPNO_00497,GCA_000585015.1_JPAJMACA_00169,81.105
GCA_002304785.1_GBHPAPPJ_02574,GCA_000585015.1_JPAJMACA_00169,74.286
GCA_002345025.1_KFEAILBB_02335,GCA_000585015.1_JPAJMACA_00169,91.304
GCA_002345285.1_NKDODKIB_03753,GCA_000585015.1_JPAJMACA_00169,100
GCA_002352265.1_FOOMNIKE_04153,GCA_000585015.1_JPAJMACA_00169,82.256
GCA_002425405.1_NLEBCEFB_01950,GCA_000585015.1_JPAJMACA_00169,84.188
GCA_002433845.1_PENGGAAI_03274,GCA_000585015.1_JPAJMACA_00169,100
GCA_002455435.1_LJMNPMKE_00197,GCA_000585015.1_JPAJMACA_00169,83.882
GCA_003332265.1_BFLDHLJO_03541,GCA_000585015.1_JPAJMACA_00169,82.767
GCA_003487685.1_BPGNMNNK_01401,GCA_000585015.1_JPAJMACA_00169,91.304
GCA_003535635.1_FMDBLDOA_00549,GCA_000585015.1_JPAJMACA_00169,91.304
GCA_003538495.1_COGBHOPJ_04777,GCA_000585015.1_JPAJMACA_00169,82.979
GCA_003542235.1_LHMBCMGL_01997,GCA_000585015.1_JPAJMACA_00169,91.304
GCA_005524045.1_CHBPCNLK_00370,GCA_000585015.1_JPAJMACA_00169,90.454
GCA_005889575.1_AEPCJOJA_01401,GCA_000585015.1_JPAJMACA_00169,84.48
GCA_009467855.1_FFHDGLOA_00684,GCA_000585015.1_JPAJMACA_00169,83.89
GCA_900089955.1_LKKGGHDO_04133,GCA_000585015.1_JPAJMACA_00169,83.784
UW4_BBLLADNB_00506,GCA_000585015.1_JPAJMACA_00169,83.785
UW5_GNJGOIBN_01044,GCA_000585015.1_JPAJMACA_00169,85.069
UW6_NHBDKAOG_02407,GCA_000585015.1_JPAJMACA_00169,84.14
UW7_CEKMHFBL_01627,GCA_000585015.1_JPAJMACA_00169,90.832
2687453699_PEBOPBNB_00179,GCA_000585035.2_BIOCIAGG_04430,84.644
GCA_000024165.1_DGOCCOHL_01070,GCA_000585035.2_BIOCIAGG_04430,86.454
GCA_000584955.2_BALNIADD_02612,GCA_000585035.2_BIOCIAGG_04430,95.271
GCA_000584975.2_FLOKBKCF_00068,GCA_000585035.2_BIOCIAGG_04430,92.786
GCA_000584995.1_NPHLOHBO_00818,GCA_000585035.2_BIOCIAGG_04430,83.909
GCA_000585015.1_JPAJMACA_00169,GCA_000585035.2_BIOCIAGG_04430,84.983
GCA_000585035.2_BIOCIAGG_04430,GCA_000585035.2_BIOCIAGG_04430,100
GCA_000585055.1_JMBGGNHN_01742,GCA_000585035.2_BIOCIAGG_04430,83.866
GCA_000585075.1_LMKBKINC_00287,GCA_000585035.2_BIOCIAGG_04430,84.739
GCA_000585095.1_DDBAAEFF_02735,GCA_000585035.2_BIOCIAGG_04430,85.816
GCA_000987395.1_IJAMOEGB_03109,GCA_000585035.2_BIOCIAGG_04430,93.116
GCA_000987445.1_DIPJCKAO_01419,GCA_000585035.2_BIOCIAGG_04430,84.677
GCA_001897745.1_LNFOKPNO_00497,GCA_000585035.2_BIOCIAGG_04430,80.568
GCA_002304785.1_GBHPAPPJ_02574,GCA_000585035.2_BIOCIAGG_04430,74.415
GCA_002345025.1_KFEAILBB_02335,GCA_000585035.2_BIOCIAGG_04430,85.189
GCA_002345285.1_NKDODKIB_03753,GCA_000585035.2_BIOCIAGG_04430,84.983
GCA_002352265.1_FOOMNIKE_04153,GCA_000585035.2_BIOCIAGG_04430,83.866
GCA_002425405.1_NLEBCEFB_01950,GCA_000585035.2_BIOCIAGG_04430,93.777
GCA_002433845.1_PENGGAAI_03274,GCA_000585035.2_BIOCIAGG_04430,84.983
GCA_002455435.1_LJMNPMKE_00197,GCA_000585035.2_BIOCIAGG_04430,84.739
GCA_003332265.1_BFLDHLJO_03541,GCA_000585035.2_BIOCIAGG_04430,84.833
GCA_003487685.1_BPGNMNNK_01401,GCA_000585035.2_BIOCIAGG_04430,85.189
GCA_003535635.1_FMDBLDOA_00549,GCA_000585035.2_BIOCIAGG_04430,85.189
GCA_003538495.1_COGBHOPJ_04777,GCA_000585035.2_BIOCIAGG_04430,85.405
GCA_003542235.1_LHMBCMGL_01997,GCA_000585035.2_BIOCIAGG_04430,85.236
GCA_005524045.1_CHBPCNLK_00370,GCA_000585035.2_BIOCIAGG_04430,85.229
GCA_005889575.1_AEPCJOJA_01401,GCA_000585035.2_BIOCIAGG_04430,93.258
GCA_009467855.1_FFHDGLOA_00684,GCA_000585035.2_BIOCIAGG_04430,84.644
GCA_900089955.1_LKKGGHDO_04133,GCA_000585035.2_BIOCIAGG_04430,86.741
UW4_BBLLADNB_00506,GCA_000585035.2_BIOCIAGG_04430,84.786
UW5_GNJGOIBN_01044,GCA_000585035.2_BIOCIAGG_04430,86.454
UW6_NHBDKAOG_02407,GCA_000585035.2_BIOCIAGG_04430,93.067
UW7_CEKMHFBL_01627,GCA_000585035.2_BIOCIAGG_04430,85.559
2687453699_PEBOPBNB_00179,GCA_000585055.1_JMBGGNHN_01742,90.395
GCA_000024165.1_DGOCCOHL_01070,GCA_000585055.1_JMBGGNHN_01742,84.91
GCA_000584955.2_BALNIADD_02612,GCA_000585055.1_JMBGGNHN_01742,84.802
GCA_000584975.2_FLOKBKCF_00068,GCA_000585055.1_JMBGGNHN_01742,83.098
GCA_000584995.1_NPHLOHBO_00818,GCA_000585055.1_JMBGGNHN_01742,81.827
GCA_000585015.1_JPAJMACA_00169,GCA_000585055.1_JMBGGNHN_01742,82.256
GCA_000585035.2_BIOCIAGG_04430,GCA_000585055.1_JMBGGNHN_01742,83.866
GCA_000585055.1_JMBGGNHN_01742,GCA_000585055.1_JMBGGNHN_01742,100
GCA_000585075.1_LMKBKINC_00287,GCA_000585055.1_JMBGGNHN_01742,90.725
GCA_000585095.1_DDBAAEFF_02735,GCA_000585055.1_JMBGGNHN_01742,83.186
GCA_000987395.1_IJAMOEGB_03109,GCA_000585055.1_JMBGGNHN_01742,83.349
GCA_000987445.1_DIPJCKAO_01419,GCA_000585055.1_JMBGGNHN_01742,93.456
GCA_001897745.1_LNFOKPNO_00497,GCA_000585055.1_JMBGGNHN_01742,81.63
GCA_002304785.1_GBHPAPPJ_02574,GCA_000585055.1_JMBGGNHN_01742,75.061
GCA_002345025.1_KFEAILBB_02335,GCA_000585055.1_JMBGGNHN_01742,83.089
GCA_002345285.1_NKDODKIB_03753,GCA_000585055.1_JMBGGNHN_01742,82.256
GCA_002352265.1_FOOMNIKE_04153,GCA_000585055.1_JMBGGNHN_01742,100
GCA_002425405.1_NLEBCEFB_01950,GCA_000585055.1_JMBGGNHN_01742,83.757
GCA_002433845.1_PENGGAAI_03274,GCA_000585055.1_JMBGGNHN_01742,82.256
GCA_002455435.1_LJMNPMKE_00197,GCA_000585055.1_JMBGGNHN_01742,90.725
GCA_003332265.1_BFLDHLJO_03541,GCA_000585055.1_JMBGGNHN_01742,91.384
GCA_003487685.1_BPGNMNNK_01401,GCA_000585055.1_JMBGGNHN_01742,83.089
GCA_003535635.1_FMDBLDOA_00549,GCA_000585055.1_JMBGGNHN_01742,83.089
GCA_003538495.1_COGBHOPJ_04777,GCA_000585055.1_JMBGGNHN_01742,85.572
GCA_003542235.1_LHMBCMGL_01997,GCA_000585055.1_JMBGGNHN_01742,83.136
GCA_005524045.1_CHBPCNLK_00370,GCA_000585055.1_JMBGGNHN_01742,82.846
GCA_005889575.1_AEPCJOJA_01401,GCA_000585055.1_JMBGGNHN_01742,83.396
GCA_009467855.1_FFHDGLOA_00684,GCA_000585055.1_JMBGGNHN_01742,90.348
GCA_900089955.1_LKKGGHDO_04133,GCA_000585055.1_JMBGGNHN_01742,84.008
UW4_BBLLADNB_00506,GCA_000585055.1_JMBGGNHN_01742,90.631
UW5_GNJGOIBN_01044,GCA_000585055.1_JMBGGNHN_01742,84.91
UW6_NHBDKAOG_02407,GCA_000585055.1_JMBGGNHN_01742,83.813
UW7_CEKMHFBL_01627,GCA_000585055.1_JMBGGNHN_01742,83.318
2687453699_PEBOPBNB_00179,GCA_000585075.1_LMKBKINC_00287,97.878
GCA_000024165.1_DGOCCOHL_01070,GCA_000585075.1_LMKBKINC_00287,86.291
GCA_000584955.2_BALNIADD_02612,GCA_000585075.1_LMKBKINC_00287,85.883
GCA_000584975.2_FLOKBKCF_00068,GCA_000585075.1_LMKBKINC_00287,83.781
GCA_000584995.1_NPHLOHBO_00818,GCA_000585075.1_LMKBKINC_00287,82.419
GCA_000585015.1_JPAJMACA_00169,GCA_000585075.1_LMKBKINC_00287,83.882
GCA_000585035.2_BIOCIAGG_04430,GCA_000585075.1_LMKBKINC_00287,84.739
GCA_000585055.1_JMBGGNHN_01742,GCA_000585075.1_LMKBKINC_00287,90.725
GCA_000585075.1_LMKBKINC_00287,GCA_000585075.1_LMKBKINC_00287,100
GCA_000585095.1_DDBAAEFF_02735,GCA_000585075.1_LMKBKINC_00287,83.57
GCA_000987395.1_IJAMOEGB_03109,GCA_000585075.1_LMKBKINC_00287,84.347
GCA_000987445.1_DIPJCKAO_01419,GCA_000585075.1_LMKBKINC_00287,91.278
GCA_001897745.1_LNFOKPNO_00497,GCA_000585075.1_LMKBKINC_00287,82.257
GCA_002304785.1_GBHPAPPJ_02574,GCA_000585075.1_LMKBKINC_00287,75.377
GCA_002345025.1_KFEAILBB_02335,GCA_000585075.1_LMKBKINC_00287,83.642
GCA_002345285.1_NKDODKIB_03753,GCA_000585075.1_LMKBKINC_00287,83.882
GCA_002352265.1_FOOMNIKE_04153,GCA_000585075.1_LMKBKINC_00287,90.725
GCA_002425405.1_NLEBCEFB_01950,GCA_000585075.1_LMKBKINC_00287,84.583
GCA_002433845.1_PENGGAAI_03274,GCA_000585075.1_LMKBKINC_00287,83.882
GCA_002455435.1_LJMNPMKE_00197,GCA_000585075.1_LMKBKINC_00287,100
GCA_003332265.1_BFLDHLJO_03541,GCA_000585075.1_LMKBKINC_00287,90.523
GCA_003487685.1_BPGNMNNK_01401,GCA_000585075.1_LMKBKINC_00287,83.642
GCA_003535635.1_FMDBLDOA_00549,GCA_000585075.1_LMKBKINC_00287,83.642
GCA_003538495.1_COGBHOPJ_04777,GCA_000585075.1_LMKBKINC_00287,86.689
GCA_003542235.1_LHMBCMGL_01997,GCA_000585075.1_LMKBKINC_00287,83.642
GCA_005524045.1_CHBPCNLK_00370,GCA_000585075.1_LMKBKINC_00287,83.632
GCA_005889575.1_AEPCJOJA_01401,GCA_000585075.1_LMKBKINC_00287,84.394
GCA_009467855.1_FFHDGLOA_00684,GCA_000585075.1_LMKBKINC_00287,97.831
GCA_900089955.1_LKKGGHDO_04133,GCA_000585075.1_LMKBKINC_00287,84.862
UW4_BBLLADNB_00506,GCA_000585075.1_LMKBKINC_00287,99.434
UW5_GNJGOIBN_01044,GCA_000585075.1_LMKBKINC_00287,86.291
UW6_NHBDKAOG_02407,GCA_000585075.1_LMKBKINC_00287,84.373
UW7_CEKMHFBL_01627,GCA_000585075.1_LMKBKINC_00287,83.766
2687453699_PEBOPBNB_00179,GCA_000585095.1_DDBAAEFF_02735,83.511
GCA_000024165.1_DGOCCOHL_01070,GCA_000585095.1_DDBAAEFF_02735,85
GCA_000584955.2_BALNIADD_02612,GCA_000585095.1_DDBAAEFF_02735,84.638
GCA_000584975.2_FLOKBKCF_00068,GCA_000585095.1_DDBAAEFF_02735,84.22
GCA_000584995.1_NPHLOHBO_00818,GCA_000585095.1_DDBAAEFF_02735,90.501
GCA_000585015.1_JPAJMACA_00169,GCA_000585095.1_DDBAAEFF_02735,90.957
GCA_000585035.2_BIOCIAGG_04430,GCA_000585095.1_DDBAAEFF_02735,85.816
GCA_000585055.1_JMBGGNHN_01742,GCA_000585095.1_DDBAAEFF_02735,83.186
GCA_000585075.1_LMKBKINC_00287,GCA_000585095.1_DDBAAEFF_02735,83.57
GCA_000585095.1_DDBAAEFF_02735,GCA_000585095.1_DDBAAEFF_02735,100
GCA_000987395.1_IJAMOEGB_03109,GCA_000585095.1_DDBAAEFF_02735,84.161
GCA_000987445.1_DIPJCKAO_01419,GCA_000585095.1_DDBAAEFF_02735,84.761
GCA_001897745.1_LNFOKPNO_00497,GCA_000585095.1_DDBAAEFF_02735,81.246
GCA_002304785.1_GBHPAPPJ_02574,GCA_000585095.1_DDBAAEFF_02735,74.241
GCA_002345025.1_KFEAILBB_02335,GCA_000585095.1_DDBAAEFF_02735,92.199
GCA_002345285.1_NKDODKIB_03753,GCA_000585095.1_DDBAAEFF_02735,90.957
GCA_002352265.1_FOOMNIKE_04153,GCA_000585095.1_DDBAAEFF_02735,83.186
GCA_002425405.1_NLEBCEFB_01950,GCA_000585095.1_DDBAAEFF_02735,84.634
GCA_002433845.1_PENGGAAI_03274,GCA_000585095.1_DDBAAEFF_02735,90.957
GCA_002455435.1_LJMNPMKE_00197,GCA_000585095.1_DDBAAEFF_02735,83.57
GCA_003332265.1_BFLDHLJO_03541,GCA_000585095.1_DDBAAEFF_02735,82.999
GCA_003487685.1_BPGNMNNK_01401,GCA_000585095.1_DDBAAEFF_02735,92.199
GCA_003535635.1_FMDBLDOA_00549,GCA_000585095.1_DDBAAEFF_02735,92.199
GCA_003538495.1_COGBHOPJ_04777,GCA_000585095.1_DDBAAEFF_02735,83.097
GCA_003542235.1_LHMBCMGL_01997,GCA_000585095.1_DDBAAEFF_02735,92.199
GCA_005524045.1_CHBPCNLK_00370,GCA_000585095.1_DDBAAEFF_02735,93.676
GCA_005889575.1_AEPCJOJA_01401,GCA_000585095.1_DDBAAEFF_02735,84.279
GCA_009467855.1_FFHDGLOA_00684,GCA_000585095.1_DDBAAEFF_02735,83.452
GCA_900089955.1_LKKGGHDO_04133,GCA_000585095.1_DDBAAEFF_02735,83.789
UW4_BBLLADNB_00506,GCA_000585095.1_DDBAAEFF_02735,83.629
UW5_GNJGOIBN_01044,GCA_000585095.1_DDBAAEFF_02735,85
UW6_NHBDKAOG_02407,GCA_000585095.1_DDBAAEFF_02735,84.232
UW7_CEKMHFBL_01627,GCA_000585095.1_DDBAAEFF_02735,93.558
2687453699_PEBOPBNB_00179,GCA_000987395.1_IJAMOEGB_03109,84.166
GCA_000024165.1_DGOCCOHL_01070,GCA_000987395.1_IJAMOEGB_03109,85.922
GCA_000584955.2_BALNIADD_02612,GCA_000987395.1_IJAMOEGB_03109,95.48
GCA_000584975.2_FLOKBKCF_00068,GCA_000987395.1_IJAMOEGB_03109,96.653
GCA_000584995.1_NPHLOHBO_00818,GCA_000987395.1_IJAMOEGB_03109,82.797
GCA_000585015.1_JPAJMACA_00169,GCA_000987395.1_IJAMOEGB_03109,84.623
GCA_000585035.2_BIOCIAGG_04430,GCA_000987395.1_IJAMOEGB_03109,93.116
GCA_000585055.1_JMBGGNHN_01742,GCA_000987395.1_IJAMOEGB_03109,83.349
GCA_000585075.1_LMKBKINC_00287,GCA_000987395.1_IJAMOEGB_03109,84.347
GCA_000585095.1_DDBAAEFF_02735,GCA_000987395.1_IJAMOEGB_03109,84.161
GCA_000987395.1_IJAMOEGB_03109,GCA_000987395.1_IJAMOEGB_03109,100
GCA_000987445.1_DIPJCKAO_01419,GCA_000987395.1_IJAMOEGB_03109,84.206
GCA_001897745.1_LNFOKPNO_00497,GCA_000987395.1_IJAMOEGB_03109,80.465
GCA_002304785.1_GBHPAPPJ_02574,GCA_000987395.1_IJAMOEGB_03109,74.189
GCA_002345025.1_KFEAILBB_02335,GCA_000987395.1_IJAMOEGB_03109,84.064
GCA_002345285.1_NKDODKIB_03753,GCA_000987395.1_IJAMOEGB_03109,84.623
GCA_002352265.1_FOOMNIKE_04153,GCA_000987395.1_IJAMOEGB_03109,83.349
GCA_002425405.1_NLEBCEFB_01950,GCA_000987395.1_IJAMOEGB_03109,95.615
GCA_002433845.1_PENGGAAI_03274,GCA_000987395.1_IJAMOEGB_03109,84.623
GCA_002455435.1_LJMNPMKE_00197,GCA_000987395.1_IJAMOEGB_03109,84.347
GCA_003332265.1_BFLDHLJO_03541,GCA_000987395.1_IJAMOEGB_03109,84.786
GCA_003487685.1_BPGNMNNK_01401,GCA_000987395.1_IJAMOEGB_03109,84.064
GCA_003535635.1_FMDBLDOA_00549,GCA_000987395.1_IJAMOEGB_03109,84.064
GCA_003538495.1_COGBHOPJ_04777,GCA_000987395.1_IJAMOEGB_03109,84.605
GCA_003542235.1_LHMBCMGL_01997,GCA_000987395.1_IJAMOEGB_03109,84.111
GCA_005524045.1_CHBPCNLK_00370,GCA_000987395.1_IJAMOEGB_03109,84.427
GCA_005889575.1_AEPCJOJA_01401,GCA_000987395.1_IJAMOEGB_03109,99.717
GCA_009467855.1_FFHDGLOA_00684,GCA_000987395.1_IJAMOEGB_03109,84.166
GCA_900089955.1_LKKGGHDO_04133,GCA_000987395.1_IJAMOEGB_03109,85.66
UW4_BBLLADNB_00506,GCA_000987395.1_IJAMOEGB_03109,84.488
UW5_GNJGOIBN_01044,GCA_000987395.1_IJAMOEGB_03109,85.922
UW6_NHBDKAOG_02407,GCA_000987395.1_IJAMOEGB_03109,96.587
UW7_CEKMHFBL_01627,GCA_000987395.1_IJAMOEGB_03109,84.771
2687453699_PEBOPBNB_00179,GCA_000987445.1_DIPJCKAO_01419,91.042
GCA_000024165.1_DGOCCOHL_01070,GCA_000987445.1_DIPJCKAO_01419,85.277
GCA_000584955.2_BALNIADD_02612,GCA_000987445.1_DIPJCKAO_01419,85.466
GCA_000584975.2_FLOKBKCF_00068,GCA_000987445.1_DIPJCKAO_01419,84.158
GCA_000584995.1_NPHLOHBO_00818,GCA_000987445.1_DIPJCKAO_01419,82.364
GCA_000585015.1_JPAJMACA_00169,GCA_000987445.1_DIPJCKAO_01419,83.467
GCA_000585035.2_BIOCIAGG_04430,GCA_000987445.1_DIPJCKAO_01419,84.677
GCA_000585055.1_JMBGGNHN_01742,GCA_000987445.1_DIPJCKAO_01419,93.456
GCA_000585075.1_LMKBKINC_00287,GCA_000987445.1_DIPJCKAO_01419,91.278
GCA_000585095.1_DDBAAEFF_02735,GCA_000987445.1_DIPJCKAO_01419,84.761
GCA_000987395.1_IJAMOEGB_03109,GCA_000987445.1_DIPJCKAO_01419,84.206
GCA_000987445.1_DIPJCKAO_01419,GCA_000987445.1_DIPJCKAO_01419,100
GCA_001897745.1_LNFOKPNO_00497,GCA_000987445.1_DIPJCKAO_01419,82.73
GCA_002304785.1_GBHPAPPJ_02574,GCA_000987445.1_DIPJCKAO_01419,75.206
GCA_002345025.1_KFEAILBB_02335,GCA_000987445.1_DIPJCKAO_01419,83.634
GCA_002345285.1_NKDODKIB_03753,GCA_000987445.1_DIPJCKAO_01419,83.467
GCA_002352265.1_FOOMNIKE_04153,GCA_000987445.1_DIPJCKAO_01419,93.456
GCA_002425405.1_NLEBCEFB_01950,GCA_000987445.1_DIPJCKAO_01419,84.488
GCA_002433845.1_PENGGAAI_03274,GCA_000987445.1_DIPJCKAO_01419,83.467
GCA_002455435.1_LJMNPMKE_00197,GCA_000987445.1_DIPJCKAO_01419,91.278
GCA_003332265.1_BFLDHLJO_03541,GCA_000987445.1_DIPJCKAO_01419,92.126
GCA_003487685.1_BPGNMNNK_01401,GCA_000987445.1_DIPJCKAO_01419,83.634
GCA_003535635.1_FMDBLDOA_00549,GCA_000987445.1_DIPJCKAO_01419,83.634
GCA_003538495.1_COGBHOPJ_04777,GCA_000987445.1_DIPJCKAO_01419,86.784
GCA_003542235.1_LHMBCMGL_01997,GCA_000987445.1_DIPJCKAO_01419,83.681
GCA_005524045.1_CHBPCNLK_00370,GCA_000987445.1_DIPJCKAO_01419,83.6
GCA_005889575.1_AEPCJOJA_01401,GCA_000987445.1_DIPJCKAO_01419,84.253
GCA_009467855.1_FFHDGLOA_00684,GCA_000987445.1_DIPJCKAO_01419,90.901
GCA_900089955.1_LKKGGHDO_04133,GCA_000987445.1_DIPJCKAO_01419,84.863
UW4_BBLLADNB_00506,GCA_000987445.1_DIPJCKAO_01419,91.183
UW5_GNJGOIBN_01044,GCA_000987445.1_DIPJCKAO_01419,85.277
UW6_NHBDKAOG_02407,GCA_000987445.1_DIPJCKAO_01419,84.587
UW7_CEKMHFBL_01627,GCA_000987445.1_DIPJCKAO_01419,84.002
2687453699_PEBOPBNB_00179,GCA_001897745.1_LNFOKPNO_00497,81.823
GCA_000024165.1_DGOCCOHL_01070,GCA_001897745.1_LNFOKPNO_00497,82.529
GCA_000584955.2_BALNIADD_02612,GCA_001897745.1_LNFOKPNO_00497,81.376
GCA_000584975.2_FLOKBKCF_00068,GCA_001897745.1_LNFOKPNO_00497,80.078
GCA_000584995.1_NPHLOHBO_00818,GCA_001897745.1_LNFOKPNO_00497,79.555
GCA_000585015.1_JPAJMACA_00169,GCA_001897745.1_LNFOKPNO_00497,81.105
GCA_000585035.2_BIOCIAGG_04430,GCA_001897745.1_LNFOKPNO_00497,80.568
GCA_000585055.1_JMBGGNHN_01742,GCA_001897745.1_LNFOKPNO_00497,81.63
GCA_000585075.1_LMKBKINC_00287,GCA_001897745.1_LNFOKPNO_00497,82.257
GCA_000585095.1_DDBAAEFF_02735,GCA_001897745.1_LNFOKPNO_00497,81.246
GCA_000987395.1_IJAMOEGB_03109,GCA_001897745.1_LNFOKPNO_00497,80.465
GCA_000987445.1_DIPJCKAO_01419,GCA_001897745.1_LNFOKPNO_00497,82.73
GCA_001897745.1_LNFOKPNO_00497,GCA_001897745.1_LNFOKPNO_00497,100
GCA_002304785.1_GBHPAPPJ_02574,GCA_001897745.1_LNFOKPNO_00497,77.5
GCA_002345025.1_KFEAILBB_02335,GCA_001897745.1_LNFOKPNO_00497,80.804
GCA_002345285.1_NKDODKIB_03753,GCA_001897745.1_LNFOKPNO_00497,81.105
GCA_002352265.1_FOOMNIKE_04153,GCA_001897745.1_LNFOKPNO_00497,81.63
GCA_002425405.1_NLEBCEFB_01950,GCA_001897745.1_LNFOKPNO_00497,80.404
GCA_002433845.1_PENGGAAI_03274,GCA_001897745.1_LNFOKPNO_00497,81.105
GCA_002455435.1_LJMNPMKE_00197,GCA_001897745.1_LNFOKPNO_00497,82.257
GCA_003332265.1_BFLDHLJO_03541,GCA_001897745.1_LNFOKPNO_00497,81.766
GCA_003487685.1_BPGNMNNK_01401,GCA_001897745.1_LNFOKPNO_00497,80.804
GCA_003535635.1_FMDBLDOA_00549,GCA_001897745.1_LNFOKPNO_00497,80.804
GCA_003538495.1_COGBHOPJ_04777,GCA_001897745.1_LNFOKPNO_00497,82.277
GCA_003542235.1_LHMBCMGL_01997,GCA_001897745.1_LNFOKPNO_00497,80.708
GCA_005524045.1_CHBPCNLK_00370,GCA_001897745.1_LNFOKPNO_00497,81.148
GCA_005889575.1_AEPCJOJA_01401,GCA_001897745.1_LNFOKPNO_00497,80.465
GCA_009467855.1_FFHDGLOA_00684,GCA_001897745.1_LNFOKPNO_00497,81.774
GCA_900089955.1_LKKGGHDO_04133,GCA_001897745.1_LNFOKPNO_00497,80.902
UW4_BBLLADNB_00506,GCA_001897745.1_LNFOKPNO_00497,82.208
UW5_GNJGOIBN_01044,GCA_001897745.1_LNFOKPNO_00497,82.529
UW6_NHBDKAOG_02407,GCA_001897745.1_LNFOKPNO_00497,80.581
UW7_CEKMHFBL_01627,GCA_001897745.1_LNFOKPNO_00497,81.774
2687453699_PEBOPBNB_00179,GCA_002304785.1_GBHPAPPJ_02574,75.316
GCA_000024165.1_DGOCCOHL_01070,GCA_002304785.1_GBHPAPPJ_02574,75.774
GCA_000584955.2_BALNIADD_02612,GCA_002304785.1_GBHPAPPJ_02574,76.69
GCA_000584975.2_FLOKBKCF_00068,GCA_002304785.1_GBHPAPPJ_02574,74.054
GCA_000584995.1_NPHLOHBO_00818,GCA_002304785.1_GBHPAPPJ_02574,72.688
GCA_000585015.1_JPAJMACA_00169,GCA_002304785.1_GBHPAPPJ_02574,74.286
GCA_000585035.2_BIOCIAGG_04430,GCA_002304785.1_GBHPAPPJ_02574,74.415
GCA_000585055.1_JMBGGNHN_01742,GCA_002304785.1_GBHPAPPJ_02574,75.061
GCA_000585075.1_LMKBKINC_00287,GCA_002304785.1_GBHPAPPJ_02574,75.377
GCA_000585095.1_DDBAAEFF_02735,GCA_002304785.1_GBHPAPPJ_02574,74.241
GCA_000987395.1_IJAMOEGB_03109,GCA_002304785.1_GBHPAPPJ_02574,74.189
GCA_000987445.1_DIPJCKAO_01419,GCA_002304785.1_GBHPAPPJ_02574,75.206
GCA_001897745.1_LNFOKPNO_00497,GCA_002304785.1_GBHPAPPJ_02574,77.5
GCA_002304785.1_GBHPAPPJ_02574,GCA_002304785.1_GBHPAPPJ_02574,100
GCA_002345025.1_KFEAILBB_02335,GCA_002304785.1_GBHPAPPJ_02574,73.873
GCA_002345285.1_NKDODKIB_03753,GCA_002304785.1_GBHPAPPJ_02574,74.286
GCA_002352265.1_FOOMNIKE_04153,GCA_002304785.1_GBHPAPPJ_02574,75.061
GCA_002425405.1_NLEBCEFB_01950,GCA_002304785.1_GBHPAPPJ_02574,74.645
GCA_002433845.1_PENGGAAI_03274,GCA_002304785.1_GBHPAPPJ_02574,74.286
GCA_002455435.1_LJMNPMKE_00197,GCA_002304785.1_GBHPAPPJ_02574,75.377
GCA_003332265.1_BFLDHLJO_03541,GCA_002304785.1_GBHPAPPJ_02574,74.781
GCA_003487685.1_BPGNMNNK_01401,GCA_002304785.1_GBHPAPPJ_02574,73.873
GCA_003535635.1_FMDBLDOA_00549,GCA_002304785.1_GBHPAPPJ_02574,73.873
GCA_003538495.1_COGBHOPJ_04777,GCA_002304785.1_GBHPAPPJ_02574,76.573
GCA_003542235.1_LHMBCMGL_01997,GCA_002304785.1_GBHPAPPJ_02574,73.873
GCA_005524045.1_CHBPCNLK_00370,GCA_002304785.1_GBHPAPPJ_02574,73.674
GCA_005889575.1_AEPCJOJA_01401,GCA_002304785.1_GBHPAPPJ_02574,74.286
GCA_009467855.1_FFHDGLOA_00684,GCA_002304785.1_GBHPAPPJ_02574,75.268
GCA_900089955.1_LKKGGHDO_04133,GCA_002304785.1_GBHPAPPJ_02574,74.454
UW4_BBLLADNB_00506,GCA_002304785.1_GBHPAPPJ_02574,75.316
UW5_GNJGOIBN_01044,GCA_002304785.1_GBHPAPPJ_02574,75.774
UW6_NHBDKAOG_02407,GCA_002304785.1_GBHPAPPJ_02574,74.546
UW7_CEKMHFBL_01627,GCA_002304785.1_GBHPAPPJ_02574,74.092
2687453699_PEBOPBNB_00179,GCA_002345025.1_KFEAILBB_02335,83.31
GCA_000024165.1_DGOCCOHL_01070,GCA_002345025.1_KFEAILBB_02335,84.851
GCA_000584955.2_BALNIADD_02612,GCA_002345025.1_KFEAILBB_02335,85.167
GCA_000584975.2_FLOKBKCF_00068,GCA_002345025.1_KFEAILBB_02335,84.017
GCA_000584995.1_NPHLOHBO_00818,GCA_002345025.1_KFEAILBB_02335,98.508
GCA_000585015.1_JPAJMACA_00169,GCA_002345025.1_KFEAILBB_02335,91.304
GCA_000585035.2_BIOCIAGG_04430,GCA_002345025.1_KFEAILBB_02335,85.189
GCA_000585055.1_JMBGGNHN_01742,GCA_002345025.1_KFEAILBB_02335,83.089
GCA_000585075.1_LMKBKINC_00287,GCA_002345025.1_KFEAILBB_02335,83.642
GCA_000585095.1_DDBAAEFF_02735,GCA_002345025.1_KFEAILBB_02335,92.199
GCA_000987395.1_IJAMOEGB_03109,GCA_002345025.1_KFEAILBB_02335,84.064
GCA_000987445.1_DIPJCKAO_01419,GCA_002345025.1_KFEAILBB_02335,83.634
GCA_001897745.1_LNFOKPNO_00497,GCA_002345025.1_KFEAILBB_02335,80.804
GCA_002304785.1_GBHPAPPJ_02574,GCA_002345025.1_KFEAILBB_02335,73.873
GCA_002345025.1_KFEAILBB_02335,GCA_002345025.1_KFEAILBB_02335,100
GCA_002345285.1_NKDODKIB_03753,GCA_002345025.1_KFEAILBB_02335,91.304
GCA_002352265.1_FOOMNIKE_04153,GCA_002345025.1_KFEAILBB_02335,83.089
GCA_002425405.1_NLEBCEFB_01950,GCA_002345025.1_KFEAILBB_02335,84.488
GCA_002433845.1_PENGGAAI_03274,GCA_002345025.1_KFEAILBB_02335,91.304
GCA_002455435.1_LJMNPMKE_00197,GCA_002345025.1_KFEAILBB_02335,83.642
GCA_003332265.1_BFLDHLJO_03541,GCA_002345025.1_KFEAILBB_02335,82.773
GCA_003487685.1_BPGNMNNK_01401,GCA_002345025.1_KFEAILBB_02335,100
GCA_003535635.1_FMDBLDOA_00549,GCA_002345025.1_KFEAILBB_02335,100
GCA_003538495.1_COGBHOPJ_04777,GCA_002345025.1_KFEAILBB_02335,83.16
GCA_003542235.1_LHMBCMGL_01997,GCA_002345025.1_KFEAILBB_02335,99.906
GCA_005524045.1_CHBPCNLK_00370,GCA_002345025.1_KFEAILBB_02335,90.712
GCA_005889575.1_AEPCJOJA_01401,GCA_002345025.1_KFEAILBB_02335,84.158
GCA_009467855.1_FFHDGLOA_00684,GCA_002345025.1_KFEAILBB_02335,83.31
GCA_900089955.1_LKKGGHDO_04133,GCA_002345025.1_KFEAILBB_02335,83.786
UW4_BBLLADNB_00506,GCA_002345025.1_KFEAILBB_02335,83.689
UW5_GNJGOIBN_01044,GCA_002345025.1_KFEAILBB_02335,84.851
UW6_NHBDKAOG_02407,GCA_002345025.1_KFEAILBB_02335,84.09
UW7_CEKMHFBL_01627,GCA_002345025.1_KFEAILBB_02335,91.325
2687453699_PEBOPBNB_00179,GCA_002345285.1_NKDODKIB_03753,83.938
GCA_000024165.1_DGOCCOHL_01070,GCA_002345285.1_NKDODKIB_03753,85.069
GCA_000584955.2_BALNIADD_02612,GCA_002345285.1_NKDODKIB_03753,84.821
GCA_000584975.2_FLOKBKCF_00068,GCA_002345285.1_NKDODKIB_03753,83.998
GCA_000584995.1_NPHLOHBO_00818,GCA_002345285.1_NKDODKIB_03753,89.953
GCA_000585015.1_JPAJMACA_00169,GCA_002345285.1_NKDODKIB_03753,100
GCA_000585035.2_BIOCIAGG_04430,GCA_002345285.1_NKDODKIB_03753,84.983
GCA_000585055.1_JMBGGNHN_01742,GCA_002345285.1_NKDODKIB_03753,82.256
GCA_000585075.1_LMKBKINC_00287,GCA_002345285.1_NKDODKIB_03753,83.882
GCA_000585095.1_DDBAAEFF_02735,GCA_002345285.1_NKDODKIB_03753,90.957
GCA_000987395.1_IJAMOEGB_03109,GCA_002345285.1_NKDODKIB_03753,84.623
GCA_000987445.1_DIPJCKAO_01419,GCA_002345285.1_NKDODKIB_03753,83.467
GCA_001897745.1_LNFOKPNO_00497,GCA_002345285.1_NKDODKIB_03753,81.105
GCA_002304785.1_GBHPAPPJ_02574,GCA_002345285.1_NKDODKIB_03753,74.286
GCA_002345025.1_KFEAILBB_02335,GCA_002345285.1_NKDODKIB_03753,91.304
GCA_002345285.1_NKDODKIB_03753,GCA_002345285.1_NKDODKIB_03753,100
GCA_002352265.1_FOOMNIKE_04153,GCA_002345285.1_NKDODKIB_03753,82.256
GCA_002425405.1_NLEBCEFB_01950,GCA_002345285.1_NKDODKIB_03753,84.188
GCA_002433845.1_PENGGAAI_03274,GCA_002345285.1_NKDODKIB_03753,100
GCA_002455435.1_LJMNPMKE_00197,GCA_002345285.1_NKDODKIB_03753,83.882
GCA_003332265.1_BFLDHLJO_03541,GCA_002345285.1_NKDODKIB_03753,82.767
GCA_003487685.1_BPGNMNNK_01401,GCA_002345285.1_NKDODKIB_03753,91.304
GCA_003535635.1_FMDBLDOA_00549,GCA_002345285.1_NKDODKIB_03753,91.304
GCA_003538495.1_COGBHOPJ_04777,GCA_002345285.1_NKDODKIB_03753,82.979
GCA_003542235.1_LHMBCMGL_01997,GCA_002345285.1_NKDODKIB_03753,91.304
GCA_005524045.1_CHBPCNLK_00370,GCA_002345285.1_NKDODKIB_03753,90.454
GCA_005889575.1_AEPCJOJA_01401,GCA_002345285.1_NKDODKIB_03753,84.48
GCA_009467855.1_FFHDGLOA_00684,GCA_002345285.1_NKDODKIB_03753,83.89
GCA_900089955.1_LKKGGHDO_04133,GCA_002345285.1_NKDODKIB_03753,83.784
UW4_BBLLADNB_00506,GCA_002345285.1_NKDODKIB_03753,83.785
UW5_GNJGOIBN_01044,GCA_002345285.1_NKDODKIB_03753,85.069
UW6_NHBDKAOG_02407,GCA_002345285.1_NKDODKIB_03753,84.14
UW7_CEKMHFBL_01627,GCA_002345285.1_NKDODKIB_03753,90.832
2687453699_PEBOPBNB_00179,GCA_002352265.1_FOOMNIKE_04153,90.395
GCA_000024165.1_DGOCCOHL_01070,GCA_002352265.1_FOOMNIKE_04153,84.91
GCA_000584955.2_BALNIADD_02612,GCA_002352265.1_FOOMNIKE_04153,84.802
GCA_000584975.2_FLOKBKCF_00068,GCA_002352265.1_FOOMNIKE_04153,83.098
GCA_000584995.1_NPHLOHBO_00818,GCA_002352265.1_FOOMNIKE_04153,81.827
GCA_000585015.1_JPAJMACA_00169,GCA_002352265.1_FOOMNIKE_04153,82.256
GCA_000585035.2_BIOCIAGG_04430,GCA_002352265.1_FOOMNIKE_04153,83.866
GCA_000585055.1_JMBGGNHN_01742,GCA_002352265.1_FOOMNIKE_04153,100
GCA_000585075.1_LMKBKINC_00287,GCA_002352265.1_FOOMNIKE_04153,90.725
GCA_000585095.1_DDBAAEFF_02735,GCA_002352265.1_FOOMNIKE_04153,83.186
GCA_000987395.1_IJAMOEGB_03109,GCA_002352265.1_FOOMNIKE_04153,83.349
GCA_000987445.1_DIPJCKAO_01419,GCA_002352265.1_FOOMNIKE_04153,93.456
GCA_001897745.1_LNFOKPNO_00497,GCA_002352265.1_FOOMNIKE_04153,81.63
GCA_002304785.1_GBHPAPPJ_02574,GCA_002352265.1_FOOMNIKE_04153,75.061
GCA_002345025.1_KFEAILBB_02335,GCA_002352265.1_FOOMNIKE_04153,83.089
GCA_002345285.1_NKDODKIB_03753,GCA_002352265.1_FOOMNIKE_04153,82.256
GCA_002352265.1_FOOMNIKE_04153,GCA_002352265.1_FOOMNIKE_04153,100
GCA_002425405.1_NLEBCEFB_01950,GCA_002352265.1_FOOMNIKE_04153,83.757
GCA_002433845.1_PENGGAAI_03274,GCA_002352265.1_FOOMNIKE_04153,82.256
GCA_002455435.1_LJMNPMKE_00197,GCA_002352265.1_FOOMNIKE_04153,90.725
GCA_003332265.1_BFLDHLJO_03541,GCA_002352265.1_FOOMNIKE_04153,91.384
GCA_003487685.1_BPGNMNNK_01401,GCA_002352265.1_FOOMNIKE_04153,83.089
GCA_003535635.1_FMDBLDOA_00549,GCA_002352265.1_FOOMNIKE_04153,83.089
GCA_003538495.1_COGBHOPJ_04777,GCA_002352265.1_FOOMNIKE_04153,85.572
GCA_003542235.1_LHMBCMGL_01997,GCA_002352265.1_FOOMNIKE_04153,83.136
GCA_005524045.1_CHBPCNLK_00370,GCA_002352265.1_FOOMNIKE_04153,82.846
GCA_005889575.1_AEPCJOJA_01401,GCA_002352265.1_FOOMNIKE_04153,83.396
GCA_009467855.1_FFHDGLOA_00684,GCA_002352265.1_FOOMNIKE_04153,90.348
GCA_900089955.1_LKKGGHDO_04133,GCA_002352265.1_FOOMNIKE_04153,84.008
UW4_BBLLADNB_00506,GCA_002352265.1_FOOMNIKE_04153,90.631
UW5_GNJGOIBN_01044,GCA_002352265.1_FOOMNIKE_04153,84.91
UW6_NHBDKAOG_02407,GCA_002352265.1_FOOMNIKE_04153,83.813
UW7_CEKMHFBL_01627,GCA_002352265.1_FOOMNIKE_04153,83.318
2687453699_PEBOPBNB_00179,GCA_002425405.1_NLEBCEFB_01950,84.449
GCA_000024165.1_DGOCCOHL_01070,GCA_002425405.1_NLEBCEFB_01950,85.823
GCA_000584955.2_BALNIADD_02612,GCA_002425405.1_NLEBCEFB_01950,99.652
GCA_000584975.2_FLOKBKCF_00068,GCA_002425405.1_NLEBCEFB_01950,95.238
GCA_000584995.1_NPHLOHBO_00818,GCA_002425405.1_NLEBCEFB_01950,83.217
GCA_000585015.1_JPAJMACA_00169,GCA_002425405.1_NLEBCEFB_01950,84.188
GCA_000585035.2_BIOCIAGG_04430,GCA_002425405.1_NLEBCEFB_01950,93.777
GCA_000585055.1_JMBGGNHN_01742,GCA_002425405.1_NLEBCEFB_01950,83.757
GCA_000585075.1_LMKBKINC_00287,GCA_002425405.1_NLEBCEFB_01950,84.583
GCA_000585095.1_DDBAAEFF_02735,GCA_002425405.1_NLEBCEFB_01950,84.634
GCA_000987395.1_IJAMOEGB_03109,GCA_002425405.1_NLEBCEFB_01950,95.615
GCA_000987445.1_DIPJCKAO_01419,GCA_002425405.1_NLEBCEFB_01950,84.488
GCA_001897745.1_LNFOKPNO_00497,GCA_002425405.1_NLEBCEFB_01950,80.404
GCA_002304785.1_GBHPAPPJ_02574,GCA_002425405.1_NLEBCEFB_01950,74.645
GCA_002345025.1_KFEAILBB_02335,GCA_002425405.1_NLEBCEFB_01950,84.488
GCA_002345285.1_NKDODKIB_03753,GCA_002425405.1_NLEBCEFB_01950,84.188
GCA_002352265.1_FOOMNIKE_04153,GCA_002425405.1_NLEBCEFB_01950,83.757
GCA_002425405.1_NLEBCEFB_01950,GCA_002425405.1_NLEBCEFB_01950,100
GCA_002433845.1_PENGGAAI_03274,GCA_002425405.1_NLEBCEFB_01950,84.188
GCA_002455435.1_LJMNPMKE_00197,GCA_002425405.1_NLEBCEFB_01950,84.583
GCA_003332265.1_BFLDHLJO_03541,GCA_002425405.1_NLEBCEFB_01950,84.691
GCA_003487685.1_BPGNMNNK_01401,GCA_002425405.1_NLEBCEFB_01950,84.488
GCA_003535635.1_FMDBLDOA_00549,GCA_002425405.1_NLEBCEFB_01950,84.488
GCA_003538495.1_COGBHOPJ_04777,GCA_002425405.1_NLEBCEFB_01950,84.934
GCA_003542235.1_LHMBCMGL_01997,GCA_002425405.1_NLEBCEFB_01950,84.536
GCA_005524045.1_CHBPCNLK_00370,GCA_002425405.1_NLEBCEFB_01950,84.615
GCA_005889575.1_AEPCJOJA_01401,GCA_002425405.1_NLEBCEFB_01950,95.521
GCA_009467855.1_FFHDGLOA_00684,GCA_002425405.1_NLEBCEFB_01950,84.354
GCA_900089955.1_LKKGGHDO_04133,GCA_002425405.1_NLEBCEFB_01950,86.133
UW4_BBLLADNB_00506,GCA_002425405.1_NLEBCEFB_01950,84.724
UW5_GNJGOIBN_01044,GCA_002425405.1_NLEBCEFB_01950,85.823
UW6_NHBDKAOG_02407,GCA_002425405.1_NLEBCEFB_01950,95.307
UW7_CEKMHFBL_01627,GCA_002425405.1_NLEBCEFB_01950,85
2687453699_PEBOPBNB_00179,GCA_002433845.1_PENGGAAI_03274,83.938
GCA_000024165.1_DGOCCOHL_01070,GCA_002433845.1_PENGGAAI_03274,85.069
GCA_000584955.2_BALNIADD_02612,GCA_002433845.1_PENGGAAI_03274,84.821
GCA_000584975.2_FLOKBKCF_00068,GCA_002433845.1_PENGGAAI_03274,83.998
GCA_000584995.1_NPHLOHBO_00818,GCA_002433845.1_PENGGAAI_03274,89.953
GCA_000585015.1_JPAJMACA_00169,GCA_002433845.1_PENGGAAI_03274,100
GCA_000585035.2_BIOCIAGG_04430,GCA_002433845.1_PENGGAAI_03274,84.983
GCA_000585055.1_JMBGGNHN_01742,GCA_002433845.1_PENGGAAI_03274,82.256
GCA_000585075.1_LMKBKINC_00287,GCA_002433845.1_PENGGAAI_03274,83.882
GCA_000585095.1_DDBAAEFF_02735,GCA_002433845.1_PENGGAAI_03274,90.957
GCA_000987395.1_IJAMOEGB_03109,GCA_002433845.1_PENGGAAI_03274,84.623
GCA_000987445.1_DIPJCKAO_01419,GCA_002433845.1_PENGGAAI_03274,83.467
GCA_001897745.1_LNFOKPNO_00497,GCA_002433845.1_PENGGAAI_03274,81.105
GCA_002304785.1_GBHPAPPJ_02574,GCA_002433845.1_PENGGAAI_03274,74.286
GCA_002345025.1_KFEAILBB_02335,GCA_002433845.1_PENGGAAI_03274,91.304
GCA_002345285.1_NKDODKIB_03753,GCA_002433845.1_PENGGAAI_03274,100
GCA_002352265.1_FOOMNIKE_04153,GCA_002433845.1_PENGGAAI_03274,82.256
GCA_002425405.1_NLEBCEFB_01950,GCA_002433845.1_PENGGAAI_03274,84.188
GCA_002433845.1_PENGGAAI_03274,GCA_002433845.1_PENGGAAI_03274,100
GCA_002455435.1_LJMNPMKE_00197,GCA_002433845.1_PENGGAAI_03274,83.882
GCA_003332265.1_BFLDHLJO_03541,GCA_002433845.1_PENGGAAI_03274,82.767
GCA_003487685.1_BPGNMNNK_01401,GCA_002433845.1_PENGGAAI_03274,91.304
GCA_003535635.1_FMDBLDOA_00549,GCA_002433845.1_PENGGAAI_03274,91.304
GCA_003538495.1_COGBHOPJ_04777,GCA_002433845.1_PENGGAAI_03274,82.979
GCA_003542235.1_LHMBCMGL_01997,GCA_002433845.1_PENGGAAI_03274,91.304
GCA_005524045.1_CHBPCNLK_00370,GCA_002433845.1_PENGGAAI_03274,90.454
GCA_005889575.1_AEPCJOJA_01401,GCA_002433845.1_PENGGAAI_03274,84.48
GCA_009467855.1_FFHDGLOA_00684,GCA_002433845.1_PENGGAAI_03274,83.89
GCA_900089955.1_LKKGGHDO_04133,GCA_002433845.1_PENGGAAI_03274,83.784
UW4_BBLLADNB_00506,GCA_002433845.1_PENGGAAI_03274,83.785
UW5_GNJGOIBN_01044,GCA_002433845.1_PENGGAAI_03274,85.069
UW6_NHBDKAOG_02407,GCA_002433845.1_PENGGAAI_03274,84.14
UW7_CEKMHFBL_01627,GCA_002433845.1_PENGGAAI_03274,90.832
2687453699_PEBOPBNB_00179,GCA_002455435.1_LJMNPMKE_00197,97.878
GCA_000024165.1_DGOCCOHL_01070,GCA_002455435.1_LJMNPMKE_00197,86.291
GCA_000584955.2_BALNIADD_02612,GCA_002455435.1_LJMNPMKE_00197,85.883
GCA_000584975.2_FLOKBKCF_00068,GCA_002455435.1_LJMNPMKE_00197,83.781
GCA_000584995.1_NPHLOHBO_00818,GCA_002455435.1_LJMNPMKE_00197,82.419
GCA_000585015.1_JPAJMACA_00169,GCA_002455435.1_LJMNPMKE_00197,83.882
GCA_000585035.2_BIOCIAGG_04430,GCA_002455435.1_LJMNPMKE_00197,84.739
GCA_000585055.1_JMBGGNHN_01742,GCA_002455435.1_LJMNPMKE_00197,90.725
GCA_000585075.1_LMKBKINC_00287,GCA_002455435.1_LJMNPMKE_00197,100
GCA_000585095.1_DDBAAEFF_02735,GCA_002455435.1_LJMNPMKE_00197,83.57
GCA_000987395.1_IJAMOEGB_03109,GCA_002455435.1_LJMNPMKE_00197,84.347
GCA_000987445.1_DIPJCKAO_01419,GCA_002455435.1_LJMNPMKE_00197,91.278
GCA_001897745.1_LNFOKPNO_00497,GCA_002455435.1_LJMNPMKE_00197,82.257
GCA_002304785.1_GBHPAPPJ_02574,GCA_002455435.1_LJMNPMKE_00197,75.377
GCA_002345025.1_KFEAILBB_02335,GCA_002455435.1_LJMNPMKE_00197,83.642
GCA_002345285.1_NKDODKIB_03753,GCA_002455435.1_LJMNPMKE_00197,83.882
GCA_002352265.1_FOOMNIKE_04153,GCA_002455435.1_LJMNPMKE_00197,90.725
GCA_002425405.1_NLEBCEFB_01950,GCA_002455435.1_LJMNPMKE_00197,84.583
GCA_002433845.1_PENGGAAI_03274,GCA_002455435.1_LJMNPMKE_00197,83.882
GCA_002455435.1_LJMNPMKE_00197,GCA_002455435.1_LJMNPMKE_00197,100
GCA_003332265.1_BFLDHLJO_03541,GCA_002455435.1_LJMNPMKE_00197,90.523
GCA_003487685.1_BPGNMNNK_01401,GCA_002455435.1_LJMNPMKE_00197,83.642
GCA_003535635.1_FMDBLDOA_00549,GCA_002455435.1_LJMNPMKE_00197,83.642
GCA_003538495.1_COGBHOPJ_04777,GCA_002455435.1_LJMNPMKE_00197,86.689
GCA_003542235.1_LHMBCMGL_01997,GCA_002455435.1_LJMNPMKE_00197,83.642
GCA_005524045.1_CHBPCNLK_00370,GCA_002455435.1_LJMNPMKE_00197,83.632
GCA_005889575.1_AEPCJOJA_01401,GCA_002455435.1_LJMNPMKE_00197,84.394
GCA_009467855.1_FFHDGLOA_00684,GCA_002455435.1_LJMNPMKE_00197,97.831
GCA_900089955.1_LKKGGHDO_04133,GCA_002455435.1_LJMNPMKE_00197,84.862
UW4_BBLLADNB_00506,GCA_002455435.1_LJMNPMKE_00197,99.434
UW5_GNJGOIBN_01044,GCA_002455435.1_LJMNPMKE_00197,86.291
UW6_NHBDKAOG_02407,GCA_002455435.1_LJMNPMKE_00197,84.373
UW7_CEKMHFBL_01627,GCA_002455435.1_LJMNPMKE_00197,83.766
2687453699_PEBOPBNB_00179,GCA_003332265.1_BFLDHLJO_03541,90.146
GCA_000024165.1_DGOCCOHL_01070,GCA_003332265.1_BFLDHLJO_03541,84.612
GCA_000584955.2_BALNIADD_02612,GCA_003332265.1_BFLDHLJO_03541,85.625
GCA_000584975.2_FLOKBKCF_00068,GCA_003332265.1_BFLDHLJO_03541,84.456
GCA_000584995.1_NPHLOHBO_00818,GCA_003332265.1_BFLDHLJO_03541,81.516
GCA_000585015.1_JPAJMACA_00169,GCA_003332265.1_BFLDHLJO_03541,82.767
GCA_000585035.2_BIOCIAGG_04430,GCA_003332265.1_BFLDHLJO_03541,84.833
GCA_000585055.1_JMBGGNHN_01742,GCA_003332265.1_BFLDHLJO_03541,91.384
GCA_000585075.1_LMKBKINC_00287,GCA_003332265.1_BFLDHLJO_03541,90.523
GCA_000585095.1_DDBAAEFF_02735,GCA_003332265.1_BFLDHLJO_03541,82.999
GCA_000987395.1_IJAMOEGB_03109,GCA_003332265.1_BFLDHLJO_03541,84.786
GCA_000987445.1_DIPJCKAO_01419,GCA_003332265.1_BFLDHLJO_03541,92.126
GCA_001897745.1_LNFOKPNO_00497,GCA_003332265.1_BFLDHLJO_03541,81.766
GCA_002304785.1_GBHPAPPJ_02574,GCA_003332265.1_BFLDHLJO_03541,74.781
GCA_002345025.1_KFEAILBB_02335,GCA_003332265.1_BFLDHLJO_03541,82.773
GCA_002345285.1_NKDODKIB_03753,GCA_003332265.1_BFLDHLJO_03541,82.767
GCA_002352265.1_FOOMNIKE_04153,GCA_003332265.1_BFLDHLJO_03541,91.384
GCA_002425405.1_NLEBCEFB_01950,GCA_003332265.1_BFLDHLJO_03541,84.691
GCA_002433845.1_PENGGAAI_03274,GCA_003332265.1_BFLDHLJO_03541,82.767
GCA_002455435.1_LJMNPMKE_00197,GCA_003332265.1_BFLDHLJO_03541,90.523
GCA_003332265.1_BFLDHLJO_03541,GCA_003332265.1_BFLDHLJO_03541,100
GCA_003487685.1_BPGNMNNK_01401,GCA_003332265.1_BFLDHLJO_03541,82.773
GCA_003535635.1_FMDBLDOA_00549,GCA_003332265.1_BFLDHLJO_03541,82.773
GCA_003538495.1_COGBHOPJ_04777,GCA_003332265.1_BFLDHLJO_03541,85.613
GCA_003542235.1_LHMBCMGL_01997,GCA_003332265.1_BFLDHLJO_03541,82.773
GCA_005524045.1_CHBPCNLK_00370,GCA_003332265.1_BFLDHLJO_03541,82.603
GCA_005889575.1_AEPCJOJA_01401,GCA_003332265.1_BFLDHLJO_03541,84.974
GCA_009467855.1_FFHDGLOA_00684,GCA_003332265.1_BFLDHLJO_03541,90.146
GCA_900089955.1_LKKGGHDO_04133,GCA_003332265.1_BFLDHLJO_03541,84.229
UW4_BBLLADNB_00506,GCA_003332265.1_BFLDHLJO_03541,90.57
UW5_GNJGOIBN_01044,GCA_003332265.1_BFLDHLJO_03541,84.612
UW6_NHBDKAOG_02407,GCA_003332265.1_BFLDHLJO_03541,84.923
UW7_CEKMHFBL_01627,GCA_003332265.1_BFLDHLJO_03541,82.838
2687453699_PEBOPBNB_00179,GCA_003487685.1_BPGNMNNK_01401,83.31
GCA_000024165.1_DGOCCOHL_01070,GCA_003487685.1_BPGNMNNK_01401,84.851
GCA_000584955.2_BALNIADD_02612,GCA_003487685.1_BPGNMNNK_01401,85.167
GCA_000584975.2_FLOKBKCF_00068,GCA_003487685.1_BPGNMNNK_01401,84.017
GCA_000584995.1_NPHLOHBO_00818,GCA_003487685.1_BPGNMNNK_01401,98.508
GCA_000585015.1_JPAJMACA_00169,GCA_003487685.1_BPGNMNNK_01401,91.304
GCA_000585035.2_BIOCIAGG_04430,GCA_003487685.1_BPGNMNNK_01401,85.189
GCA_000585055.1_JMBGGNHN_01742,GCA_003487685.1_BPGNMNNK_01401,83.089
GCA_000585075.1_LMKBKINC_00287,GCA_003487685.1_BPGNMNNK_01401,83.642
GCA_000585095.1_DDBAAEFF_02735,GCA_003487685.1_BPGNMNNK_01401,92.199
GCA_000987395.1_IJAMOEGB_03109,GCA_003487685.1_BPGNMNNK_01401,84.064
GCA_000987445.1_DIPJCKAO_01419,GCA_003487685.1_BPGNMNNK_01401,83.634
GCA_001897745.1_LNFOKPNO_00497,GCA_003487685.1_BPGNMNNK_01401,80.804
GCA_002304785.1_GBHPAPPJ_02574,GCA_003487685.1_BPGNMNNK_01401,73.873
GCA_002345025.1_KFEAILBB_02335,GCA_003487685.1_BPGNMNNK_01401,100
GCA_002345285.1_NKDODKIB_03753,GCA_003487685.1_BPGNMNNK_01401,91.304
GCA_002352265.1_FOOMNIKE_04153,GCA_003487685.1_BPGNMNNK_01401,83.089
GCA_002425405.1_NLEBCEFB_01950,GCA_003487685.1_BPGNMNNK_01401,84.488
GCA_002433845.1_PENGGAAI_03274,GCA_003487685.1_BPGNMNNK_01401,91.304
GCA_002455435.1_LJMNPMKE_00197,GCA_003487685.1_BPGNMNNK_01401,83.642
GCA_003332265.1_BFLDHLJO_03541,GCA_003487685.1_BPGNMNNK_01401,82.773
GCA_003487685.1_BPGNMNNK_01401,GCA_003487685.1_BPGNMNNK_01401,100
GCA_003535635.1_FMDBLDOA_00549,GCA_003487685.1_BPGNMNNK_01401,100
GCA_003538495.1_COGBHOPJ_04777,GCA_003487685.1_BPGNMNNK_01401,83.16
GCA_003542235.1_LHMBCMGL_01997,GCA_003487685.1_BPGNMNNK_01401,99.906
GCA_005524045.1_CHBPCNLK_00370,GCA_003487685.1_BPGNMNNK_01401,90.712
GCA_005889575.1_AEPCJOJA_01401,GCA_003487685.1_BPGNMNNK_01401,84.158
GCA_009467855.1_FFHDGLOA_00684,GCA_003487685.1_BPGNMNNK_01401,83.31
GCA_900089955.1_LKKGGHDO_04133,GCA_003487685.1_BPGNMNNK_01401,83.786
UW4_BBLLADNB_00506,GCA_003487685.1_BPGNMNNK_01401,83.689
UW5_GNJGOIBN_01044,GCA_003487685.1_BPGNMNNK_01401,84.851
UW6_NHBDKAOG_02407,GCA_003487685.1_BPGNMNNK_01401,84.09
UW7_CEKMHFBL_01627,GCA_003487685.1_BPGNMNNK_01401,91.325
2687453699_PEBOPBNB_00179,GCA_003535635.1_FMDBLDOA_00549,83.31
GCA_000024165.1_DGOCCOHL_01070,GCA_003535635.1_FMDBLDOA_00549,84.851
GCA_000584955.2_BALNIADD_02612,GCA_003535635.1_FMDBLDOA_00549,85.167
GCA_000584975.2_FLOKBKCF_00068,GCA_003535635.1_FMDBLDOA_00549,84.017
GCA_000584995.1_NPHLOHBO_00818,GCA_003535635.1_FMDBLDOA_00549,98.508
GCA_000585015.1_JPAJMACA_00169,GCA_003535635.1_FMDBLDOA_00549,91.304
GCA_000585035.2_BIOCIAGG_04430,GCA_003535635.1_FMDBLDOA_00549,85.189
GCA_000585055.1_JMBGGNHN_01742,GCA_003535635.1_FMDBLDOA_00549,83.089
GCA_000585075.1_LMKBKINC_00287,GCA_003535635.1_FMDBLDOA_00549,83.642
GCA_000585095.1_DDBAAEFF_02735,GCA_003535635.1_FMDBLDOA_00549,92.199
GCA_000987395.1_IJAMOEGB_03109,GCA_003535635.1_FMDBLDOA_00549,84.064
GCA_000987445.1_DIPJCKAO_01419,GCA_003535635.1_FMDBLDOA_00549,83.634
GCA_001897745.1_LNFOKPNO_00497,GCA_003535635.1_FMDBLDOA_00549,80.804
GCA_002304785.1_GBHPAPPJ_02574,GCA_003535635.1_FMDBLDOA_00549,73.873
GCA_002345025.1_KFEAILBB_02335,GCA_003535635.1_FMDBLDOA_00549,100
GCA_002345285.1_NKDODKIB_03753,GCA_003535635.1_FMDBLDOA_00549,91.304
GCA_002352265.1_FOOMNIKE_04153,GCA_003535635.1_FMDBLDOA_00549,83.089
GCA_002425405.1_NLEBCEFB_01950,GCA_003535635.1_FMDBLDOA_00549,84.488
GCA_002433845.1_PENGGAAI_03274,GCA_003535635.1_FMDBLDOA_00549,91.304
GCA_002455435.1_LJMNPMKE_00197,GCA_003535635.1_FMDBLDOA_00549,83.642
GCA_003332265.1_BFLDHLJO_03541,GCA_003535635.1_FMDBLDOA_00549,82.773
GCA_003487685.1_BPGNMNNK_01401,GCA_003535635.1_FMDBLDOA_00549,100
GCA_003535635.1_FMDBLDOA_00549,GCA_003535635.1_FMDBLDOA_00549,100
GCA_003538495.1_COGBHOPJ_04777,GCA_003535635.1_FMDBLDOA_00549,83.16
GCA_003542235.1_LHMBCMGL_01997,GCA_003535635.1_FMDBLDOA_00549,99.906
GCA_005524045.1_CHBPCNLK_00370,GCA_003535635.1_FMDBLDOA_00549,90.712
GCA_005889575.1_AEPCJOJA_01401,GCA_003535635.1_FMDBLDOA_00549,84.158
GCA_009467855.1_FFHDGLOA_00684,GCA_003535635.1_FMDBLDOA_00549,83.31
GCA_900089955.1_LKKGGHDO_04133,GCA_003535635.1_FMDBLDOA_00549,83.786
UW4_BBLLADNB_00506,GCA_003535635.1_FMDBLDOA_00549,83.689
UW5_GNJGOIBN_01044,GCA_003535635.1_FMDBLDOA_00549,84.851
UW6_NHBDKAOG_02407,GCA_003535635.1_FMDBLDOA_00549,84.09
UW7_CEKMHFBL_01627,GCA_003535635.1_FMDBLDOA_00549,91.325
2687453699_PEBOPBNB_00179,GCA_003538495.1_COGBHOPJ_04777,86.405
GCA_000024165.1_DGOCCOHL_01070,GCA_003538495.1_COGBHOPJ_04777,85.917
GCA_000584955.2_BALNIADD_02612,GCA_003538495.1_COGBHOPJ_04777,86.231
GCA_000584975.2_FLOKBKCF_00068,GCA_003538495.1_COGBHOPJ_04777,84.322
GCA_000584995.1_NPHLOHBO_00818,GCA_003538495.1_COGBHOPJ_04777,81.903
GCA_000585015.1_JPAJMACA_00169,GCA_003538495.1_COGBHOPJ_04777,82.979
GCA_000585035.2_BIOCIAGG_04430,GCA_003538495.1_COGBHOPJ_04777,85.405
GCA_000585055.1_JMBGGNHN_01742,GCA_003538495.1_COGBHOPJ_04777,85.572
GCA_000585075.1_LMKBKINC_00287,GCA_003538495.1_COGBHOPJ_04777,86.689
GCA_000585095.1_DDBAAEFF_02735,GCA_003538495.1_COGBHOPJ_04777,83.097
GCA_000987395.1_IJAMOEGB_03109,GCA_003538495.1_COGBHOPJ_04777,84.605
GCA_000987445.1_DIPJCKAO_01419,GCA_003538495.1_COGBHOPJ_04777,86.784
GCA_001897745.1_LNFOKPNO_00497,GCA_003538495.1_COGBHOPJ_04777,82.277
GCA_002304785.1_GBHPAPPJ_02574,GCA_003538495.1_COGBHOPJ_04777,76.573
GCA_002345025.1_KFEAILBB_02335,GCA_003538495.1_COGBHOPJ_04777,83.16
GCA_002345285.1_NKDODKIB_03753,GCA_003538495.1_COGBHOPJ_04777,82.979
GCA_002352265.1_FOOMNIKE_04153,GCA_003538495.1_COGBHOPJ_04777,85.572
GCA_002425405.1_NLEBCEFB_01950,GCA_003538495.1_COGBHOPJ_04777,84.934
GCA_002433845.1_PENGGAAI_03274,GCA_003538495.1_COGBHOPJ_04777,82.979
GCA_002455435.1_LJMNPMKE_00197,GCA_003538495.1_COGBHOPJ_04777,86.689
GCA_003332265.1_BFLDHLJO_03541,GCA_003538495.1_COGBHOPJ_04777,85.613
GCA_003487685.1_BPGNMNNK_01401,GCA_003538495.1_COGBHOPJ_04777,83.16
GCA_003535635.1_FMDBLDOA_00549,GCA_003538495.1_COGBHOPJ_04777,83.16
GCA_003538495.1_COGBHOPJ_04777,GCA_003538495.1_COGBHOPJ_04777,100
GCA_003542235.1_LHMBCMGL_01997,GCA_003538495.1_COGBHOPJ_04777,83.208
GCA_005524045.1_CHBPCNLK_00370,GCA_003538495.1_COGBHOPJ_04777,82.775
GCA_005889575.1_AEPCJOJA_01401,GCA_003538495.1_COGBHOPJ_04777,84.51
GCA_009467855.1_FFHDGLOA_00684,GCA_003538495.1_COGBHOPJ_04777,86.405
GCA_900089955.1_LKKGGHDO_04133,GCA_003538495.1_COGBHOPJ_04777,85.374
UW4_BBLLADNB_00506,GCA_003538495.1_COGBHOPJ_04777,86.926
UW5_GNJGOIBN_01044,GCA_003538495.1_COGBHOPJ_04777,85.917
UW6_NHBDKAOG_02407,GCA_003538495.1_COGBHOPJ_04777,84.96
UW7_CEKMHFBL_01627,GCA_003538495.1_COGBHOPJ_04777,83.152
2687453699_PEBOPBNB_00179,GCA_003542235.1_LHMBCMGL_01997,83.31
GCA_000024165.1_DGOCCOHL_01070,GCA_003542235.1_LHMBCMGL_01997,84.899
GCA_000584955.2_BALNIADD_02612,GCA_003542235.1_LHMBCMGL_01997,85.237
GCA_000584975.2_FLOKBKCF_00068,GCA_003542235.1_LHMBCMGL_01997,84.064
GCA_000584995.1_NPHLOHBO_00818,GCA_003542235.1_LHMBCMGL_01997,98.415
GCA_000585015.1_JPAJMACA_00169,GCA_003542235.1_LHMBCMGL_01997,91.304
GCA_000585035.2_BIOCIAGG_04430,GCA_003542235.1_LHMBCMGL_01997,85.236
GCA_000585055.1_JMBGGNHN_01742,GCA_003542235.1_LHMBCMGL_01997,83.136
GCA_000585075.1_LMKBKINC_00287,GCA_003542235.1_LHMBCMGL_01997,83.642
GCA_000585095.1_DDBAAEFF_02735,GCA_003542235.1_LHMBCMGL_01997,92.199
GCA_000987395.1_IJAMOEGB_03109,GCA_003542235.1_LHMBCMGL_01997,84.111
GCA_000987445.1_DIPJCKAO_01419,GCA_003542235.1_LHMBCMGL_01997,83.681
GCA_001897745.1_LNFOKPNO_00497,GCA_003542235.1_LHMBCMGL_01997,80.708
GCA_002304785.1_GBHPAPPJ_02574,GCA_003542235.1_LHMBCMGL_01997,73.873
GCA_002345025.1_KFEAILBB_02335,GCA_003542235.1_LHMBCMGL_01997,99.906
GCA_002345285.1_NKDODKIB_03753,GCA_003542235.1_LHMBCMGL_01997,91.304
GCA_002352265.1_FOOMNIKE_04153,GCA_003542235.1_LHMBCMGL_01997,83.136
GCA_002425405.1_NLEBCEFB_01950,GCA_003542235.1_LHMBCMGL_01997,84.536
GCA_002433845.1_PENGGAAI_03274,GCA_003542235.1_LHMBCMGL_01997,91.304
GCA_002455435.1_LJMNPMKE_00197,GCA_003542235.1_LHMBCMGL_01997,83.642
GCA_003332265.1_BFLDHLJO_03541,GCA_003542235.1_LHMBCMGL_01997,82.773
GCA_003487685.1_BPGNMNNK_01401,GCA_003542235.1_LHMBCMGL_01997,99.906
GCA_003535635.1_FMDBLDOA_00549,GCA_003542235.1_LHMBCMGL_01997,99.906
GCA_003538495.1_COGBHOPJ_04777,GCA_003542235.1_LHMBCMGL_01997,83.208
GCA_003542235.1_LHMBCMGL_01997,GCA_003542235.1_LHMBCMGL_01997,100
GCA_005524045.1_CHBPCNLK_00370,GCA_003542235.1_LHMBCMGL_01997,90.712
GCA_005889575.1_AEPCJOJA_01401,GCA_003542235.1_LHMBCMGL_01997,84.206
GCA_009467855.1_FFHDGLOA_00684,GCA_003542235.1_LHMBCMGL_01997,83.31
GCA_900089955.1_LKKGGHDO_04133,GCA_003542235.1_LHMBCMGL_01997,83.835
UW4_BBLLADNB_00506,GCA_003542235.1_LHMBCMGL_01997,83.689
UW5_GNJGOIBN_01044,GCA_003542235.1_LHMBCMGL_01997,84.899
UW6_NHBDKAOG_02407,GCA_003542235.1_LHMBCMGL_01997,84.143
UW7_CEKMHFBL_01627,GCA_003542235.1_LHMBCMGL_01997,91.325
2687453699_PEBOPBNB_00179,GCA_005524045.1_CHBPCNLK_00370,83.302
GCA_000024165.1_DGOCCOHL_01070,GCA_005524045.1_CHBPCNLK_00370,84.813
GCA_000584955.2_BALNIADD_02612,GCA_005524045.1_CHBPCNLK_00370,84.958
GCA_000584975.2_FLOKBKCF_00068,GCA_005524045.1_CHBPCNLK_00370,84.238
GCA_000584995.1_NPHLOHBO_00818,GCA_005524045.1_CHBPCNLK_00370,89.371
GCA_000585015.1_JPAJMACA_00169,GCA_005524045.1_CHBPCNLK_00370,90.454
GCA_000585035.2_BIOCIAGG_04430,GCA_005524045.1_CHBPCNLK_00370,85.229
GCA_000585055.1_JMBGGNHN_01742,GCA_005524045.1_CHBPCNLK_00370,82.846
GCA_000585075.1_LMKBKINC_00287,GCA_005524045.1_CHBPCNLK_00370,83.632
GCA_000585095.1_DDBAAEFF_02735,GCA_005524045.1_CHBPCNLK_00370,93.676
GCA_000987395.1_IJAMOEGB_03109,GCA_005524045.1_CHBPCNLK_00370,84.427
GCA_000987445.1_DIPJCKAO_01419,GCA_005524045.1_CHBPCNLK_00370,83.6
GCA_001897745.1_LNFOKPNO_00497,GCA_005524045.1_CHBPCNLK_00370,81.148
GCA_002304785.1_GBHPAPPJ_02574,GCA_005524045.1_CHBPCNLK_00370,73.674
GCA_002345025.1_KFEAILBB_02335,GCA_005524045.1_CHBPCNLK_00370,90.712
GCA_002345285.1_NKDODKIB_03753,GCA_005524045.1_CHBPCNLK_00370,90.454
GCA_002352265.1_FOOMNIKE_04153,GCA_005524045.1_CHBPCNLK_00370,82.846
GCA_002425405.1_NLEBCEFB_01950,GCA_005524045.1_CHBPCNLK_00370,84.615
GCA_002433845.1_PENGGAAI_03274,GCA_005524045.1_CHBPCNLK_00370,90.454
GCA_002455435.1_LJMNPMKE_00197,GCA_005524045.1_CHBPCNLK_00370,83.632
GCA_003332265.1_BFLDHLJO_03541,GCA_005524045.1_CHBPCNLK_00370,82.603
GCA_003487685.1_BPGNMNNK_01401,GCA_005524045.1_CHBPCNLK_00370,90.712
GCA_003535635.1_FMDBLDOA_00549,GCA_005524045.1_CHBPCNLK_00370,90.712
GCA_003538495.1_COGBHOPJ_04777,GCA_005524045.1_CHBPCNLK_00370,82.775
GCA_003542235.1_LHMBCMGL_01997,GCA_005524045.1_CHBPCNLK_00370,90.712
GCA_005524045.1_CHBPCNLK_00370,GCA_005524045.1_CHBPCNLK_00370,100
GCA_005889575.1_AEPCJOJA_01401,GCA_005524045.1_CHBPCNLK_00370,84.427
GCA_009467855.1_FFHDGLOA_00684,GCA_005524045.1_CHBPCNLK_00370,83.255
GCA_900089955.1_LKKGGHDO_04133,GCA_005524045.1_CHBPCNLK_00370,83.768
UW4_BBLLADNB_00506,GCA_005524045.1_CHBPCNLK_00370,83.491
UW5_GNJGOIBN_01044,GCA_005524045.1_CHBPCNLK_00370,84.813
UW6_NHBDKAOG_02407,GCA_005524045.1_CHBPCNLK_00370,84.463
UW7_CEKMHFBL_01627,GCA_005524045.1_CHBPCNLK_00370,94.342
2687453699_PEBOPBNB_00179,GCA_005889575.1_AEPCJOJA_01401,84.213
GCA_000024165.1_DGOCCOHL_01070,GCA_005889575.1_AEPCJOJA_01401,85.922
GCA_000584955.2_BALNIADD_02612,GCA_005889575.1_AEPCJOJA_01401,95.48
GCA_000584975.2_FLOKBKCF_00068,GCA_005889575.1_AEPCJOJA_01401,96.935
GCA_000584995.1_NPHLOHBO_00818,GCA_005889575.1_AEPCJOJA_01401,82.89
GCA_000585015.1_JPAJMACA_00169,GCA_005889575.1_AEPCJOJA_01401,84.48
GCA_000585035.2_BIOCIAGG_04430,GCA_005889575.1_AEPCJOJA_01401,93.258
GCA_000585055.1_JMBGGNHN_01742,GCA_005889575.1_AEPCJOJA_01401,83.396
GCA_000585075.1_LMKBKINC_00287,GCA_005889575.1_AEPCJOJA_01401,84.394
GCA_000585095.1_DDBAAEFF_02735,GCA_005889575.1_AEPCJOJA_01401,84.279
GCA_000987395.1_IJAMOEGB_03109,GCA_005889575.1_AEPCJOJA_01401,99.717
GCA_000987445.1_DIPJCKAO_01419,GCA_005889575.1_AEPCJOJA_01401,84.253
GCA_001897745.1_LNFOKPNO_00497,GCA_005889575.1_AEPCJOJA_01401,80.465
GCA_002304785.1_GBHPAPPJ_02574,GCA_005889575.1_AEPCJOJA_01401,74.286
GCA_002345025.1_KFEAILBB_02335,GCA_005889575.1_AEPCJOJA_01401,84.158
GCA_002345285.1_NKDODKIB_03753,GCA_005889575.1_AEPCJOJA_01401,84.48
GCA_002352265.1_FOOMNIKE_04153,GCA_005889575.1_AEPCJOJA_01401,83.396
GCA_002425405.1_NLEBCEFB_01950,GCA_005889575.1_AEPCJOJA_01401,95.521
GCA_002433845.1_PENGGAAI_03274,GCA_005889575.1_AEPCJOJA_01401,84.48
GCA_002455435.1_LJMNPMKE_00197,GCA_005889575.1_AEPCJOJA_01401,84.394
GCA_003332265.1_BFLDHLJO_03541,GCA_005889575.1_AEPCJOJA_01401,84.974
GCA_003487685.1_BPGNMNNK_01401,GCA_005889575.1_AEPCJOJA_01401,84.158
GCA_003535635.1_FMDBLDOA_00549,GCA_005889575.1_AEPCJOJA_01401,84.158
GCA_003538495.1_COGBHOPJ_04777,GCA_005889575.1_AEPCJOJA_01401,84.51
GCA_003542235.1_LHMBCMGL_01997,GCA_005889575.1_AEPCJOJA_01401,84.206
GCA_005524045.1_CHBPCNLK_00370,GCA_005889575.1_AEPCJOJA_01401,84.427
GCA_005889575.1_AEPCJOJA_01401,GCA_005889575.1_AEPCJOJA_01401,100
GCA_009467855.1_FFHDGLOA_00684,GCA_005889575.1_AEPCJOJA_01401,84.213
GCA_900089955.1_LKKGGHDO_04133,GCA_005889575.1_AEPCJOJA_01401,85.446
UW4_BBLLADNB_00506,GCA_005889575.1_AEPCJOJA_01401,84.536
UW5_GNJGOIBN_01044,GCA_005889575.1_AEPCJOJA_01401,85.922
UW6_NHBDKAOG_02407,GCA_005889575.1_AEPCJOJA_01401,96.587
UW7_CEKMHFBL_01627,GCA_005889575.1_AEPCJOJA_01401,84.771
2687453699_PEBOPBNB_00179,GCA_009467855.1_FFHDGLOA_00684,99.859
GCA_000024165.1_DGOCCOHL_01070,GCA_009467855.1_FFHDGLOA_00684,85.61
GCA_000584955.2_BALNIADD_02612,GCA_009467855.1_FFHDGLOA_00684,85.814
GCA_000584975.2_FLOKBKCF_00068,GCA_009467855.1_FFHDGLOA_00684,83.836
GCA_000584995.1_NPHLOHBO_00818,GCA_009467855.1_FFHDGLOA_00684,82.044
GCA_000585015.1_JPAJMACA_00169,GCA_009467855.1_FFHDGLOA_00684,83.89
GCA_000585035.2_BIOCIAGG_04430,GCA_009467855.1_FFHDGLOA_00684,84.644
GCA_000585055.1_JMBGGNHN_01742,GCA_009467855.1_FFHDGLOA_00684,90.348
GCA_000585075.1_LMKBKINC_00287,GCA_009467855.1_FFHDGLOA_00684,97.831
GCA_000585095.1_DDBAAEFF_02735,GCA_009467855.1_FFHDGLOA_00684,83.452
GCA_000987395.1_IJAMOEGB_03109,GCA_009467855.1_FFHDGLOA_00684,84.166
GCA_000987445.1_DIPJCKAO_01419,GCA_009467855.1_FFHDGLOA_00684,90.901
GCA_001897745.1_LNFOKPNO_00497,GCA_009467855.1_FFHDGLOA_00684,81.774
GCA_002304785.1_GBHPAPPJ_02574,GCA_009467855.1_FFHDGLOA_00684,75.268
GCA_002345025.1_KFEAILBB_02335,GCA_009467855.1_FFHDGLOA_00684,83.31
GCA_002345285.1_NKDODKIB_03753,GCA_009467855.1_FFHDGLOA_00684,83.89
GCA_002352265.1_FOOMNIKE_04153,GCA_009467855.1_FFHDGLOA_00684,90.348
GCA_002425405.1_NLEBCEFB_01950,GCA_009467855.1_FFHDGLOA_00684,84.354
GCA_002433845.1_PENGGAAI_03274,GCA_009467855.1_FFHDGLOA_00684,83.89
GCA_002455435.1_LJMNPMKE_00197,GCA_009467855.1_FFHDGLOA_00684,97.831
GCA_003332265.1_BFLDHLJO_03541,GCA_009467855.1_FFHDGLOA_00684,90.146
GCA_003487685.1_BPGNMNNK_01401,GCA_009467855.1_FFHDGLOA_00684,83.31
GCA_003535635.1_FMDBLDOA_00549,GCA_009467855.1_FFHDGLOA_00684,83.31
GCA_003538495.1_COGBHOPJ_04777,GCA_009467855.1_FFHDGLOA_00684,86.405
GCA_003542235.1_LHMBCMGL_01997,GCA_009467855.1_FFHDGLOA_00684,83.31
GCA_005524045.1_CHBPCNLK_00370,GCA_009467855.1_FFHDGLOA_00684,83.255
GCA_005889575.1_AEPCJOJA_01401,GCA_009467855.1_FFHDGLOA_00684,84.213
GCA_009467855.1_FFHDGLOA_00684,GCA_009467855.1_FFHDGLOA_00684,100
GCA_900089955.1_LKKGGHDO_04133,GCA_009467855.1_FFHDGLOA_00684,84.377
UW4_BBLLADNB_00506,GCA_009467855.1_FFHDGLOA_00684,97.737
UW5_GNJGOIBN_01044,GCA_009467855.1_FFHDGLOA_00684,85.61
UW6_NHBDKAOG_02407,GCA_009467855.1_FFHDGLOA_00684,84.529
UW7_CEKMHFBL_01627,GCA_009467855.1_FFHDGLOA_00684,83.341
2687453699_PEBOPBNB_00179,GCA_900089955.1_LKKGGHDO_04133,84.425
GCA_000024165.1_DGOCCOHL_01070,GCA_900089955.1_LKKGGHDO_04133,86.338
GCA_000584955.2_BALNIADD_02612,GCA_900089955.1_LKKGGHDO_04133,87.335
GCA_000584975.2_FLOKBKCF_00068,GCA_900089955.1_LKKGGHDO_04133,85.446
GCA_000584995.1_NPHLOHBO_00818,GCA_900089955.1_LKKGGHDO_04133,82.486
GCA_000585015.1_JPAJMACA_00169,GCA_900089955.1_LKKGGHDO_04133,83.784
GCA_000585035.2_BIOCIAGG_04430,GCA_900089955.1_LKKGGHDO_04133,86.741
GCA_000585055.1_JMBGGNHN_01742,GCA_900089955.1_LKKGGHDO_04133,84.008
GCA_000585075.1_LMKBKINC_00287,GCA_900089955.1_LKKGGHDO_04133,84.862
GCA_000585095.1_DDBAAEFF_02735,GCA_900089955.1_LKKGGHDO_04133,83.789
GCA_000987395.1_IJAMOEGB_03109,GCA_900089955.1_LKKGGHDO_04133,85.66
GCA_000987445.1_DIPJCKAO_01419,GCA_900089955.1_LKKGGHDO_04133,84.863
GCA_001897745.1_LNFOKPNO_00497,GCA_900089955.1_LKKGGHDO_04133,80.902
GCA_002304785.1_GBHPAPPJ_02574,GCA_900089955.1_LKKGGHDO_04133,74.454
GCA_002345025.1_KFEAILBB_02335,GCA_900089955.1_LKKGGHDO_04133,83.786
GCA_002345285.1_NKDODKIB_03753,GCA_900089955.1_LKKGGHDO_04133,83.784
GCA_002352265.1_FOOMNIKE_04153,GCA_900089955.1_LKKGGHDO_04133,84.008
GCA_002425405.1_NLEBCEFB_01950,GCA_900089955.1_LKKGGHDO_04133,86.133
GCA_002433845.1_PENGGAAI_03274,GCA_900089955.1_LKKGGHDO_04133,83.784
GCA_002455435.1_LJMNPMKE_00197,GCA_900089955.1_LKKGGHDO_04133,84.862
GCA_003332265.1_BFLDHLJO_03541,GCA_900089955.1_LKKGGHDO_04133,84.229
GCA_003487685.1_BPGNMNNK_01401,GCA_900089955.1_LKKGGHDO_04133,83.786
GCA_003535635.1_FMDBLDOA_00549,GCA_900089955.1_LKKGGHDO_04133,83.786
GCA_003538495.1_COGBHOPJ_04777,GCA_900089955.1_LKKGGHDO_04133,85.374
GCA_003542235.1_LHMBCMGL_01997,GCA_900089955.1_LKKGGHDO_04133,83.835
GCA_005524045.1_CHBPCNLK_00370,GCA_900089955.1_LKKGGHDO_04133,83.768
GCA_005889575.1_AEPCJOJA_01401,GCA_900089955.1_LKKGGHDO_04133,85.446
GCA_009467855.1_FFHDGLOA_00684,GCA_900089955.1_LKKGGHDO_04133,84.377
GCA_900089955.1_LKKGGHDO_04133,GCA_900089955.1_LKKGGHDO_04133,100
UW4_BBLLADNB_00506,GCA_900089955.1_LKKGGHDO_04133,84.765
UW5_GNJGOIBN_01044,GCA_900089955.1_LKKGGHDO_04133,86.338
UW6_NHBDKAOG_02407,GCA_900089955.1_LKKGGHDO_04133,86.133
UW7_CEKMHFBL_01627,GCA_900089955.1_LKKGGHDO_04133,83.915
2687453699_PEBOPBNB_00179,UW4_BBLLADNB_00506,97.784
GCA_000024165.1_DGOCCOHL_01070,UW4_BBLLADNB_00506,86.485
GCA_000584955.2_BALNIADD_02612,UW4_BBLLADNB_00506,86.092
GCA_000584975.2_FLOKBKCF_00068,UW4_BBLLADNB_00506,83.923
GCA_000584995.1_NPHLOHBO_00818,UW4_BBLLADNB_00506,82.419
GCA_000585015.1_JPAJMACA_00169,UW4_BBLLADNB_00506,83.785
GCA_000585035.2_BIOCIAGG_04430,UW4_BBLLADNB_00506,84.786
GCA_000585055.1_JMBGGNHN_01742,UW4_BBLLADNB_00506,90.631
GCA_000585075.1_LMKBKINC_00287,UW4_BBLLADNB_00506,99.434
GCA_000585095.1_DDBAAEFF_02735,UW4_BBLLADNB_00506,83.629
GCA_000987395.1_IJAMOEGB_03109,UW4_BBLLADNB_00506,84.488
GCA_000987445.1_DIPJCKAO_01419,UW4_BBLLADNB_00506,91.183
GCA_001897745.1_LNFOKPNO_00497,UW4_BBLLADNB_00506,82.208
GCA_002304785.1_GBHPAPPJ_02574,UW4_BBLLADNB_00506,75.316
GCA_002345025.1_KFEAILBB_02335,UW4_BBLLADNB_00506,83.689
GCA_002345285.1_NKDODKIB_03753,UW4_BBLLADNB_00506,83.785
GCA_002352265.1_FOOMNIKE_04153,UW4_BBLLADNB_00506,90.631
GCA_002425405.1_NLEBCEFB_01950,UW4_BBLLADNB_00506,84.724
GCA_002433845.1_PENGGAAI_03274,UW4_BBLLADNB_00506,83.785
GCA_002455435.1_LJMNPMKE_00197,UW4_BBLLADNB_00506,99.434
GCA_003332265.1_BFLDHLJO_03541,UW4_BBLLADNB_00506,90.57
GCA_003487685.1_BPGNMNNK_01401,UW4_BBLLADNB_00506,83.689
GCA_003535635.1_FMDBLDOA_00549,UW4_BBLLADNB_00506,83.689
GCA_003538495.1_COGBHOPJ_04777,UW4_BBLLADNB_00506,86.926
GCA_003542235.1_LHMBCMGL_01997,UW4_BBLLADNB_00506,83.689
GCA_005524045.1_CHBPCNLK_00370,UW4_BBLLADNB_00506,83.491
GCA_005889575.1_AEPCJOJA_01401,UW4_BBLLADNB_00506,84.536
GCA_009467855.1_FFHDGLOA_00684,UW4_BBLLADNB_00506,97.737
GCA_900089955.1_LKKGGHDO_04133,UW4_BBLLADNB_00506,84.765
UW4_BBLLADNB_00506,UW4_BBLLADNB_00506,100
UW5_GNJGOIBN_01044,UW4_BBLLADNB_00506,86.485
UW6_NHBDKAOG_02407,UW4_BBLLADNB_00506,84.533
UW7_CEKMHFBL_01627,UW4_BBLLADNB_00506,83.86
2687453699_PEBOPBNB_00179,UW5_GNJGOIBN_01044,85.707
GCA_000024165.1_DGOCCOHL_01070,UW5_GNJGOIBN_01044,100
GCA_000584955.2_BALNIADD_02612,UW5_GNJGOIBN_01044,87.065
GCA_000584975.2_FLOKBKCF_00068,UW5_GNJGOIBN_01044,85.873
GCA_000584995.1_NPHLOHBO_00818,UW5_GNJGOIBN_01044,83.574
GCA_000585015.1_JPAJMACA_00169,UW5_GNJGOIBN_01044,85.069
GCA_000585035.2_BIOCIAGG_04430,UW5_GNJGOIBN_01044,86.454
GCA_000585055.1_JMBGGNHN_01742,UW5_GNJGOIBN_01044,84.91
GCA_000585075.1_LMKBKINC_00287,UW5_GNJGOIBN_01044,86.291
GCA_000585095.1_DDBAAEFF_02735,UW5_GNJGOIBN_01044,85
GCA_000987395.1_IJAMOEGB_03109,UW5_GNJGOIBN_01044,85.922
GCA_000987445.1_DIPJCKAO_01419,UW5_GNJGOIBN_01044,85.277
GCA_001897745.1_LNFOKPNO_00497,UW5_GNJGOIBN_01044,82.529
GCA_002304785.1_GBHPAPPJ_02574,UW5_GNJGOIBN_01044,75.774
GCA_002345025.1_KFEAILBB_02335,UW5_GNJGOIBN_01044,84.851
GCA_002345285.1_NKDODKIB_03753,UW5_GNJGOIBN_01044,85.069
GCA_002352265.1_FOOMNIKE_04153,UW5_GNJGOIBN_01044,84.91
GCA_002425405.1_NLEBCEFB_01950,UW5_GNJGOIBN_01044,85.823
GCA_002433845.1_PENGGAAI_03274,UW5_GNJGOIBN_01044,85.069
GCA_002455435.1_LJMNPMKE_00197,UW5_GNJGOIBN_01044,86.291
GCA_003332265.1_BFLDHLJO_03541,UW5_GNJGOIBN_01044,84.612
GCA_003487685.1_BPGNMNNK_01401,UW5_GNJGOIBN_01044,84.851
GCA_003535635.1_FMDBLDOA_00549,UW5_GNJGOIBN_01044,84.851
GCA_003538495.1_COGBHOPJ_04777,UW5_GNJGOIBN_01044,85.917
GCA_003542235.1_LHMBCMGL_01997,UW5_GNJGOIBN_01044,84.899
GCA_005524045.1_CHBPCNLK_00370,UW5_GNJGOIBN_01044,84.813
GCA_005889575.1_AEPCJOJA_01401,UW5_GNJGOIBN_01044,85.922
GCA_009467855.1_FFHDGLOA_00684,UW5_GNJGOIBN_01044,85.61
GCA_900089955.1_LKKGGHDO_04133,UW5_GNJGOIBN_01044,86.338
UW4_BBLLADNB_00506,UW5_GNJGOIBN_01044,86.485
UW5_GNJGOIBN_01044,UW5_GNJGOIBN_01044,100
UW6_NHBDKAOG_02407,UW5_GNJGOIBN_01044,86.027
UW7_CEKMHFBL_01627,UW5_GNJGOIBN_01044,85.77
2687453699_PEBOPBNB_00179,UW6_NHBDKAOG_02407,84.636
GCA_000024165.1_DGOCCOHL_01070,UW6_NHBDKAOG_02407,86.027
GCA_000584955.2_BALNIADD_02612,UW6_NHBDKAOG_02407,95.129
GCA_000584975.2_FLOKBKCF_00068,UW6_NHBDKAOG_02407,99.84
GCA_000584995.1_NPHLOHBO_00818,UW6_NHBDKAOG_02407,82.657
GCA_000585015.1_JPAJMACA_00169,UW6_NHBDKAOG_02407,84.14
GCA_000585035.2_BIOCIAGG_04430,UW6_NHBDKAOG_02407,93.067
GCA_000585055.1_JMBGGNHN_01742,UW6_NHBDKAOG_02407,83.813
GCA_000585075.1_LMKBKINC_00287,UW6_NHBDKAOG_02407,84.373
GCA_000585095.1_DDBAAEFF_02735,UW6_NHBDKAOG_02407,84.232
GCA_000987395.1_IJAMOEGB_03109,UW6_NHBDKAOG_02407,96.587
GCA_000987445.1_DIPJCKAO_01419,UW6_NHBDKAOG_02407,84.587
GCA_001897745.1_LNFOKPNO_00497,UW6_NHBDKAOG_02407,80.581
GCA_002304785.1_GBHPAPPJ_02574,UW6_NHBDKAOG_02407,74.546
GCA_002345025.1_KFEAILBB_02335,UW6_NHBDKAOG_02407,84.09
GCA_002345285.1_NKDODKIB_03753,UW6_NHBDKAOG_02407,84.14
GCA_002352265.1_FOOMNIKE_04153,UW6_NHBDKAOG_02407,83.813
GCA_002425405.1_NLEBCEFB_01950,UW6_NHBDKAOG_02407,95.307
GCA_002433845.1_PENGGAAI_03274,UW6_NHBDKAOG_02407,84.14
GCA_002455435.1_LJMNPMKE_00197,UW6_NHBDKAOG_02407,84.373
GCA_003332265.1_BFLDHLJO_03541,UW6_NHBDKAOG_02407,84.923
GCA_003487685.1_BPGNMNNK_01401,UW6_NHBDKAOG_02407,84.09
GCA_003535635.1_FMDBLDOA_00549,UW6_NHBDKAOG_02407,84.09
GCA_003538495.1_COGBHOPJ_04777,UW6_NHBDKAOG_02407,84.96
GCA_003542235.1_LHMBCMGL_01997,UW6_NHBDKAOG_02407,84.143
GCA_005524045.1_CHBPCNLK_00370,UW6_NHBDKAOG_02407,84.463
GCA_005889575.1_AEPCJOJA_01401,UW6_NHBDKAOG_02407,96.587
GCA_009467855.1_FFHDGLOA_00684,UW6_NHBDKAOG_02407,84.529
GCA_900089955.1_LKKGGHDO_04133,UW6_NHBDKAOG_02407,86.133
UW4_BBLLADNB_00506,UW6_NHBDKAOG_02407,84.533
UW5_GNJGOIBN_01044,UW6_NHBDKAOG_02407,86.027
UW6_NHBDKAOG_02407,UW6_NHBDKAOG_02407,100
UW7_CEKMHFBL_01627,UW6_NHBDKAOG_02407,84.25
2687453699_PEBOPBNB_00179,UW7_CEKMHFBL_01627,83.388
GCA_000024165.1_DGOCCOHL_01070,UW7_CEKMHFBL_01627,85.77
GCA_000584955.2_BALNIADD_02612,UW7_CEKMHFBL_01627,85.237
GCA_000584975.2_FLOKBKCF_00068,UW7_CEKMHFBL_01627,84.151
GCA_000584995.1_NPHLOHBO_00818,UW7_CEKMHFBL_01627,89.977
GCA_000585015.1_JPAJMACA_00169,UW7_CEKMHFBL_01627,90.832
GCA_000585035.2_BIOCIAGG_04430,UW7_CEKMHFBL_01627,85.559
GCA_000585055.1_JMBGGNHN_01742,UW7_CEKMHFBL_01627,83.318
GCA_000585075.1_LMKBKINC_00287,UW7_CEKMHFBL_01627,83.766
GCA_000585095.1_DDBAAEFF_02735,UW7_CEKMHFBL_01627,93.558
GCA_000987395.1_IJAMOEGB_03109,UW7_CEKMHFBL_01627,84.771
GCA_000987445.1_DIPJCKAO_01419,UW7_CEKMHFBL_01627,84.002
GCA_001897745.1_LNFOKPNO_00497,UW7_CEKMHFBL_01627,81.774
GCA_002304785.1_GBHPAPPJ_02574,UW7_CEKMHFBL_01627,74.092
GCA_002345025.1_KFEAILBB_02335,UW7_CEKMHFBL_01627,91.325
GCA_002345285.1_NKDODKIB_03753,UW7_CEKMHFBL_01627,90.832
GCA_002352265.1_FOOMNIKE_04153,UW7_CEKMHFBL_01627,83.318
GCA_002425405.1_NLEBCEFB_01950,UW7_CEKMHFBL_01627,85
GCA_002433845.1_PENGGAAI_03274,UW7_CEKMHFBL_01627,90.832
GCA_002455435.1_LJMNPMKE_00197,UW7_CEKMHFBL_01627,83.766
GCA_003332265.1_BFLDHLJO_03541,UW7_CEKMHFBL_01627,82.838
GCA_003487685.1_BPGNMNNK_01401,UW7_CEKMHFBL_01627,91.325
GCA_003535635.1_FMDBLDOA_00549,UW7_CEKMHFBL_01627,91.325
GCA_003538495.1_COGBHOPJ_04777,UW7_CEKMHFBL_01627,83.152
GCA_003542235.1_LHMBCMGL_01997,UW7_CEKMHFBL_01627,91.325
GCA_005524045.1_CHBPCNLK_00370,UW7_CEKMHFBL_01627,94.342
GCA_005889575.1_AEPCJOJA_01401,UW7_CEKMHFBL_01627,84.771
GCA_009467855.1_FFHDGLOA_00684,UW7_CEKMHFBL_01627,83.341
GCA_900089955.1_LKKGGHDO_04133,UW7_CEKMHFBL_01627,83.915
UW4_BBLLADNB_00506,UW7_CEKMHFBL_01627,83.86
UW5_GNJGOIBN_01044,UW7_CEKMHFBL_01627,85.77
UW6_NHBDKAOG_02407,UW7_CEKMHFBL_01627,84.25
UW7_CEKMHFBL_01627,UW7_CEKMHFBL_01627,100
