Orthogroup	spades-bin.32	2506520024
OG0000000	BBLLADNB_01887, BBLLADNB_01888	2506669534, 2506669830, 2506670515
OG0000000	BBLLADNB_00941	2506672246
OG0000000	BBLLADNB_03358	2506669364, 2506672081, 2506671112, 2506670856
OG0000001	BBLLADNB_03360	2506670855
OG0000001	BBLLADNB_01431	2506671842, 2506670514
OG0000001	BBLLADNB_03667	2506669501
OG0000003	BBLLADNB_02283	2506670353, 2506670217, 2506672109, 2506671829, 2506671216, 2506669899, 2506670308, 2506669575, 2506671675, 2506670873, 2506671766, 2506671448, 2506671347, 2506669958, 2506672168, 2506670198, 2506671975, 2506672032, 2506670204, 2506670602, 2506671955, 2506669750, 2506670201, 2506670647, 2506670812, 2506672026, 2506671671, 2506669411
OG0000007	BBLLADNB_02365	2506671603
OG0000007	BBLLADNB_02048	2506672436
OG0000008	BBLLADNB_01965, BBLLADNB_02916	2506670553
OG0000009	BBLLADNB_00363	2506671496
OG0000010	BBLLADNB_03377	2506671410, 2506672508, 2506670257, 2506669954, 2506670117
OG0000011	BBLLADNB_00442, BBLLADNB_00454, BBLLADNB_03054, BBLLADNB_00011, BBLLADNB_00010, BBLLADNB_00439, BBLLADNB_00438, BBLLADNB_00014	2506672719, 2506670347, 2506670350
OG0000014	BBLLADNB_03006, BBLLADNB_00625, BBLLADNB_00567	2506670652, 2506670651
OG0000018	BBLLADNB_02917	2506670550
OG0000020	BBLLADNB_03115	2506670480
OG0000025	BBLLADNB_00234	2506670072
OG0000025	BBLLADNB_00232	2506670070
OG0000026	BBLLADNB_01301	2506670294
OG0000027	BBLLADNB_00516, BBLLADNB_03780, BBLLADNB_02016	2506670423
OG0000028	BBLLADNB_03701, BBLLADNB_03481	2506672297
OG0000031	BBLLADNB_02526	2506672722, 2506671047
OG0000031	BBLLADNB_02574, BBLLADNB_02737	2506669389, 2506670285
OG0000032	BBLLADNB_02940	2506672150, 2506672744, 2506670402, 2506669555, 2506671836, 2506671128, 2506670545, 2506670679, 2506671977
OG0000033	BBLLADNB_02789, BBLLADNB_01869, BBLLADNB_01136, BBLLADNB_01722	2506671563
OG0000036	BBLLADNB_00050	2506669688
OG0000036	BBLLADNB_03688	2506669884
OG0000037	BBLLADNB_02512	2506670173
OG0000037	BBLLADNB_01720	2506670324
OG0000038	BBLLADNB_01016, BBLLADNB_01017	2506670542, 2506670531, 2506672294
OG0000039	BBLLADNB_01332	2506672341
OG0000039	BBLLADNB_01823	2506671083
OG0000042	BBLLADNB_00833	2506671802
OG0000042	BBLLADNB_03740	2506669625
OG0000043	BBLLADNB_03212	2506671737
OG0000043	BBLLADNB_03100	2506669837, 2506672203
OG0000044	BBLLADNB_02029	2506669879
OG0000045	BBLLADNB_00254	2506672552
OG0000045	BBLLADNB_01943	2506671072
OG0000049	BBLLADNB_03233, BBLLADNB_02825	2506669657
OG0000050	BBLLADNB_03871	2506669882, 2506671174, 2506671596
OG0000051	BBLLADNB_03799	2506672175
OG0000052	BBLLADNB_00641, BBLLADNB_01939	2506672590
OG0000052	BBLLADNB_01564	2506671827
OG0000057	BBLLADNB_03571, BBLLADNB_02559	2506669527
OG0000058	BBLLADNB_00531	2506672230
OG0000059	BBLLADNB_02843	2506670794
OG0000059	BBLLADNB_03386	2506670538
OG0000060	BBLLADNB_02996, BBLLADNB_01044	2506670841
OG0000061	BBLLADNB_02719	2506671173
OG0000062	BBLLADNB_02809	2506671681
OG0000062	BBLLADNB_02808	2506671682
OG0000063	BBLLADNB_03591, BBLLADNB_01762	2506671998
OG0000064	BBLLADNB_01223	2506672110
OG0000070	BBLLADNB_01895, BBLLADNB_03107, BBLLADNB_03662	2506669473
OG0000071	BBLLADNB_02913, BBLLADNB_00262	2506669715
OG0000072	BBLLADNB_00868	2506669890, 2506670264, 2506671772, 2506672649, 2506672139, 2506672140
OG0000073	BBLLADNB_01613	2506670424
OG0000074	BBLLADNB_03003, BBLLADNB_02243, BBLLADNB_00364	2506670535
OG0000075	BBLLADNB_01834, BBLLADNB_00307	2506671037
OG0000076	BBLLADNB_00340, BBLLADNB_00652	2506671192
OG0000077	BBLLADNB_00643, BBLLADNB_02286, BBLLADNB_01199	2506671333
OG0000078	BBLLADNB_00755, BBLLADNB_00766	2506672555
OG0000083	BBLLADNB_02141, BBLLADNB_02028	2506669363
OG0000084	BBLLADNB_02835, BBLLADNB_03705	2506669453
OG0000085	BBLLADNB_03162, BBLLADNB_00836	2506670680, 2506669844, 2506672009, 2506670512
OG0000086	BBLLADNB_00235	2506670073
OG0000087	BBLLADNB_02085, BBLLADNB_01215	2506670733
OG0000088	BBLLADNB_01048	2506670846
OG0000089	BBLLADNB_03117	2506671139, 2506672340
OG0000090	BBLLADNB_03364	2506671405
OG0000091	BBLLADNB_01733	2506671584
OG0000092	BBLLADNB_03648	2506671585
OG0000093	BBLLADNB_03580	2506671694
OG0000094	BBLLADNB_03381	2506671704
OG0000095	BBLLADNB_02570, BBLLADNB_03727	2506672094
OG0000105	BBLLADNB_02590	2506669406
OG0000107	BBLLADNB_01277	2506672742
OG0000107	BBLLADNB_01264	2506669667
OG0000108	BBLLADNB_01379	2506670409, 2506671789
OG0000109	BBLLADNB_00650	2506671194, 2506670260
OG0000110	BBLLADNB_00662	2506672177, 2506670273
OG0000111	BBLLADNB_02702	2506670335
OG0000112	BBLLADNB_03151	2506670708, 2506672292, 2506671182, 2506671177
OG0000114	BBLLADNB_03539	2506670903, 2506671111
OG0000115	BBLLADNB_02604, BBLLADNB_02495	2506671458
OG0000116	BBLLADNB_03380	2506671703
OG0000117	BBLLADNB_02316	2506671847
OG0000118	BBLLADNB_02317	2506671848
OG0000120	BBLLADNB_00499, BBLLADNB_03915	2506671964
OG0000121	BBLLADNB_02628	2506672056
OG0000122	BBLLADNB_03668	2506672236
OG0000125	BBLLADNB_02766	2506672745
OG0000137	BBLLADNB_00955	2506669541
OG0000138	BBLLADNB_03919	2506671207, 2506672020, 2506669591, 2506669777, 2506669780
OG0000139	BBLLADNB_03911	2506672151, 2506669722, 2506671150
OG0000140	BBLLADNB_02477	2506672452
OG0000141	BBLLADNB_02017	2506672668, 2506670862, 2506670863, 2506670299
OG0000142	BBLLADNB_03111	2506670485, 2506671500, 2506670869, 2506670370
OG0000144	BBLLADNB_01027	2506672593, 2506670557, 2506672753, 2506670556, 2506672755, 2506672761
OG0000145	BBLLADNB_03085	2506670672
OG0000146	BBLLADNB_03150	2506670709, 2506672293, 2506671176, 2506671181
OG0000147	BBLLADNB_00284	2506670982
OG0000147	BBLLADNB_03268	2506671777
OG0000149	BBLLADNB_02864	2506671610
OG0000152	BBLLADNB_01941	2506672588
OG0000153	BBLLADNB_02453, BBLLADNB_01881	2506672053
OG0000154	BBLLADNB_00384, BBLLADNB_00382	2506672072
OG0000155	BBLLADNB_03037	2506672686, 2506672179, 2506672760, 2506672759
OG0000156	BBLLADNB_01924, BBLLADNB_03806	2506672408
OG0000158	BBLLADNB_00207	2506672604
OG0000159	BBLLADNB_01568	2506672667
OG0000160	BBLLADNB_03038	2506672748, 2506672750, 2506672749, 2506672756
OG0000168	BBLLADNB_02833	2506669361
OG0000169	BBLLADNB_02759	2506669414
OG0000170	BBLLADNB_00809	2506669436
OG0000171	BBLLADNB_00958	2506669544
OG0000173	BBLLADNB_02960	2506669926, 2506670278
OG0000174	BBLLADNB_02040	2506670943, 2506669933, 2506670455
OG0000175	BBLLADNB_00096	2506669948
OG0000176	BBLLADNB_00561	2506669972
OG0000177	BBLLADNB_03332	2506670134
OG0000178	BBLLADNB_01682	2506670311
OG0000179	BBLLADNB_03156	2506670467
OG0000180	BBLLADNB_03608	2506670518
OG0000181	BBLLADNB_03278	2506671062, 2506670586
OG0000182	BBLLADNB_02160	2506672615
OG0000183	BBLLADNB_00862	2506670618
OG0000184	BBLLADNB_00048	2506671136, 2506671853, 2506670786
OG0000185	BBLLADNB_01047	2506670845
OG0000186	BBLLADNB_02879, BBLLADNB_01434	2506670882
OG0000187	BBLLADNB_01653	2506670965
OG0000189	BBLLADNB_01438	2506672433, 2506672434, 2506671101
OG0000192	BBLLADNB_00345	2506672141
OG0000194	BBLLADNB_02109, BBLLADNB_02121	2506671744
OG0000195	BBLLADNB_00824, BBLLADNB_01540	2506671781
OG0000196	BBLLADNB_00584	2506671900
OG0000197	BBLLADNB_02954, BBLLADNB_03025	2506672074
OG0000198	BBLLADNB_02588	2506672085
OG0000199	BBLLADNB_02886	2506672160
OG0000200	BBLLADNB_03629, BBLLADNB_03450	2506672163
OG0000201	BBLLADNB_02539, BBLLADNB_02532	2506672342
OG0000202	BBLLADNB_03829	2506672346
OG0000203	BBLLADNB_00245	2506672356
OG0000205	BBLLADNB_02335, BBLLADNB_01024	2506672462
OG0000206	BBLLADNB_02599	2506672533
OG0000207	BBLLADNB_00982, BBLLADNB_01235	2506672657
OG0000215	BBLLADNB_01004	2506669351, 2506669556
OG0000216	BBLLADNB_01956, BBLLADNB_01006	2506669552, 2506669352
OG0000217	BBLLADNB_02992	2506669357
OG0000218	BBLLADNB_01661	2506669372, 2506670686, 2506670671
OG0000221	BBLLADNB_02758	2506669415
OG0000222	BBLLADNB_00790	2506669480, 2506671335, 2506670389, 2506671739
OG0000223	BBLLADNB_02840	2506669594, 2506669662
OG0000224	BBLLADNB_02431	2506671061
OG0000225	BBLLADNB_03622	2506669653
OG0000226	BBLLADNB_02826, BBLLADNB_02416	2506669655
OG0000228	BBLLADNB_02443	2506669795, 2506669698, 2506669696
OG0000229	BBLLADNB_03149	2506669711
OG0000230	BBLLADNB_03321	2506669736
OG0000231	BBLLADNB_01974, BBLLADNB_01975	2506669816, 2506670344
OG0000232	BBLLADNB_02885	2506669949
OG0000233	BBLLADNB_00696	2506670121
OG0000234	BBLLADNB_02514	2506670175
OG0000235	BBLLADNB_02519, BBLLADNB_00644	2506670180
OG0000236	BBLLADNB_00108	2506670255
OG0000238	BBLLADNB_00576	2506671908, 2506670282
OG0000239	BBLLADNB_00927	2506670292, 2506670333
OG0000240	BBLLADNB_00026	2506672182, 2506670298
OG0000241	BBLLADNB_02387	2506670472
OG0000243	BBLLADNB_02762	2506670598, 2506670591
OG0000244	BBLLADNB_02631	2506670600
OG0000248	BBLLADNB_02209	2506672727, 2506671630, 2506670702
OG0000249	BBLLADNB_01042, BBLLADNB_01046	2506670843
OG0000250	BBLLADNB_03804	2506671016
OG0000251	BBLLADNB_02948	2506671129
OG0000252	BBLLADNB_01847	2506671166
OG0000254	BBLLADNB_00890	2506671250
OG0000255	BBLLADNB_02245	2506671642, 2506671281
OG0000256	BBLLADNB_01910	2506671304
OG0000259	BBLLADNB_01499	2506671393
OG0000260	BBLLADNB_01340	2506672029
OG0000261	BBLLADNB_02533	2506671540
OG0000263	BBLLADNB_03581	2506671695
OG0000264	BBLLADNB_00053	2506672435
OG0000265	BBLLADNB_01531, BBLLADNB_01511	2506671779
OG0000266	BBLLADNB_00072	2506671803
OG0000267	BBLLADNB_01305	2506671862
OG0000268	BBLLADNB_00710	2506671894, 2506671895
OG0000269	BBLLADNB_00583	2506671901
OG0000270	BBLLADNB_00577	2506671907, 2506672651
OG0000271	BBLLADNB_00389, BBLLADNB_00387	2506671983
OG0000272	BBLLADNB_01349	2506672037
OG0000274	BBLLADNB_02589	2506672084
OG0000275	BBLLADNB_03356, BBLLADNB_03164	2506672173
OG0000276	BBLLADNB_03693, BBLLADNB_03774	2506672311
OG0000277	BBLLADNB_02765	2506672539
OG0000278	BBLLADNB_01942, BBLLADNB_03152	2506672580
OG0000279	BBLLADNB_00208	2506672603
OG0000280	BBLLADNB_03544	2506672610
OG0000281	BBLLADNB_02417, BBLLADNB_02827	2506672613
OG0000282	BBLLADNB_01821	2506672642
OG0000283	BBLLADNB_01567	2506672664
OG0000284	BBLLADNB_03089, BBLLADNB_03749	2506672712
OG0000285	BBLLADNB_03750, BBLLADNB_03653	2506672713
OG0000311	BBLLADNB_01667	2506669368
OG0000312	BBLLADNB_01659	2506669374
OG0000313	BBLLADNB_02137, BBLLADNB_03848	2506669423
OG0000314	BBLLADNB_02144	2506669429, 2506669563
OG0000316	BBLLADNB_03772, BBLLADNB_03263	2506669439
OG0000317	BBLLADNB_03262, BBLLADNB_03773	2506669440
OG0000318	BBLLADNB_00430	2506669461, 2506669906
OG0000319	BBLLADNB_01225	2506672113, 2506669478
OG0000321	BBLLADNB_00610	2506669513
OG0000322	BBLLADNB_00612	2506669514
OG0000323	BBLLADNB_02561	2506669525
OG0000324	BBLLADNB_02558, BBLLADNB_02011	2506669528
OG0000326	BBLLADNB_03838	2506669560
OG0000327	BBLLADNB_02127	2506669566, 2506671222
OG0000328	BBLLADNB_02124	2506669569
OG0000329	BBLLADNB_00069	2506671806, 2506669590
OG0000330	BBLLADNB_02798	2506669631
OG0000331	BBLLADNB_02799	2506669633, 2506669632
OG0000332	BBLLADNB_01012	2506669641
OG0000333	BBLLADNB_03640	2506669650
OG0000334	BBLLADNB_03641	2506669651
OG0000335	BBLLADNB_00818	2506672528, 2506669661
OG0000336	BBLLADNB_02724	2506670020, 2506669669
OG0000337	BBLLADNB_03238	2506671217, 2506669679
OG0000338	BBLLADNB_00052	2506669685
OG0000339	BBLLADNB_01296	2506669692
OG0000340	BBLLADNB_01295	2506671560, 2506669695
OG0000341	BBLLADNB_03912	2506669721
OG0000343	BBLLADNB_03424	2506669747
OG0000344	BBLLADNB_03552	2506669767
OG0000345	BBLLADNB_02787	2506669775
OG0000346	BBLLADNB_02154	2506669783
OG0000347	BBLLADNB_00929	2506669803
OG0000348	BBLLADNB_02161	2506669814
OG0000349	BBLLADNB_01354	2506669827
OG0000350	BBLLADNB_02806	2506669873
OG0000351	BBLLADNB_01465	2506669874, 2506671643
OG0000352	BBLLADNB_01896	2506669880
OG0000353	BBLLADNB_00864	2506669887
OG0000354	BBLLADNB_00866	2506669888
OG0000355	BBLLADNB_00867	2506669889
OG0000357	BBLLADNB_03638	2506670539, 2506670844
OG0000357	BBLLADNB_01725	2506669939
OG0000358	BBLLADNB_02412	2506670918, 2506669942
OG0000359	BBLLADNB_00385	2506669963
OG0000360	BBLLADNB_00562	2506669964
OG0000361	BBLLADNB_03673	2506669999
OG0000362	BBLLADNB_03674	2506670000
OG0000363	BBLLADNB_03675	2506670001
OG0000364	BBLLADNB_03724	2506670002
OG0000365	BBLLADNB_02976	2506670025
OG0000366	BBLLADNB_02107, BBLLADNB_02000	2506670030
OG0000367	BBLLADNB_02642	2506672573, 2506670044
OG0000368	BBLLADNB_02640	2506670045, 2506671484
OG0000369	BBLLADNB_02639	2506670046
OG0000370	BBLLADNB_00021	2506670050
OG0000371	BBLLADNB_01328	2506670054
OG0000372	BBLLADNB_00754, BBLLADNB_00239	2506670077
OG0000373	BBLLADNB_01866, BBLLADNB_03301	2506670083
OG0000374	BBLLADNB_03845	2506670095
OG0000375	BBLLADNB_02502	2506670107
OG0000376	BBLLADNB_00693	2506670118
OG0000377	BBLLADNB_00694	2506670119
OG0000378	BBLLADNB_00695	2506670120
OG0000379	BBLLADNB_00697	2506670122
OG0000380	BBLLADNB_02511	2506670172
OG0000381	BBLLADNB_02518	2506670179
OG0000382	BBLLADNB_02520	2506670181
OG0000383	BBLLADNB_02521	2506670182
OG0000384	BBLLADNB_02896	2506670191
OG0000385	BBLLADNB_02032	2506670197, 2506672417
OG0000386	BBLLADNB_02748	2506670209
OG0000387	BBLLADNB_02947	2506670215, 2506670351
OG0000388	BBLLADNB_02768	2506670238
OG0000389	BBLLADNB_02769	2506670239
OG0000390	BBLLADNB_01617	2506670261
OG0000391	BBLLADNB_00302	2506670265
OG0000392	BBLLADNB_01479	2506670274
OG0000394	BBLLADNB_01532	2506670322
OG0000395	BBLLADNB_03371	2506670327
OG0000396	BBLLADNB_03646	2506670336, 2506670525
OG0000397	BBLLADNB_02767	2506670371
OG0000398	BBLLADNB_02463	2506670381
OG0000399	BBLLADNB_02644	2506670397
OG0000400	BBLLADNB_03470	2506670427
OG0000401	BBLLADNB_03469	2506670428
OG0000402	BBLLADNB_03468	2506670429
OG0000403	BBLLADNB_03467	2506670431
OG0000404	BBLLADNB_01699	2506672688
OG0000405	BBLLADNB_01087, BBLLADNB_03189	2506670444
OG0000406	BBLLADNB_03157	2506670468
OG0000407	BBLLADNB_02389	2506670470
OG0000408	BBLLADNB_02384	2506670475
OG0000409	BBLLADNB_02383	2506670476
OG0000410	BBLLADNB_03116	2506670479
OG0000411	BBLLADNB_03114	2506670481
OG0000412	BBLLADNB_03113	2506670483
OG0000413	BBLLADNB_03112	2506670484
OG0000414	BBLLADNB_03109	2506670487
OG0000416	BBLLADNB_03609, BBLLADNB_02451	2506670517
OG0000417	BBLLADNB_03073	2506671548, 2506670521
OG0000418	BBLLADNB_01026	2506672594, 2506670555
OG0000419	BBLLADNB_00588, BBLLADNB_03486	2506670562
OG0000420	BBLLADNB_00721	2506670568
OG0000421	BBLLADNB_00734	2506670581
OG0000422	BBLLADNB_01710, BBLLADNB_00479	2506670583
OG0000423	BBLLADNB_02129	2506670587, 2506671180
OG0000424	BBLLADNB_02763	2506670592
OG0000425	BBLLADNB_02634	2506670605, 2506672362
OG0000426	BBLLADNB_01766	2506670609
OG0000427	BBLLADNB_03730	2506670622
OG0000428	BBLLADNB_03731	2506670624
OG0000429	BBLLADNB_03732	2506670625
OG0000430	BBLLADNB_02908	2506670639
OG0000431	BBLLADNB_00854	2506670646
OG0000432	BBLLADNB_00849, BBLLADNB_02009	2506670659
OG0000433	BBLLADNB_02012	2506670720
OG0000434	BBLLADNB_02531	2506670736
OG0000435	BBLLADNB_00095	2506670739
OG0000436	BBLLADNB_00080	2506670752
OG0000437	BBLLADNB_01784, BBLLADNB_00079	2506670753
OG0000438	BBLLADNB_00078, BBLLADNB_01783	2506670754
OG0000439	BBLLADNB_03737	2506670792
OG0000440	BBLLADNB_02803	2506672503, 2506670820
OG0000441	BBLLADNB_01232	2506670878
OG0000442	BBLLADNB_02882	2506670885
OG0000443	BBLLADNB_00660	2506670900
OG0000444	BBLLADNB_00390	2506671982
OG0000445	BBLLADNB_01437	2506670966
OG0000446	BBLLADNB_02773	2506670973
OG0000447	BBLLADNB_02950	2506670978
OG0000448	BBLLADNB_00104	2506670988
OG0000449	BBLLADNB_03567	2506671015
OG0000450	BBLLADNB_03298	2506671041
OG0000452	BBLLADNB_03244	2506671090
OG0000453	BBLLADNB_01119	2506671095
OG0000454	BBLLADNB_01120	2506671096
OG0000455	BBLLADNB_03241	2506671099
OG0000456	BBLLADNB_01439	2506671100
OG0000458	BBLLADNB_03535	2506671105, 2506672481
OG0000459	BBLLADNB_00425	2506671106
OG0000460	BBLLADNB_00189	2506671568, 2506671140
OG0000461	BBLLADNB_02682	2506671148
OG0000462	BBLLADNB_02424	2506671167, 2506671386
OG0000463	BBLLADNB_01789	2506671172
OG0000464	BBLLADNB_01113	2506672064, 2506671219
OG0000465	BBLLADNB_00402	2506671233
OG0000466	BBLLADNB_00881	2506671260
OG0000467	BBLLADNB_03131	2506671265
OG0000468	BBLLADNB_03133	2506671267
OG0000469	BBLLADNB_02791	2506671273
OG0000470	BBLLADNB_03559	2506671275
OG0000471	BBLLADNB_02244	2506671641, 2506671280
OG0000472	BBLLADNB_02813	2506671286
OG0000473	BBLLADNB_01938	2506671311
OG0000474	BBLLADNB_02693	2506671418
OG0000475	BBLLADNB_02944, BBLLADNB_02534	2506671432
OG0000476	BBLLADNB_00716	2506671447, 2506671887
OG0000477	BBLLADNB_00089	2506671454
OG0000478	BBLLADNB_00090	2506671455
OG0000479	BBLLADNB_03034	2506672178, 2506671460
OG0000480	BBLLADNB_02551	2506671477
OG0000481	BBLLADNB_02552	2506671479
OG0000482	BBLLADNB_02641	2506671485
OG0000483	BBLLADNB_00690	2506671533, 2506671795
OG0000484	BBLLADNB_00691	2506671534, 2506671799
OG0000485	BBLLADNB_00692	2506671535
OG0000486	BBLLADNB_03449, BBLLADNB_00097	2506671579
OG0000487	BBLLADNB_01320	2506671649
OG0000489	BBLLADNB_00413	2506671678, 2506672415
OG0000490	BBLLADNB_03346	2506671687
OG0000491	BBLLADNB_03345	2506671688
OG0000492	BBLLADNB_03344	2506671689
OG0000493	BBLLADNB_03343	2506671690
OG0000494	BBLLADNB_01775	2506671721
OG0000495	BBLLADNB_03208	2506671740
OG0000497	BBLLADNB_00935	2506671791
OG0000498	BBLLADNB_02867	2506671796
OG0000499	BBLLADNB_03560	2506671812
OG0000500	BBLLADNB_03832	2506671823
OG0000501	BBLLADNB_01157	2506671824
OG0000502	BBLLADNB_00101	2506671845
OG0000503	BBLLADNB_03293	2506671850
OG0000504	BBLLADNB_03295	2506671852
OG0000505	BBLLADNB_03864	2506671857, 2506672347
OG0000506	BBLLADNB_01306	2506671863
OG0000507	BBLLADNB_01311	2506671874
OG0000508	BBLLADNB_01312	2506671875
OG0000509	BBLLADNB_01313	2506671876
OG0000510	BBLLADNB_01314	2506671877
OG0000511	BBLLADNB_01216	2506671888
OG0000512	BBLLADNB_00582	2506671902
OG0000513	BBLLADNB_00581	2506671903
OG0000514	BBLLADNB_00580	2506671904
OG0000515	BBLLADNB_00579	2506671905
OG0000516	BBLLADNB_00578	2506671906
OG0000517	BBLLADNB_00575	2506671909
OG0000518	BBLLADNB_00574	2506671910
OG0000519	BBLLADNB_00573	2506671911
OG0000520	BBLLADNB_00572	2506671912
OG0000521	BBLLADNB_01926	2506671933
OG0000522	BBLLADNB_02256	2506671940
OG0000523	BBLLADNB_02255	2506671941
OG0000524	BBLLADNB_02254	2506671942
OG0000525	BBLLADNB_02253	2506671943
OG0000526	BBLLADNB_02252	2506671944
OG0000527	BBLLADNB_02251	2506671945
OG0000528	BBLLADNB_02250	2506671946
OG0000530	BBLLADNB_02488, BBLLADNB_00495	2506671967
OG0000531	BBLLADNB_00493	2506671969
OG0000532	BBLLADNB_02493	2506671990
OG0000533	BBLLADNB_02494, BBLLADNB_03503	2506671994
OG0000534	BBLLADNB_03093	2506672004
OG0000535	BBLLADNB_01338	2506672035
OG0000536	BBLLADNB_03851	2506672059
OG0000538	BBLLADNB_03894	2506672070
OG0000539	BBLLADNB_03800	2506672176
OG0000540	BBLLADNB_00030	2506672184
OG0000541	BBLLADNB_00032	2506672186
OG0000542	BBLLADNB_00524	2506672223
OG0000543	BBLLADNB_00527	2506672226
OG0000544	BBLLADNB_00530, BBLLADNB_02832	2506672229
OG0000545	BBLLADNB_00945	2506672248
OG0000546	BBLLADNB_00949	2506672252
OG0000547	BBLLADNB_00950	2506672253
OG0000548	BBLLADNB_01646	2506672284, 2506672711
OG0000549	BBLLADNB_03695	2506672289
OG0000550	BBLLADNB_03694	2506672290
OG0000551	BBLLADNB_01873	2506672312
OG0000552	BBLLADNB_00738	2506672334
OG0000553	BBLLADNB_00739	2506672335
OG0000554	BBLLADNB_03576	2506672337
OG0000555	BBLLADNB_03575	2506672338
OG0000556	BBLLADNB_03040	2506672351
OG0000557	BBLLADNB_02635	2506672363
OG0000558	BBLLADNB_03683	2506672370
OG0000559	BBLLADNB_03684	2506672371
OG0000560	BBLLADNB_01917	2506672401
OG0000561	BBLLADNB_01141	2506672426
OG0000562	BBLLADNB_03557	2506672443
OG0000563	BBLLADNB_01859, BBLLADNB_00401	2506672458
OG0000564	BBLLADNB_00400, BBLLADNB_01860	2506672459
OG0000565	BBLLADNB_00508	2506672484
OG0000566	BBLLADNB_00509	2506672485
OG0000567	BBLLADNB_01729	2506672518
OG0000568	BBLLADNB_00257	2506672544
OG0000569	BBLLADNB_03472, BBLLADNB_00636	2506672549
OG0000570	BBLLADNB_00297	2506672557
OG0000571	BBLLADNB_03691	2506672564
OG0000572	BBLLADNB_01940	2506672589
OG0000573	BBLLADNB_00448	2506672600
OG0000574	BBLLADNB_02609	2506672658
OG0000575	BBLLADNB_02091	2506672694
OG0000576	BBLLADNB_01478	2506672696
OG0000603	BBLLADNB_02990	2506669355
OG0000604	BBLLADNB_02991	2506669356
OG0000605	BBLLADNB_01663	2506669370
OG0000606	BBLLADNB_01662	2506669371
OG0000607	BBLLADNB_01660	2506669373
OG0000608	BBLLADNB_01658	2506669375
OG0000609	BBLLADNB_01657	2506669376
OG0000610	BBLLADNB_01656	2506669377
OG0000611	BBLLADNB_01655	2506669378
OG0000612	BBLLADNB_02872	2506669380
OG0000613	BBLLADNB_02871	2506669381
OG0000614	BBLLADNB_02870	2506669382
OG0000615	BBLLADNB_03119	2506669385
OG0000616	BBLLADNB_03120	2506669386
OG0000617	BBLLADNB_00024	2506669393
OG0000618	BBLLADNB_03421	2506669397
OG0000619	BBLLADNB_03422	2506669398
OG0000620	BBLLADNB_03423	2506669399
OG0000621	BBLLADNB_03696	2506669400
OG0000622	BBLLADNB_02152	2506669407
OG0000623	BBLLADNB_02761	2506669412
OG0000624	BBLLADNB_02760	2506669413
OG0000625	BBLLADNB_02756	2506669418
OG0000626	BBLLADNB_02755	2506669419
OG0000627	BBLLADNB_02754	2506669420
OG0000628	BBLLADNB_03846	2506669421
OG0000629	BBLLADNB_03847	2506669422
OG0000630	BBLLADNB_02138	2506669424
OG0000631	BBLLADNB_02139	2506669425
OG0000632	BBLLADNB_02140	2506669426
OG0000633	BBLLADNB_02142	2506669427
OG0000634	BBLLADNB_02143	2506669428
OG0000635	BBLLADNB_02145	2506669430
OG0000636	BBLLADNB_03124	2506669431
OG0000637	BBLLADNB_03264	2506669433
OG0000638	BBLLADNB_03260	2506669447
OG0000639	BBLLADNB_00437	2506669448
OG0000640	BBLLADNB_00436	2506669450
OG0000641	BBLLADNB_00435	2506669451
OG0000642	BBLLADNB_00434	2506669456
OG0000643	BBLLADNB_00431	2506669460
OG0000644	BBLLADNB_01706	2506669463
OG0000645	BBLLADNB_01705	2506669464
OG0000646	BBLLADNB_01704	2506669465
OG0000647	BBLLADNB_01703	2506669466
OG0000648	BBLLADNB_01702	2506669467
OG0000649	BBLLADNB_01701	2506669468
OG0000650	BBLLADNB_01700	2506669469
OG0000651	BBLLADNB_01123	2506669474, 2506671624
OG0000652	BBLLADNB_01126	2506669483, 2506670994
OG0000653	BBLLADNB_00591	2506669491
OG0000654	BBLLADNB_00592	2506669492
OG0000655	BBLLADNB_00595	2506669496
OG0000656	BBLLADNB_00596	2506669497
OG0000657	BBLLADNB_00597	2506669498
OG0000658	BBLLADNB_00795	2506669500
OG0000659	BBLLADNB_03420	2506669504
OG0000660	BBLLADNB_03419	2506669505
OG0000661	BBLLADNB_01300	2506669508
OG0000662	BBLLADNB_00609	2506669511
OG0000663	BBLLADNB_00613	2506669515
OG0000664	BBLLADNB_00614	2506669516
OG0000665	BBLLADNB_00615	2506669517
OG0000666	BBLLADNB_02562	2506669524
OG0000667	BBLLADNB_02560	2506669526
OG0000668	BBLLADNB_02557	2506669529
OG0000669	BBLLADNB_00198	2506669531
OG0000670	BBLLADNB_03818, BBLLADNB_00607	2506669533
OG0000671	BBLLADNB_03678	2506669539
OG0000672	BBLLADNB_03679	2506669546
OG0000673	BBLLADNB_01005	2506669553
OG0000674	BBLLADNB_01003	2506669557
OG0000675	BBLLADNB_01002	2506669558
OG0000676	BBLLADNB_02126	2506669567
OG0000677	BBLLADNB_02125	2506669568
OG0000678	BBLLADNB_03759	2506669570
OG0000679	BBLLADNB_03758	2506669571
OG0000680	BBLLADNB_03757	2506669572
OG0000681	BBLLADNB_03756	2506669573
OG0000682	BBLLADNB_03755	2506669574
OG0000683	BBLLADNB_02841	2506669576, 2506669593
OG0000684	BBLLADNB_02025	2506669596, 2506669577
OG0000685	BBLLADNB_02024	2506669579, 2506669597
OG0000686	BBLLADNB_02023	2506669580, 2506669598
OG0000688	BBLLADNB_02022	2506669599, 2506669584
OG0000689	BBLLADNB_03890	2506669601
OG0000690	BBLLADNB_03891	2506669602
OG0000691	BBLLADNB_02842	2506669619
OG0000692	BBLLADNB_02793	2506669627
OG0000693	BBLLADNB_02796	2506669629
OG0000694	BBLLADNB_02797	2506669630
OG0000695	BBLLADNB_02800	2506669634
OG0000696	BBLLADNB_01355	2506669638
OG0000697	BBLLADNB_00765	2506669639
OG0000698	BBLLADNB_01011	2506669640
OG0000699	BBLLADNB_01014	2506669643
OG0000700	BBLLADNB_01638	2506669645
OG0000701	BBLLADNB_02101	2506669649
OG0000702	BBLLADNB_02988	2506671307, 2506670589, 2506669660
OG0000703	BBLLADNB_03239	2506669678
OG0000704	BBLLADNB_03237	2506669680
OG0000705	BBLLADNB_03236	2506669681
OG0000706	BBLLADNB_00054	2506669682
OG0000707	BBLLADNB_00051	2506669686
OG0000708	BBLLADNB_00049	2506669689
OG0000709	BBLLADNB_02498	2506669691
OG0000710	BBLLADNB_01297	2506669693
OG0000712	BBLLADNB_01075	2506669707
OG0000713	BBLLADNB_01076	2506669708
OG0000714	BBLLADNB_03147	2506669709
OG0000715	BBLLADNB_03148	2506669710
OG0000716	BBLLADNB_02199	2506669718
OG0000717	BBLLADNB_02196	2506669720
OG0000720	BBLLADNB_01471	2506669729
OG0000721	BBLLADNB_01472	2506669730
OG0000722	BBLLADNB_01473	2506669731
OG0000723	BBLLADNB_01474	2506669732
OG0000724	BBLLADNB_01475	2506669733
OG0000725	BBLLADNB_01476	2506669734
OG0000726	BBLLADNB_03322	2506669738
OG0000727	BBLLADNB_03323	2506669739
OG0000728	BBLLADNB_03324	2506669740
OG0000729	BBLLADNB_03325	2506669741
OG0000730	BBLLADNB_03326	2506669742
OG0000731	BBLLADNB_03327	2506669743
OG0000732	BBLLADNB_03330	2506669745
OG0000733	BBLLADNB_03425	2506669746
OG0000735	BBLLADNB_03570	2506669755
OG0000736	BBLLADNB_03569	2506669756
OG0000737	BBLLADNB_03568	2506669758
OG0000738	BBLLADNB_03566	2506669761
OG0000739	BBLLADNB_03193	2506669762
OG0000740	BBLLADNB_01650	2506669763
OG0000741	BBLLADNB_01649	2506669765
OG0000742	BBLLADNB_01976	2506669766
OG0000743	BBLLADNB_02781	2506669769
OG0000744	BBLLADNB_02782	2506669770
OG0000745	BBLLADNB_02783	2506669771
OG0000746	BBLLADNB_02784	2506669772
OG0000747	BBLLADNB_02785	2506669773
OG0000748	BBLLADNB_02786	2506669774
OG0000749	BBLLADNB_02788	2506669776
OG0000751	BBLLADNB_00419	2506669782
OG0000752	BBLLADNB_02155	2506669784
OG0000753	BBLLADNB_01406	2506669786
OG0000754	BBLLADNB_00806	2506669791
OG0000755	BBLLADNB_00807	2506672095
OG0000755	BBLLADNB_03145	2506669793
OG0000756	BBLLADNB_03146	2506669794
OG0000757	BBLLADNB_01982	2506669796
OG0000758	BBLLADNB_01794	2506669799
OG0000759	BBLLADNB_01793	2506669800
OG0000760	BBLLADNB_01792	2506669801
OG0000761	BBLLADNB_00925	2506669809
OG0000762	BBLLADNB_00924	2506669810
OG0000763	BBLLADNB_00923	2506669811
OG0000764	BBLLADNB_01973	2506669817
OG0000765	BBLLADNB_01972	2506669818
OG0000766	BBLLADNB_01971	2506669819
OG0000767	BBLLADNB_01970	2506669820
OG0000768	BBLLADNB_02779	2506669821
OG0000769	BBLLADNB_02778	2506669822
OG0000770	BBLLADNB_02777	2506669823
OG0000771	BBLLADNB_01352	2506669824
OG0000772	BBLLADNB_01353	2506669825
OG0000773	BBLLADNB_00872	2506669857
OG0000774	BBLLADNB_00873	2506669858
OG0000775	BBLLADNB_00859	2506669860
OG0000776	BBLLADNB_00858	2506669861
OG0000777	BBLLADNB_00875	2506669867
OG0000778	BBLLADNB_00876	2506669868
OG0000779	BBLLADNB_00877	2506669869
OG0000780	BBLLADNB_00878	2506669870
OG0000781	BBLLADNB_01466	2506669875
OG0000782	BBLLADNB_01467	2506669876
OG0000783	BBLLADNB_01469	2506669878
OG0000784	BBLLADNB_01470	2506669885
OG0000785	BBLLADNB_00017	2506672202, 2506669895, 2506669953
OG0000786	BBLLADNB_00301	2506669919
OG0000787	BBLLADNB_02432	2506669922
OG0000788	BBLLADNB_01623	2506669934
OG0000789	BBLLADNB_01862	2506669937
OG0000790	BBLLADNB_03096	2506669940
OG0000791	BBLLADNB_03097	2506669941
OG0000792	BBLLADNB_01857	2506669943
OG0000793	BBLLADNB_01433	2506669946
OG0000795	BBLLADNB_00126	2506669959
OG0000796	BBLLADNB_03887	2506669960
OG0000798	BBLLADNB_02968	2506669977
OG0000799	BBLLADNB_02970	2506669982
OG0000800	BBLLADNB_02971	2506669983
OG0000801	BBLLADNB_02972	2506669984
OG0000802	BBLLADNB_00001	2506669989
OG0000803	BBLLADNB_00002	2506669990
OG0000804	BBLLADNB_00003	2506669991
OG0000805	BBLLADNB_00004	2506669992
OG0000806	BBLLADNB_00005	2506669993
OG0000807	BBLLADNB_00006	2506669994
OG0000808	BBLLADNB_00007	2506669995
OG0000809	BBLLADNB_00008	2506669996
OG0000810	BBLLADNB_03723	2506670003
OG0000811	BBLLADNB_03722	2506670004
OG0000812	BBLLADNB_03201	2506670006
OG0000813	BBLLADNB_03200	2506670007
OG0000814	BBLLADNB_01432	2506670014
OG0000815	BBLLADNB_02728	2506670018
OG0000816	BBLLADNB_02725	2506670019
OG0000817	BBLLADNB_02723	2506670021
OG0000818	BBLLADNB_02973	2506670022
OG0000819	BBLLADNB_02974	2506670023
OG0000820	BBLLADNB_02975	2506670024
OG0000821	BBLLADNB_02977	2506670027
OG0000822	BBLLADNB_02978	2506670028
OG0000823	BBLLADNB_02108	2506670029
OG0000824	BBLLADNB_02106	2506670031
OG0000825	BBLLADNB_02105	2506670032
OG0000826	BBLLADNB_02104	2506670033
OG0000827	BBLLADNB_02103	2506670034
OG0000828	BBLLADNB_02643	2506670043
OG0000829	BBLLADNB_01212	2506670048
OG0000830	BBLLADNB_01211	2506670049
OG0000831	BBLLADNB_00022	2506670051
OG0000832	BBLLADNB_01330	2506670052
OG0000833	BBLLADNB_00214	2506670062
OG0000834	BBLLADNB_00225	2506670063
OG0000835	BBLLADNB_00228	2506670066
OG0000836	BBLLADNB_00231	2506670069
OG0000837	BBLLADNB_00233	2506671297, 2506670071
OG0000838	BBLLADNB_01865	2506670084
OG0000839	BBLLADNB_01403	2506671234
OG0000840	BBLLADNB_01716	2506670088
OG0000841	BBLLADNB_01714	2506670089
OG0000842	BBLLADNB_03046	2506670091
OG0000843	BBLLADNB_01009	2506670092
OG0000844	BBLLADNB_03836	2506670093
OG0000845	BBLLADNB_00520	2506670099
OG0000846	BBLLADNB_00522	2506670101
OG0000847	BBLLADNB_03628	2506670102
OG0000848	BBLLADNB_02499	2506670105
OG0000849	BBLLADNB_02500	2506670106
OG0000850	BBLLADNB_02503	2506670108
OG0000851	BBLLADNB_02507	2506670110
OG0000852	BBLLADNB_03370	2506670113
OG0000853	BBLLADNB_00698	2506670123
OG0000854	BBLLADNB_03337	2506670130
OG0000855	BBLLADNB_03333	2506670133
OG0000857	BBLLADNB_02585	2506670153
OG0000858	BBLLADNB_01597	2506670158
OG0000859	BBLLADNB_01598	2506670159
OG0000860	BBLLADNB_01600	2506670162
OG0000861	BBLLADNB_01601	2506670163
OG0000862	BBLLADNB_01602	2506670164
OG0000863	BBLLADNB_01603	2506670165
OG0000864	BBLLADNB_01604	2506670166
OG0000865	BBLLADNB_01605	2506670167
OG0000866	BBLLADNB_01606	2506670168
OG0000867	BBLLADNB_01607	2506670169
OG0000868	BBLLADNB_01608	2506670170
OG0000869	BBLLADNB_01609	2506670171
OG0000870	BBLLADNB_02513	2506670174
OG0000871	BBLLADNB_02515	2506670176
OG0000872	BBLLADNB_02517	2506670178
OG0000873	BBLLADNB_02522	2506670183
OG0000874	BBLLADNB_02523	2506670184
OG0000875	BBLLADNB_02524	2506670185
OG0000876	BBLLADNB_02902	2506670186
OG0000877	BBLLADNB_02901	2506670187
OG0000878	BBLLADNB_02900	2506670188
OG0000879	BBLLADNB_02897	2506670190
OG0000880	BBLLADNB_01032	2506670192
OG0000881	BBLLADNB_03058	2506670193
OG0000882	BBLLADNB_01561	2506670194
OG0000883	BBLLADNB_01855	2506670199
OG0000884	BBLLADNB_02466	2506670205
OG0000885	BBLLADNB_02467	2506670206
OG0000886	BBLLADNB_02468	2506670207
OG0000887	BBLLADNB_02469	2506670208
OG0000888	BBLLADNB_02747	2506670210
OG0000889	BBLLADNB_02746	2506670211
OG0000890	BBLLADNB_02738	2506670219
OG0000891	BBLLADNB_02739	2506670220
OG0000892	BBLLADNB_02740	2506670222
OG0000893	BBLLADNB_02742	2506670224
OG0000894	BBLLADNB_00111	2506670252
OG0000895	BBLLADNB_00110	2506670253
OG0000896	BBLLADNB_00109	2506670254
OG0000897	BBLLADNB_00654	2506671190, 2506670258
OG0000898	BBLLADNB_01214, BBLLADNB_02191	2506670267
OG0000899	BBLLADNB_02093	2506670269
OG0000900	BBLLADNB_02776	2506670271
OG0000901	BBLLADNB_03033	2506670272
OG0000902	BBLLADNB_03763	2506670318
OG0000903	BBLLADNB_01116	2506670343
OG0000905	BBLLADNB_03762	2506670368
OG0000906	BBLLADNB_03300	2506670383
OG0000907	BBLLADNB_01836	2506670391
OG0000910	BBLLADNB_01384	2506670403
OG0000911	BBLLADNB_01383	2506670404
OG0000912	BBLLADNB_01382	2506670405
OG0000913	BBLLADNB_01380	2506670408
OG0000914	BBLLADNB_01377	2506670410
OG0000915	BBLLADNB_01376	2506670411
OG0000916	BBLLADNB_01375	2506670412
OG0000917	BBLLADNB_01374	2506670413
OG0000918	BBLLADNB_01373	2506670414
OG0000919	BBLLADNB_01372	2506670415
OG0000920	BBLLADNB_01322	2506670418
OG0000921	BBLLADNB_01321	2506670419
OG0000923	BBLLADNB_03471	2506670426
OG0000924	BBLLADNB_01969	2506670432
OG0000925	BBLLADNB_01885	2506670433
OG0000926	BBLLADNB_01077	2506670434
OG0000927	BBLLADNB_01078	2506670436
OG0000928	BBLLADNB_01079	2506670437
OG0000929	BBLLADNB_01081	2506670438
OG0000930	BBLLADNB_01082	2506670439
OG0000931	BBLLADNB_01083	2506670440
OG0000932	BBLLADNB_01084	2506670441
OG0000933	BBLLADNB_01085	2506670442
OG0000934	BBLLADNB_01086	2506670443
OG0000935	BBLLADNB_01088	2506670445
OG0000936	BBLLADNB_01089	2506670446
OG0000937	BBLLADNB_01090	2506670447
OG0000938	BBLLADNB_01091	2506670448
OG0000939	BBLLADNB_01092	2506670449
OG0000940	BBLLADNB_01093	2506670453
OG0000941	BBLLADNB_01094	2506670454
OG0000942	BBLLADNB_01759	2506670456
OG0000943	BBLLADNB_01758	2506670457
OG0000944	BBLLADNB_01757	2506670458
OG0000945	BBLLADNB_01756	2506670459
OG0000946	BBLLADNB_01755	2506670460
OG0000947	BBLLADNB_01754	2506670461
OG0000948	BBLLADNB_01753	2506670462
OG0000949	BBLLADNB_01752	2506670463
OG0000950	BBLLADNB_01751	2506670464
OG0000951	BBLLADNB_03154	2506670465
OG0000952	BBLLADNB_02388	2506670471
OG0000953	BBLLADNB_02382	2506670477
OG0000954	BBLLADNB_02381	2506670478
OG0000955	BBLLADNB_03110	2506670486
OG0000956	BBLLADNB_03787	2506670501
OG0000957	BBLLADNB_03764	2506670504
OG0000958	BBLLADNB_00602	2506670505
OG0000959	BBLLADNB_00937	2506670563, 2506670508
OG0000960	BBLLADNB_03676	2506670524
OG0000961	BBLLADNB_00064	2506670526
OG0000962	BBLLADNB_00063	2506670527
OG0000963	BBLLADNB_00062	2506670528
OG0000964	BBLLADNB_00061	2506670529
OG0000965	BBLLADNB_01018	2506670532
OG0000966	BBLLADNB_01020	2506670533
OG0000967	BBLLADNB_01021	2506670534
OG0000968	BBLLADNB_01994	2506670546
OG0000969	BBLLADNB_01025	2506670554
OG0000970	BBLLADNB_03489	2506670558
OG0000971	BBLLADNB_03487	2506670561
OG0000972	BBLLADNB_00717	2506670564
OG0000973	BBLLADNB_00718	2506670565
OG0000974	BBLLADNB_00719	2506670566
OG0000975	BBLLADNB_00720	2506670567
OG0000976	BBLLADNB_00722	2506670569
OG0000977	BBLLADNB_00723	2506670570
OG0000978	BBLLADNB_00724	2506670571
OG0000979	BBLLADNB_00725	2506670572
OG0000980	BBLLADNB_00726	2506670573
OG0000981	BBLLADNB_00727	2506670574
OG0000982	BBLLADNB_00728	2506670575
OG0000983	BBLLADNB_00729	2506670576
OG0000984	BBLLADNB_00730	2506670577
OG0000985	BBLLADNB_00731	2506670578
OG0000986	BBLLADNB_00732	2506670579
OG0000987	BBLLADNB_00733	2506670580
OG0000988	BBLLADNB_01709	2506670584
OG0000989	BBLLADNB_03175	2506670601
OG0000990	BBLLADNB_02218	2506670613, 2506671726
OG0000991	BBLLADNB_03523	2506672427, 2506670615
OG0000992	BBLLADNB_03521	2506670617
OG0000993	BBLLADNB_03733	2506670626
OG0000995	BBLLADNB_02903	2506670634
OG0000996	BBLLADNB_02904	2506670635
OG0000997	BBLLADNB_02905	2506670636
OG0000998	BBLLADNB_02906	2506670637
OG0000999	BBLLADNB_02907	2506670638
OG0001000	BBLLADNB_00857	2506670643
OG0001001	BBLLADNB_00856	2506670644
OG0001002	BBLLADNB_00855	2506670645
OG0001003	BBLLADNB_00853	2506670648
OG0001004	BBLLADNB_00850	2506670658
OG0001005	BBLLADNB_02421	2506670661
OG0001006	BBLLADNB_00847	2506670665
OG0001007	BBLLADNB_00846	2506670666
OG0001008	BBLLADNB_00845	2506670667
OG0001009	BBLLADNB_00842	2506670674
OG0001010	BBLLADNB_00841	2506670675
OG0001011	BBLLADNB_00840	2506670676
OG0001012	BBLLADNB_00839	2506670678
OG0001013	BBLLADNB_01416	2506670690
OG0001014	BBLLADNB_02694	2506670691
OG0001015	BBLLADNB_02695	2506670692
OG0001016	BBLLADNB_02696	2506670693
OG0001017	BBLLADNB_02697	2506670694
OG0001018	BBLLADNB_02698	2506670699
OG0001019	BBLLADNB_02208	2506670701
OG0001020	BBLLADNB_02015	2506670715
OG0001021	BBLLADNB_02013	2506670718
OG0001022	BBLLADNB_03797	2506670721
OG0001023	BBLLADNB_02100	2506670732
OG0001024	BBLLADNB_00094	2506670740
OG0001025	BBLLADNB_00092	2506670743
OG0001026	BBLLADNB_00091	2506670744
OG0001027	BBLLADNB_00088	2506671453, 2506670745
OG0001028	BBLLADNB_00083	2506670746
OG0001029	BBLLADNB_00082	2506670750
OG0001030	BBLLADNB_00081	2506670751
OG0001031	BBLLADNB_00077	2506670757
OG0001032	BBLLADNB_00076	2506670758
OG0001033	BBLLADNB_00075	2506670759
OG0001034	BBLLADNB_00074	2506670760
OG0001035	BBLLADNB_00073	2506670761
OG0001036	BBLLADNB_01291	2506670766
OG0001037	BBLLADNB_01290	2506670767
OG0001038	BBLLADNB_01289	2506670768
OG0001039	BBLLADNB_01288	2506670769
OG0001040	BBLLADNB_01287	2506670770
OG0001041	BBLLADNB_01286	2506670771
OG0001042	BBLLADNB_01285	2506670772
OG0001043	BBLLADNB_01284	2506670773
OG0001044	BBLLADNB_01282	2506670775
OG0001045	BBLLADNB_01281	2506670776
OG0001046	BBLLADNB_01280	2506670777
OG0001047	BBLLADNB_01279	2506670778
OG0001048	BBLLADNB_01278	2506670779
OG0001049	BBLLADNB_01668	2506670791
OG0001050	BBLLADNB_02555	2506670805
OG0001051	BBLLADNB_02370	2506670815
OG0001052	BBLLADNB_02553	2506670818
OG0001053	BBLLADNB_02446	2506670821
OG0001054	BBLLADNB_00263	2506670824
OG0001055	BBLLADNB_00264	2506670825
OG0001056	BBLLADNB_00265	2506670826
OG0001057	BBLLADNB_00266	2506670827
OG0001058	BBLLADNB_00267	2506670828
OG0001059	BBLLADNB_00268	2506670829
OG0001060	BBLLADNB_00269	2506670830
OG0001061	BBLLADNB_01033	2506670831
OG0001062	BBLLADNB_01034	2506670832
OG0001063	BBLLADNB_01035	2506670833
OG0001064	BBLLADNB_01036	2506670834
OG0001065	BBLLADNB_01037	2506670835
OG0001066	BBLLADNB_01038	2506670836
OG0001067	BBLLADNB_01039	2506670837
OG0001068	BBLLADNB_01040	2506670838
OG0001069	BBLLADNB_01041	2506670839
OG0001070	BBLLADNB_01422	2506670847
OG0001071	BBLLADNB_01421	2506670848
OG0001072	BBLLADNB_01420	2506670849
OG0001073	BBLLADNB_01419	2506670850
OG0001074	BBLLADNB_01418	2506670851
OG0001075	BBLLADNB_01417	2506670852
OG0001076	BBLLADNB_01415	2506670854
OG0001077	BBLLADNB_01877	2506670858
OG0001078	BBLLADNB_01878	2506670859
OG0001079	BBLLADNB_01879	2506670860
OG0001080	BBLLADNB_03554	2506670864
OG0001081	BBLLADNB_01831	2506670870
OG0001082	BBLLADNB_01832	2506670871
OG0001083	BBLLADNB_03711	2506670874
OG0001084	BBLLADNB_01234	2506670876
OG0001085	BBLLADNB_02240	2506670880
OG0001086	BBLLADNB_02880	2506670883
OG0001087	BBLLADNB_02881	2506670884
OG0001088	BBLLADNB_01760	2506670887
OG0001089	BBLLADNB_01015	2506670888
OG0001090	BBLLADNB_00333	2506670894
OG0001091	BBLLADNB_00334	2506670895
OG0001092	BBLLADNB_01370	2506670897
OG0001093	BBLLADNB_01371	2506670898
OG0001094	BBLLADNB_00661	2506670902
OG0001095	BBLLADNB_03253	2506670904
OG0001096	BBLLADNB_03252	2506670905
OG0001097	BBLLADNB_03251	2506670910
OG0001098	BBLLADNB_03250	2506670911
OG0001099	BBLLADNB_03249	2506670912
OG0001100	BBLLADNB_03248	2506670913
OG0001101	BBLLADNB_03247	2506670914
OG0001102	BBLLADNB_02414	2506670916
OG0001103	BBLLADNB_02413	2506670917
OG0001104	BBLLADNB_02410	2506670920
OG0001105	BBLLADNB_02409	2506670921
OG0001106	BBLLADNB_02408	2506670922
OG0001107	BBLLADNB_02407	2506670923
OG0001108	BBLLADNB_02406	2506670924
OG0001109	BBLLADNB_02405	2506670925
OG0001110	BBLLADNB_02655	2506670929
OG0001111	BBLLADNB_02654	2506670930
OG0001112	BBLLADNB_02653	2506670931
OG0001113	BBLLADNB_02652	2506670932
OG0001114	BBLLADNB_02651	2506670933
OG0001115	BBLLADNB_02649	2506670935
OG0001116	BBLLADNB_02648	2506670937
OG0001117	BBLLADNB_02647	2506670938
OG0001118	BBLLADNB_02646	2506670939
OG0001119	BBLLADNB_02039	2506670940
OG0001120	BBLLADNB_02041	2506670944
OG0001121	BBLLADNB_02042	2506670945
OG0001122	BBLLADNB_02043	2506670946
OG0001123	BBLLADNB_00271	2506670957
OG0001124	BBLLADNB_00272	2506670958
OG0001125	BBLLADNB_02812	2506670962
OG0001126	BBLLADNB_02811	2506672129, 2506670963
OG0001127	BBLLADNB_01851	2506671162
OG0001128	BBLLADNB_02774	2506670975
OG0001129	BBLLADNB_02951	2506670979
OG0001130	BBLLADNB_02952	2506670980
OG0001131	BBLLADNB_01155	2506672054, 2506671002
OG0001132	BBLLADNB_03578	2506671017
OG0001133	BBLLADNB_00324	2506671019
OG0001134	BBLLADNB_00323	2506671020
OG0001135	BBLLADNB_00322	2506671021
OG0001136	BBLLADNB_00321	2506671022
OG0001137	BBLLADNB_00320	2506671023
OG0001138	BBLLADNB_00318	2506671025
OG0001139	BBLLADNB_00317	2506671026
OG0001140	BBLLADNB_00316	2506671027
OG0001141	BBLLADNB_00315	2506671028
OG0001142	BBLLADNB_00314	2506671029
OG0001143	BBLLADNB_00313	2506671030
OG0001144	BBLLADNB_00312	2506671031
OG0001145	BBLLADNB_00311	2506671032
OG0001146	BBLLADNB_00310	2506671033
OG0001147	BBLLADNB_00309	2506671034
OG0001148	BBLLADNB_01007	2506671035
OG0001149	BBLLADNB_00308	2506671036
OG0001150	BBLLADNB_03867	2506671038
OG0001151	BBLLADNB_03868	2506671040
OG0001152	BBLLADNB_03803	2506671043
OG0001153	BBLLADNB_03369	2506671044
OG0001154	BBLLADNB_02422	2506671053
OG0001155	BBLLADNB_02274	2506672506, 2506671054
OG0001156	BBLLADNB_02428	2506671058
OG0001157	BBLLADNB_02429	2506671059
OG0001158	BBLLADNB_02430	2506671060
OG0001159	BBLLADNB_00107	2506671084
OG0001160	BBLLADNB_00106	2506671085
OG0001161	BBLLADNB_03245	2506671089
OG0001162	BBLLADNB_03243	2506671091
OG0001163	BBLLADNB_03242	2506671092
OG0001164	BBLLADNB_01356	2506671094
OG0001165	BBLLADNB_01121	2506671097
OG0001166	BBLLADNB_00426	2506671107
OG0001167	BBLLADNB_02683	2506671147
OG0001168	BBLLADNB_02680	2506671151
OG0001169	BBLLADNB_02679	2506671153
OG0001170	BBLLADNB_02678	2506671154
OG0001171	BBLLADNB_02677	2506671155
OG0001172	BBLLADNB_02676	2506671156
OG0001173	BBLLADNB_02674	2506671158
OG0001174	BBLLADNB_01850	2506671163
OG0001175	BBLLADNB_01849	2506671164
OG0001176	BBLLADNB_01848	2506671165
OG0001177	BBLLADNB_01788	2506671171
OG0001178	BBLLADNB_03125	2506671185
OG0001179	BBLLADNB_03083	2506671186, 2506671661
OG0001180	BBLLADNB_03511	2506671197
OG0001181	BBLLADNB_03513	2506671199
OG0001182	BBLLADNB_00403	2506671235
OG0001183	BBLLADNB_00404	2506671236
OG0001184	BBLLADNB_00405	2506671237
OG0001185	BBLLADNB_00406	2506671238
OG0001186	BBLLADNB_00407	2506671239
OG0001188	BBLLADNB_00889	2506671251
OG0001189	BBLLADNB_00888	2506671252
OG0001190	BBLLADNB_00887	2506671253
OG0001191	BBLLADNB_00886	2506671254
OG0001192	BBLLADNB_00885	2506671255
OG0001193	BBLLADNB_00883	2506671258
OG0001194	BBLLADNB_00882	2506671259
OG0001195	BBLLADNB_00880	2506671261
OG0001196	BBLLADNB_00879	2506671262
OG0001197	BBLLADNB_01698	2506671269
OG0001198	BBLLADNB_02241	2506671272
OG0001199	BBLLADNB_02928	2506671276
OG0001200	BBLLADNB_02929	2506671277
OG0001201	BBLLADNB_02930	2506671278
OG0001202	BBLLADNB_02810	2506671282
OG0001203	BBLLADNB_00121	2506671283
OG0001204	BBLLADNB_02814	2506671287
OG0001205	BBLLADNB_02815	2506671288
OG0001206	BBLLADNB_02816	2506671289
OG0001207	BBLLADNB_02817	2506671290
OG0001208	BBLLADNB_02818	2506671291
OG0001209	BBLLADNB_02822	2506671301
OG0001210	BBLLADNB_02823	2506671302
OG0001211	BBLLADNB_01909	2506671303
OG0001212	BBLLADNB_01911	2506671305
OG0001213	BBLLADNB_00415	2506671313
OG0001214	BBLLADNB_00414	2506671314
OG0001215	BBLLADNB_02434	2506671316
OG0001216	BBLLADNB_02435	2506671317
OG0001217	BBLLADNB_00586	2506671318
OG0001218	BBLLADNB_02436	2506671319
OG0001219	BBLLADNB_02437	2506671320
OG0001221	BBLLADNB_02438	2506671323
OG0001222	BBLLADNB_02439	2506671324
OG0001223	BBLLADNB_02440	2506671325
OG0001224	BBLLADNB_02441	2506671326
OG0001225	BBLLADNB_02287	2506671334
OG0001226	BBLLADNB_01697	2506671340
OG0001227	BBLLADNB_01696	2506671341
OG0001228	BBLLADNB_01695	2506671342
OG0001229	BBLLADNB_01694	2506671343
OG0001230	BBLLADNB_01693	2506671344
OG0001231	BBLLADNB_00343	2506671345, 2506671599
OG0001233	BBLLADNB_03902	2506671359
OG0001234	BBLLADNB_03903	2506671360
OG0001235	BBLLADNB_03904	2506671361
OG0001236	BBLLADNB_03861	2506671364
OG0001237	BBLLADNB_03862	2506671365
OG0001238	BBLLADNB_03863	2506671366
OG0001239	BBLLADNB_03031	2506671370
OG0001240	BBLLADNB_03901	2506671371
OG0001241	BBLLADNB_00055	2506671372
OG0001242	BBLLADNB_00056	2506671373
OG0001243	BBLLADNB_00057	2506671374
OG0001244	BBLLADNB_00058	2506671375
OG0001245	BBLLADNB_00373	2506671398
OG0001246	BBLLADNB_00374	2506671399
OG0001247	BBLLADNB_00375	2506671400
OG0001248	BBLLADNB_00376	2506671401
OG0001249	BBLLADNB_00830	2506671419
OG0001250	BBLLADNB_01477	2506671430
OG0001251	BBLLADNB_02945	2506671433
OG0001252	BBLLADNB_03549	2506671434
OG0001253	BBLLADNB_03550	2506671435
OG0001254	BBLLADNB_01393	2506671442
OG0001255	BBLLADNB_00084	2506671449
OG0001256	BBLLADNB_00085	2506671450
OG0001257	BBLLADNB_00086	2506671451
OG0001258	BBLLADNB_00087	2506671452
OG0001259	BBLLADNB_02550	2506671480
OG0001260	BBLLADNB_00223	2506671486
OG0001261	BBLLADNB_00752, BBLLADNB_00647	2506671497
OG0001263	BBLLADNB_02727	2506671541
OG0001265	BBLLADNB_02363	2506671602
OG0001266	BBLLADNB_00606	2506671644
OG0001267	BBLLADNB_01319	2506671651
OG0001268	BBLLADNB_01318	2506671652
OG0001269	BBLLADNB_03271	2506671657
OG0001270	BBLLADNB_03270	2506671658
OG0001271	BBLLADNB_00410	2506671666
OG0001272	BBLLADNB_00411	2506671667
OG0001273	BBLLADNB_00412	2506671677
OG0001275	BBLLADNB_02068	2506671691
OG0001276	BBLLADNB_02130	2506671693
OG0001277	BBLLADNB_01185	2506671707
OG0001278	BBLLADNB_01184	2506671708
OG0001279	BBLLADNB_01183	2506671709
OG0001280	BBLLADNB_01182	2506671710
OG0001281	BBLLADNB_01387	2506671715
OG0001282	BBLLADNB_01386	2506671716
OG0001283	BBLLADNB_01778	2506671718
OG0001284	BBLLADNB_01777	2506671719
OG0001285	BBLLADNB_01776	2506671720
OG0001286	BBLLADNB_01774	2506671722
OG0001287	BBLLADNB_01772	2506671723
OG0001288	BBLLADNB_01771	2506671724
OG0001289	BBLLADNB_02219	2506671725
OG0001290	BBLLADNB_03859	2506671727
OG0001291	BBLLADNB_02215	2506671730
OG0001292	BBLLADNB_03211	2506671738
OG0001293	BBLLADNB_02111	2506671745
OG0001294	BBLLADNB_02953	2506671747
OG0001295	BBLLADNB_01150	2506671751
OG0001296	BBLLADNB_01151	2506671752
OG0001297	BBLLADNB_01152	2506671753
OG0001298	BBLLADNB_01153	2506671754
OG0001299	BBLLADNB_02322	2506671757
OG0001300	BBLLADNB_03465	2506671764
OG0001301	BBLLADNB_00825	2506671783
OG0001302	BBLLADNB_02869	2506671800
OG0001303	BBLLADNB_00834	2506671801
OG0001304	BBLLADNB_00071	2506671804
OG0001305	BBLLADNB_00070	2506671805
OG0001306	BBLLADNB_00068	2506671807
OG0001307	BBLLADNB_00065	2506671809
OG0001308	BBLLADNB_03644	2506671811
OG0001309	BBLLADNB_03170	2506671831
OG0001310	BBLLADNB_03169	2506671832
OG0001311	BBLLADNB_03168	2506671833
OG0001312	BBLLADNB_03167	2506671834
OG0001313	BBLLADNB_03294	2506671851
OG0001314	BBLLADNB_02357	2506671860
OG0001315	BBLLADNB_01303	2506671861
OG0001316	BBLLADNB_01307	2506671864
OG0001317	BBLLADNB_01308	2506671865
OG0001318	BBLLADNB_01309	2506671866
OG0001319	BBLLADNB_03056	2506671870
OG0001320	BBLLADNB_01669	2506671871
OG0001321	BBLLADNB_01310	2506671873
OG0001322	BBLLADNB_03067	2506671882
OG0001323	BBLLADNB_01098	2506671884
OG0001324	BBLLADNB_01097	2506671885
OG0001325	BBLLADNB_01096	2506671886
OG0001326	BBLLADNB_00715	2506671889
OG0001327	BBLLADNB_00713	2506671891
OG0001328	BBLLADNB_00712	2506671892
OG0001329	BBLLADNB_00711	2506671893
OG0001330	BBLLADNB_00709	2506671897
OG0001331	BBLLADNB_00708	2506671898
OG0001332	BBLLADNB_01522	2506671899
OG0001333	BBLLADNB_00429	2506671914
OG0001334	BBLLADNB_00428	2506671915
OG0001335	BBLLADNB_00427	2506671916
OG0001336	BBLLADNB_00423	2506671919
OG0001337	BBLLADNB_00422	2506671920
OG0001338	BBLLADNB_00421	2506671921
OG0001339	BBLLADNB_00420	2506671922
OG0001340	BBLLADNB_00417	2506671924
OG0001341	BBLLADNB_00416	2506671925
OG0001342	BBLLADNB_01931	2506671928
OG0001343	BBLLADNB_01930	2506671929
OG0001344	BBLLADNB_01929	2506671930
OG0001345	BBLLADNB_01928	2506671931
OG0001346	BBLLADNB_01927	2506671932
OG0001347	BBLLADNB_01925	2506671934
OG0001348	BBLLADNB_03741	2506671935
OG0001349	BBLLADNB_02260	2506671936
OG0001350	BBLLADNB_02259	2506671937
OG0001351	BBLLADNB_02258	2506671938
OG0001352	BBLLADNB_02257	2506671939
OG0001353	BBLLADNB_02249	2506671949
OG0001354	BBLLADNB_00506	2506671956
OG0001355	BBLLADNB_00105	2506671957
OG0001356	BBLLADNB_00505	2506671961
OG0001357	BBLLADNB_00504	2506671962
OG0001358	BBLLADNB_00503	2506671963
OG0001359	BBLLADNB_00496	2506671965
OG0001360	BBLLADNB_00494	2506671968
OG0001361	BBLLADNB_00492	2506671970
OG0001363	BBLLADNB_02489	2506671978
OG0001364	BBLLADNB_02491	2506671987
OG0001365	BBLLADNB_02492	2506671989
OG0001366	BBLLADNB_01492	2506671995
OG0001367	BBLLADNB_01493	2506671996
OG0001368	BBLLADNB_03592	2506671997
OG0001369	BBLLADNB_03590	2506671999
OG0001370	BBLLADNB_03589	2506672000
OG0001371	BBLLADNB_03090	2506672001
OG0001372	BBLLADNB_03091	2506672002
OG0001373	BBLLADNB_03092	2506672003
OG0001374	BBLLADNB_03094	2506672005
OG0001375	BBLLADNB_03098	2506672011
OG0001376	BBLLADNB_02938	2506672017
OG0001377	BBLLADNB_01339	2506672034
OG0001378	BBLLADNB_01348	2506672040
OG0001379	BBLLADNB_03349	2506672041
OG0001380	BBLLADNB_03348	2506672042
OG0001381	BBLLADNB_03714	2506672045
OG0001382	BBLLADNB_03713	2506672046
OG0001383	BBLLADNB_03712	2506672047
OG0001384	BBLLADNB_03850	2506672060
OG0001386	BBLLADNB_03532	2506672478, 2506672105
OG0001387	BBLLADNB_01221	2506672107
OG0001388	BBLLADNB_01222	2506672108
OG0001389	BBLLADNB_01224	2506672112
OG0001390	BBLLADNB_01226	2506672114
OG0001391	BBLLADNB_01227	2506672145
OG0001392	BBLLADNB_01228	2506672146
OG0001393	BBLLADNB_01229	2506672147
OG0001394	BBLLADNB_01230	2506672148
OG0001395	BBLLADNB_01231	2506672153
OG0001396	BBLLADNB_03785	2506672155
OG0001397	BBLLADNB_03784	2506672156
OG0001398	BBLLADNB_03631	2506672158
OG0001399	BBLLADNB_03630	2506672159
OG0001401	BBLLADNB_00025	2506672181
OG0001402	BBLLADNB_00027	2506672183
OG0001403	BBLLADNB_00033	2506672187
OG0001404	BBLLADNB_00034	2506672188
OG0001405	BBLLADNB_00035	2506672189
OG0001406	BBLLADNB_00036	2506672191
OG0001407	BBLLADNB_00037	2506672192
OG0001408	BBLLADNB_00038	2506672193
OG0001409	BBLLADNB_00039	2506672194
OG0001410	BBLLADNB_00040	2506672195
OG0001411	BBLLADNB_00041	2506672196
OG0001412	BBLLADNB_00042	2506672197
OG0001413	BBLLADNB_00043	2506672198
OG0001414	BBLLADNB_00044	2506672199
OG0001415	BBLLADNB_00045	2506672200
OG0001416	BBLLADNB_00046	2506672201
OG0001417	BBLLADNB_00525	2506672224
OG0001418	BBLLADNB_00526	2506672225
OG0001419	BBLLADNB_00529	2506672228
OG0001420	BBLLADNB_00532	2506672231
OG0001421	BBLLADNB_00533	2506672232
OG0001422	BBLLADNB_00534	2506672233
OG0001423	BBLLADNB_00535	2506672234
OG0001424	BBLLADNB_00536	2506672238
OG0001425	BBLLADNB_00537	2506672239
OG0001426	BBLLADNB_00538	2506672240
OG0001427	BBLLADNB_00539	2506672241
OG0001428	BBLLADNB_00938	2506672243
OG0001429	BBLLADNB_00939	2506672244
OG0001430	BBLLADNB_00940	2506672245
OG0001431	BBLLADNB_00944	2506672247
OG0001432	BBLLADNB_00946	2506672249
OG0001433	BBLLADNB_00948	2506672251
OG0001434	BBLLADNB_00951	2506672254
OG0001435	BBLLADNB_03246	2506672255
OG0001436	BBLLADNB_01158	2506672256
OG0001437	BBLLADNB_02273	2506672257
OG0001438	BBLLADNB_02271	2506672259
OG0001439	BBLLADNB_02270	2506672260
OG0001440	BBLLADNB_02269	2506672261
OG0001441	BBLLADNB_02268	2506672262
OG0001442	BBLLADNB_02267	2506672263
OG0001443	BBLLADNB_02266	2506672264
OG0001444	BBLLADNB_02265	2506672265
OG0001445	BBLLADNB_02264	2506672266
OG0001446	BBLLADNB_02263	2506672267
OG0001447	BBLLADNB_02262	2506672268
OG0001448	BBLLADNB_01424	2506672270
OG0001449	BBLLADNB_01425	2506672271
OG0001450	BBLLADNB_01426	2506672272
OG0001451	BBLLADNB_01427	2506672273
OG0001452	BBLLADNB_01639	2506672278
OG0001453	BBLLADNB_01640	2506672279
OG0001454	BBLLADNB_01641	2506672280
OG0001455	BBLLADNB_01643	2506672282
OG0001456	BBLLADNB_01645	2506672283
OG0001457	BBLLADNB_01142	2506672308
OG0001458	BBLLADNB_01871	2506672314
OG0001459	BBLLADNB_01713	2506672315
OG0001460	BBLLADNB_02862	2506672327
OG0001461	BBLLADNB_03265	2506672328
OG0001462	BBLLADNB_00736	2506672332
OG0001463	BBLLADNB_00737	2506672333
OG0001464	BBLLADNB_02632	2506672360
OG0001465	BBLLADNB_02633	2506672361
OG0001466	BBLLADNB_02636	2506672364
OG0001467	BBLLADNB_02637	2506672365
OG0001468	BBLLADNB_02638	2506672366
OG0001469	BBLLADNB_03680	2506672367
OG0001470	BBLLADNB_03681	2506672368
OG0001471	BBLLADNB_03682	2506672369
OG0001472	BBLLADNB_01263	2506672372
OG0001473	BBLLADNB_01262	2506672373
OG0001474	BBLLADNB_01261	2506672374
OG0001475	BBLLADNB_01260	2506672375
OG0001476	BBLLADNB_01259	2506672376
OG0001477	BBLLADNB_01258	2506672377
OG0001478	BBLLADNB_01257	2506672378
OG0001479	BBLLADNB_01256	2506672379
OG0001480	BBLLADNB_01255	2506672380
OG0001481	BBLLADNB_01254	2506672381
OG0001482	BBLLADNB_01253	2506672382
OG0001483	BBLLADNB_01252	2506672383
OG0001484	BBLLADNB_01251	2506672384
OG0001485	BBLLADNB_01250	2506672385
OG0001486	BBLLADNB_01248	2506672386
OG0001487	BBLLADNB_01247	2506672387
OG0001488	BBLLADNB_01246	2506672388
OG0001489	BBLLADNB_01244	2506672389
OG0001490	BBLLADNB_01243	2506672390
OG0001491	BBLLADNB_01242	2506672391
OG0001492	BBLLADNB_01241	2506672392
OG0001493	BBLLADNB_01239	2506672394
OG0001494	BBLLADNB_01238	2506672395
OG0001495	BBLLADNB_01237	2506672396
OG0001496	BBLLADNB_01236	2506672397
OG0001497	BBLLADNB_03754	2506672398
OG0001498	BBLLADNB_03753	2506672399
OG0001499	BBLLADNB_03752	2506672400
OG0001500	BBLLADNB_01918	2506672402
OG0001501	BBLLADNB_01919	2506672403
OG0001502	BBLLADNB_01921	2506672405
OG0001503	BBLLADNB_01922	2506672406
OG0001504	BBLLADNB_01923	2506672407
OG0001505	BBLLADNB_01959	2506672698, 2506672419
OG0001506	BBLLADNB_03643	2506672424
OG0001507	BBLLADNB_02481	2506672446
OG0001508	BBLLADNB_02480	2506672449
OG0001509	BBLLADNB_02479	2506672450
OG0001510	BBLLADNB_02478	2506672451
OG0001511	BBLLADNB_02097	2506672454
OG0001512	BBLLADNB_02098	2506672455
OG0001513	BBLLADNB_00399, BBLLADNB_01861	2506672460
OG0001514	BBLLADNB_02360, BBLLADNB_03457	2506672466
OG0001515	BBLLADNB_00980	2506672473
OG0001516	BBLLADNB_00978, BBLLADNB_03669	2506672475
OG0001517	BBLLADNB_03531	2506672476
OG0001518	BBLLADNB_03203	2506672482
OG0001519	BBLLADNB_00507	2506672483
OG0001520	BBLLADNB_00510	2506672486
OG0001521	BBLLADNB_00511	2506672487
OG0001522	BBLLADNB_03039	2506672488
OG0001523	BBLLADNB_03835	2506672492
OG0001524	BBLLADNB_02920	2506672493
OG0001525	BBLLADNB_02919	2506672494
OG0001526	BBLLADNB_03198	2506672496
OG0001527	BBLLADNB_03199	2506672497
OG0001528	BBLLADNB_01049	2506672498
OG0001529	BBLLADNB_01050	2506672499
OG0001530	BBLLADNB_02607	2506672504
OG0001531	BBLLADNB_01960	2506672514
OG0001532	BBLLADNB_01727	2506672516
OG0001534	BBLLADNB_00817	2506672527
OG0001535	BBLLADNB_00772	2506672529
OG0001536	BBLLADNB_00771	2506672530
OG0001538	BBLLADNB_03870	2506672535
OG0001539	BBLLADNB_03869	2506672536
OG0001540	BBLLADNB_00260	2506672540
OG0001541	BBLLADNB_00259	2506672542
OG0001542	BBLLADNB_00258	2506672543
OG0001544	BBLLADNB_01008	2506672547
OG0001545	BBLLADNB_03473	2506672548
OG0001546	BBLLADNB_00256	2506672550
OG0001547	BBLLADNB_00255	2506672551
OG0001548	BBLLADNB_00252	2506672554
OG0001549	BBLLADNB_00250, BBLLADNB_00296	2506672556
OG0001550	BBLLADNB_00298	2506672558
OG0001551	BBLLADNB_02834	2506672559
OG0001552	BBLLADNB_03689	2506672562
OG0001553	BBLLADNB_03690	2506672563
OG0001554	BBLLADNB_03734	2506672565
OG0001555	BBLLADNB_03735	2506672566
OG0001556	BBLLADNB_01109	2506672569
OG0001557	BBLLADNB_01108	2506672572
OG0001558	BBLLADNB_03235	2506672579
OG0001559	BBLLADNB_01566	2506672581
OG0001561	BBLLADNB_00449	2506672599
OG0001562	BBLLADNB_02282	2506672631
OG0001563	BBLLADNB_02281	2506672632
OG0001564	BBLLADNB_02034	2506672633
OG0001565	BBLLADNB_02280	2506672634
OG0001566	BBLLADNB_02279	2506672636
OG0001567	BBLLADNB_02278	2506672639
OG0001568	BBLLADNB_02942	2506672654
OG0001569	BBLLADNB_02943	2506672655
OG0001570	BBLLADNB_02775	2506672669
OG0001571	BBLLADNB_00540	2506672670
OG0001572	BBLLADNB_03507	2506672672
OG0001573	BBLLADNB_01266	2506672675
OG0001574	BBLLADNB_01267	2506672676
OG0001575	BBLLADNB_01268	2506672677
OG0001576	BBLLADNB_01269	2506672678
OG0001577	BBLLADNB_01270	2506672679
OG0001578	BBLLADNB_01271	2506672680
OG0001579	BBLLADNB_01272	2506672681
OG0001580	BBLLADNB_01273	2506672682
OG0001581	BBLLADNB_01274	2506672683
OG0001582	BBLLADNB_01275	2506672684
OG0001583	BBLLADNB_01276	2506672685
OG0001584	BBLLADNB_03036	2506672687
OG0001585	BBLLADNB_02086	2506672689
OG0001586	BBLLADNB_02087	2506672690
OG0001587	BBLLADNB_02088	2506672691
OG0001588	BBLLADNB_02089	2506672692
OG0001589	BBLLADNB_02092	2506672695
OG0001590	BBLLADNB_01958	2506672699
OG0001665	BBLLADNB_00970	2506669348
OG0001668	BBLLADNB_01636	2506669365
OG0001669	BBLLADNB_00932	2506669384
OG0001670	BBLLADNB_01833	2506669392
OG0001671	BBLLADNB_00800	2506669396
OG0001672	BBLLADNB_02757	2506669416
OG0001673	BBLLADNB_03213	2506669449
OG0001674	BBLLADNB_03082	2506669470
OG0001675	BBLLADNB_01124	2506669475
OG0001676	BBLLADNB_01125	2506669482
OG0001677	BBLLADNB_00593	2506669493
OG0001678	BBLLADNB_00608	2506669510
OG0001679	BBLLADNB_00617	2506669521
OG0001686	BBLLADNB_02839	2506669595
OG0001688	BBLLADNB_00921	2506669604
OG0001689	BBLLADNB_00920	2506669605
OG0001690	BBLLADNB_00919	2506669606
OG0001691	BBLLADNB_03361	2506669615
OG0001694	BBLLADNB_01404	2506669671
OG0001696	BBLLADNB_02206	2506669712
OG0001697	BBLLADNB_02205	2506669713
OG0001698	BBLLADNB_02204	2506669714
OG0001699	BBLLADNB_02203	2506669716
OG0001700	BBLLADNB_02197	2506669719
OG0001701	BBLLADNB_03070	2506669723
OG0001703	BBLLADNB_03650	2506669778
OG0001705	BBLLADNB_00127	2506669790
OG0001706	BBLLADNB_00276	2506669797
OG0001707	BBLLADNB_01795	2506669798
OG0001708	BBLLADNB_01790	2506669813
OG0001710	BBLLADNB_01671	2506669829
OG0001711	BBLLADNB_02731	2506669831
OG0001712	BBLLADNB_03717	2506669841
OG0001713	BBLLADNB_02711	2506669846
OG0001716	BBLLADNB_01767	2506669853
OG0001717	BBLLADNB_00869	2506669854
OG0001718	BBLLADNB_00870	2506669855
OG0001719	BBLLADNB_00871	2506669856
OG0001721	BBLLADNB_01029	2506669905, 2506671883
OG0001723	BBLLADNB_02433	2506669923
OG0001724	BBLLADNB_03181	2506669930, 2506672583
OG0001725	BBLLADNB_03743	2506669935
OG0001730	BBLLADNB_02712	2506669987
OG0001732	BBLLADNB_01402	2506670035
OG0001733	BBLLADNB_02621	2506670036
OG0001734	BBLLADNB_02622	2506670037
OG0001735	BBLLADNB_00303	2506670040
OG0001736	BBLLADNB_00304	2506670041
OG0001738	BBLLADNB_01329	2506670053
OG0001739	BBLLADNB_00227	2506670064
OG0001740	BBLLADNB_00226	2506670065
OG0001741	BBLLADNB_00236	2506670074
OG0001742	BBLLADNB_00237	2506670075
OG0001743	BBLLADNB_00238	2506670076
OG0001744	BBLLADNB_00240	2506670078
OG0001745	BBLLADNB_00241	2506670079
OG0001746	BBLLADNB_00242	2506670080
OG0001747	BBLLADNB_00243	2506670081
OG0001748	BBLLADNB_00244	2506670082
OG0001749	BBLLADNB_01864	2506670085
OG0001751	BBLLADNB_02221	2506670097
OG0001752	BBLLADNB_00521	2506670100
OG0001753	BBLLADNB_02506	2506670109
OG0001756	BBLLADNB_03339	2506670128
OG0001757	BBLLADNB_03335	2506670131
OG0001760	BBLLADNB_01689	2506670139
OG0001761	BBLLADNB_01688	2506670140
OG0001762	BBLLADNB_01687	2506670141
OG0001763	BBLLADNB_01686	2506670142
OG0001764	BBLLADNB_01685	2506670143
OG0001765	BBLLADNB_01684	2506670144
OG0001766	BBLLADNB_01683	2506670145
OG0001767	BBLLADNB_02516	2506670177
OG0001768	BBLLADNB_02898	2506670189
OG0001769	BBLLADNB_01559	2506670195
OG0001770	BBLLADNB_01854	2506670200
OG0001773	BBLLADNB_02741	2506670223
OG0001774	BBLLADNB_02743	2506670225
OG0001775	BBLLADNB_00961	2506670244, 2506672033
OG0001776	BBLLADNB_00118	2506670245
OG0001777	BBLLADNB_00117	2506670246
OG0001778	BBLLADNB_00116	2506670247
OG0001779	BBLLADNB_00115	2506670248
OG0001780	BBLLADNB_00114	2506670249
OG0001781	BBLLADNB_00113	2506670250
OG0001782	BBLLADNB_00112	2506670251
OG0001784	BBLLADNB_02961	2506670279
OG0001785	BBLLADNB_01341	2506670283
OG0001786	BBLLADNB_01880	2506670286
OG0001788	BBLLADNB_00457	2506670342
OG0001789	BBLLADNB_01333	2506670345
OG0001790	BBLLADNB_00125	2506670355
OG0001791	BBLLADNB_02608	2506670359
OG0001792	BBLLADNB_01336	2506670363
OG0001793	BBLLADNB_02660	2506670366
OG0001794	BBLLADNB_01846	2506670382
OG0001795	BBLLADNB_03316	2506670386
OG0001799	BBLLADNB_02645	2506670395
OG0001801	BBLLADNB_01381	2506670407
OG0001802	BBLLADNB_03155	2506670466
OG0001803	BBLLADNB_02386	2506670473
OG0001804	BBLLADNB_02385	2506670474
OG0001805	BBLLADNB_03108	2506670488
OG0001806	BBLLADNB_02670	2506670502
OG0001807	BBLLADNB_00936	2506670506
OG0001808	BBLLADNB_03607	2506670519
OG0001809	BBLLADNB_02673	2506670520
OG0001810	BBLLADNB_02151	2506670560
OG0001811	BBLLADNB_02989	2506671306, 2506670590
OG0001812	BBLLADNB_03811	2506670621
OG0001816	BBLLADNB_03582	2506670642
OG0001817	BBLLADNB_01110	2506672477, 2506671598, 2506670687, 2506671793
OG0001818	BBLLADNB_01675	2506670704
OG0001821	BBLLADNB_02444	2506670725
OG0001822	BBLLADNB_00093	2506670741
OG0001827	BBLLADNB_01283	2506670774
OG0001829	BBLLADNB_01045	2506670842
OG0001830	BBLLADNB_01436	2506670857
OG0001831	BBLLADNB_01233	2506670877
OG0001832	BBLLADNB_02878	2506670881
OG0001833	BBLLADNB_00326	2506670892
OG0001835	BBLLADNB_01611	2506670908
OG0001837	BBLLADNB_03844	2506670919
OG0001838	BBLLADNB_02404	2506670926
OG0001839	BBLLADNB_02403	2506670927
OG0001840	BBLLADNB_02402	2506670928
OG0001841	BBLLADNB_02045	2506670950
OG0001842	BBLLADNB_02049	2506670954
OG0001843	BBLLADNB_00287	2506670976
OG0001844	BBLLADNB_00288	2506670977
OG0001845	BBLLADNB_00286	2506670981
OG0001846	BBLLADNB_00281	2506670996
OG0001847	BBLLADNB_00280	2506670997
OG0001848	BBLLADNB_00279	2506670998
OG0001849	BBLLADNB_00278	2506670999
OG0001850	BBLLADNB_00290	2506671005
OG0001851	BBLLADNB_00798	2506671012
OG0001852	BBLLADNB_01294	2506671014
OG0001853	BBLLADNB_00319	2506671024
OG0001854	BBLLADNB_01364	2506671039
OG0001859	BBLLADNB_01117	2506671093
OG0001860	BBLLADNB_00102	2506671125
OG0001862	BBLLADNB_00848	2506671170, 2506671750
OG0001863	BBLLADNB_00655	2506671189
OG0001864	BBLLADNB_03514	2506671200
OG0001872	BBLLADNB_00884	2506671257
OG0001873	BBLLADNB_02931	2506671279
OG0001874	BBLLADNB_00119	2506671315
OG0001875	BBLLADNB_02442	2506671328
OG0001877	BBLLADNB_00553	2506671348
OG0001878	BBLLADNB_03659	2506671353
OG0001879	BBLLADNB_03658	2506671354
OG0001880	BBLLADNB_03657	2506671355
OG0001881	BBLLADNB_03656	2506671356
OG0001882	BBLLADNB_00294	2506671357
OG0001885	BBLLADNB_02537	2506671376
OG0001886	BBLLADNB_00587	2506671402
OG0001887	BBLLADNB_01347	2506671420
OG0001889	BBLLADNB_01644	2506671457
OG0001890	BBLLADNB_00751, BBLLADNB_00620	2506671498
OG0001891	BBLLADNB_02020	2506671503
OG0001893	BBLLADNB_02035	2506671561
OG0001894	BBLLADNB_02790	2506671562
OG0001895	BBLLADNB_00344	2506671600
OG0001896	BBLLADNB_03205	2506671607
OG0001897	BBLLADNB_00601	2506671650
OG0001898	BBLLADNB_01317	2506671653
OG0001901	BBLLADNB_03634, BBLLADNB_00787	2506671664
OG0001903	BBLLADNB_01181	2506671713
OG0001904	BBLLADNB_02214	2506671732
OG0001905	BBLLADNB_02213	2506671733
OG0001908	BBLLADNB_03430	2506671759
OG0001909	BBLLADNB_03431	2506671760
OG0001910	BBLLADNB_02962	2506671788
OG0001911	BBLLADNB_02868	2506671797
OG0001912	BBLLADNB_03171	2506671830
OG0001914	BBLLADNB_00714	2506671890
OG0001916	BBLLADNB_01932	2506671927
OG0001917	BBLLADNB_02222	2506671966
OG0001918	BBLLADNB_01189	2506671974
OG0001919	BBLLADNB_00200	2506671979
OG0001920	BBLLADNB_00019	2506671981
OG0001921	BBLLADNB_00388	2506671984
OG0001922	BBLLADNB_03095	2506672006
OG0001923	BBLLADNB_03118	2506672018
OG0001924	BBLLADNB_02877	2506672025
OG0001925	BBLLADNB_03715	2506672044
OG0001926	BBLLADNB_01884	2506672050
OG0001927	BBLLADNB_01883	2506672051
OG0001928	BBLLADNB_03852	2506672058
OG0001930	BBLLADNB_01488	2506672066
OG0001931	BBLLADNB_03632	2506672157
OG0001932	BBLLADNB_00031	2506672185
OG0001933	BBLLADNB_01575	2506672242
OG0001934	BBLLADNB_00947	2506672250
OG0001936	BBLLADNB_01642	2506672281
OG0001937	BBLLADNB_01192	2506672303
OG0001938	BBLLADNB_00735	2506672331
OG0001939	BBLLADNB_01240	2506672393
OG0001940	BBLLADNB_02483	2506672444
OG0001942	BBLLADNB_02044	2506672456
OG0001943	BBLLADNB_01858	2506672457
OG0001944	BBLLADNB_02852	2506672471
OG0001945	BBLLADNB_00979	2506672474
OG0001946	BBLLADNB_03533	2506672479
OG0001947	BBLLADNB_02995	2506672500
OG0001948	BBLLADNB_01491	2506672502
OG0001951	BBLLADNB_02709	2506672575
OG0001952	BBLLADNB_02707	2506672577
OG0001953	BBLLADNB_00047	2506672638
OG0001954	BBLLADNB_01463	2506672640
OG0001955	BBLLADNB_02090	2506672693
OG0001956	BBLLADNB_00291	2506672715
OG0002119	BBLLADNB_01664	2506669369
OG0002120	BBLLADNB_02873	2506669379
OG0002122	BBLLADNB_02932	2506669457, 2506670310
OG0002125	BBLLADNB_00918	2506669607
OG0002126	BBLLADNB_02795	2506669628
OG0002127	BBLLADNB_02033	2506669646
OG0002129	BBLLADNB_02031	2506669702
OG0002130	BBLLADNB_00931	2506669752
OG0002131	BBLLADNB_00930	2506669753
OG0002132	BBLLADNB_03310	2506669812
OG0002134	BBLLADNB_02710	2506669847
OG0002136	BBLLADNB_03393	2506669871
OG0002137	BBLLADNB_01962	2506669872
OG0002138	BBLLADNB_02964	2506669980
OG0002139	BBLLADNB_01845	2506669986
OG0002141	BBLLADNB_00230	2506670068
OG0002142	BBLLADNB_02220	2506670098
OG0002145	BBLLADNB_03338	2506670129
OG0002147	BBLLADNB_01599	2506670161
OG0002150	BBLLADNB_00658	2506670281
OG0002153	BBLLADNB_02883	2506670385
OG0002154	BBLLADNB_03429	2506670387
OG0002155	BBLLADNB_01335	2506670388
OG0002158	BBLLADNB_03158	2506670469
OG0002159	BBLLADNB_00645	2506670482
OG0002162	BBLLADNB_01405	2506670516
OG0002163	BBLLADNB_01966	2506670541
OG0002165	BBLLADNB_01780	2506670559
OG0002167	BBLLADNB_03060	2506670593
OG0002168	BBLLADNB_03059	2506670594
OG0002169	BBLLADNB_03274	2506670595
OG0002170	BBLLADNB_03273	2506670596
OG0002171	BBLLADNB_03272	2506670597
OG0002172	BBLLADNB_03522	2506670616
OG0002174	BBLLADNB_00852	2506670656
OG0002176	BBLLADNB_01764, BBLLADNB_01399	2506670799
OG0002178	BBLLADNB_00381	2506670861
OG0002179	BBLLADNB_03739	2506670867
OG0002180	BBLLADNB_00331	2506670889
OG0002181	BBLLADNB_01900	2506670906
OG0002182	BBLLADNB_01654	2506670970
OG0002183	BBLLADNB_03709	2506670972
OG0002184	BBLLADNB_00283	2506670983
OG0002185	BBLLADNB_00277	2506671001
OG0002186	BBLLADNB_02659	2506671131
OG0002188	BBLLADNB_03126	2506671184, 2506671663
OG0002189	BBLLADNB_00657	2506671187
OG0002190	BBLLADNB_00656	2506671188
OG0002191	BBLLADNB_00653	2506671191
OG0002192	BBLLADNB_00651	2506671193
OG0002193	BBLLADNB_03831	2506671196
OG0002199	BBLLADNB_03357	2506671208
OG0002201	BBLLADNB_03340	2506671211
OG0002202	BBLLADNB_03341	2506671212
OG0002203	BBLLADNB_03342	2506671213
OG0002206	BBLLADNB_03139, BBLLADNB_03138	2506671241
OG0002207	BBLLADNB_02987	2506671308
OG0002208	BBLLADNB_02986	2506671309
OG0002211	BBLLADNB_01803	2506671383
OG0002215	BBLLADNB_02923	2506671407
OG0002218	BBLLADNB_03602	2506671564
OG0002219	BBLLADNB_02504	2506671605
OG0002220	BBLLADNB_03204	2506671608
OG0002221	BBLLADNB_02600	2506671611
OG0002222	BBLLADNB_01570	2506671634
OG0002225	BBLLADNB_01521	2506671660
OG0002229	BBLLADNB_02955	2506671734
OG0002230	BBLLADNB_02323	2506671756
OG0002231	BBLLADNB_03528	2506671770
OG0002232	BBLLADNB_01368	2506671790
OG0002233	BBLLADNB_03645	2506671810
OG0002237	BBLLADNB_03066	2506671881
OG0002238	BBLLADNB_02704	2506671926
OG0002239	BBLLADNB_01460	2506671960
OG0002241	BBLLADNB_03081	2506672012
OG0002242	BBLLADNB_03105	2506672021
OG0002243	BBLLADNB_01882	2506672052
OG0002244	BBLLADNB_01489	2506672062
OG0002245	BBLLADNB_00383	2506672071
OG0002246	BBLLADNB_02729	2506672075
OG0002247	BBLLADNB_03163	2506672174
OG0002248	BBLLADNB_00300	2506672285
OG0002249	BBLLADNB_01872	2506672313
OG0002252	BBLLADNB_02482	2506672445
OG0002254	BBLLADNB_00253	2506672553
OG0002255	BBLLADNB_02708	2506672576
OG0002256	BBLLADNB_02706	2506672578
OG0002257	BBLLADNB_03314	2506672618
OG0002258	BBLLADNB_02375	2506672620
OG0002260	BBLLADNB_01894	2506672716
OG0002535	BBLLADNB_00191	2506669390
OG0002538	BBLLADNB_03460	2506669454
OG0002539	BBLLADNB_03530	2506669484
OG0002540	BBLLADNB_00594	2506669494
OG0002543	BBLLADNB_00957	2506669543
OG0002544	BBLLADNB_03008	2506669565
OG0002550	BBLLADNB_02233	2506669848
OG0002553	BBLLADNB_00229	2506670067
OG0002555	BBLLADNB_02892	2506672237, 2506670104
OG0002557	BBLLADNB_00023	2506670231
OG0002559	BBLLADNB_03620	2506670295
OG0002561	BBLLADNB_00347	2506670341
OG0002562	BBLLADNB_00016	2506670349
OG0002563	BBLLADNB_01626	2506670549
OG0002565	BBLLADNB_02699	2506672764, 2506670700
OG0002566	BBLLADNB_00546	2506670722
OG0002567	BBLLADNB_02358	2506670724
OG0002569	BBLLADNB_02326	2506670737
OG0002570	BBLLADNB_00547	2506670790
OG0002571	BBLLADNB_00328	2506670890
OG0002572	BBLLADNB_00327	2506670891
OG0002576	BBLLADNB_03367	2506671088
OG0002577	BBLLADNB_03698	2506671113
OG0002578	BBLLADNB_03699	2506671114
OG0002580	BBLLADNB_00769	2506671183
OG0002584	BBLLADNB_03266, BBLLADNB_03267	2506671230
OG0002585	BBLLADNB_03099	2506671284
OG0002586	BBLLADNB_03297	2506671378
OG0002587	BBLLADNB_00749	2506671494
OG0002588	BBLLADNB_01742	2506671511
OG0002589	BBLLADNB_03044	2506671539
OG0002591	BBLLADNB_03187	2506671566
OG0002596	BBLLADNB_03376	2506671736
OG0002604	BBLLADNB_03389	2506672007
OG0002605	BBLLADNB_00794	2506672099
OG0002607	BBLLADNB_02752	2506672152
OG0002609	BBLLADNB_03483	2506672296
OG0002613	BBLLADNB_00638	2506672423
OG0002615	BBLLADNB_03558	2506672442
OG0002616	BBLLADNB_01565	2506672587
OG0002618	BBLLADNB_03437	2506672629
OG0002621	BBLLADNB_02963	2506672660
OG0002851	BBLLADNB_03042	2506669408
OG0002855	BBLLADNB_00452	2506669519
OG0002856	BBLLADNB_00199	2506669530
OG0002858	BBLLADNB_00956	2506669542
OG0002860	BBLLADNB_01013	2506669642
OG0002866	BBLLADNB_01468	2506669877
OG0002870	BBLLADNB_03791	2506669981
OG0002871	BBLLADNB_03136	2506670013
OG0002872	BBLLADNB_01526	2506670015
OG0002873	BBLLADNB_00748	2506670058
OG0002874	BBLLADNB_02330, BBLLADNB_02329	2506670151
OG0002875	BBLLADNB_02094, BBLLADNB_02190	2506670268
OG0002881	BBLLADNB_00015	2506670348
OG0002890	BBLLADNB_00380	2506670495, 2506671622
OG0002892	BBLLADNB_02159	2506670608
OG0002894	BBLLADNB_02325	2506670738
OG0002895	BBLLADNB_01395	2506670795
OG0002896	BBLLADNB_01396	2506670796
OG0002897	BBLLADNB_01397	2506670797
OG0002898	BBLLADNB_01398	2506670798
OG0002899	BBLLADNB_00500	2506670803
OG0002900	BBLLADNB_02527	2506670813
OG0002903	BBLLADNB_03792	2506670948
OG0002904	BBLLADNB_00282	2506670985
OG0002905	BBLLADNB_00960	2506670986
OG0002921	BBLLADNB_02675	2506671157
OG0002929	BBLLADNB_03218	2506671559
OG0002930	BBLLADNB_03186	2506671565
OG0002933	BBLLADNB_03708	2506671743
OG0002937	BBLLADNB_03269	2506671776
OG0002938	BBLLADNB_00934	2506671792
OG0002939	BBLLADNB_02356	2506671923
OG0002942	BBLLADNB_01588	2506672349
OG0002943	BBLLADNB_01589	2506672350
OG0002946	BBLLADNB_03283	2506672430
OG0002947	BBLLADNB_03079	2506672432
OG0002948	BBLLADNB_02307	2506672440
OG0002951	BBLLADNB_00502	2506672612
OG0003225	BBLLADNB_00971	2506669349
OG0003226	BBLLADNB_02999	2506669350
OG0003228	BBLLADNB_00954	2506669540
OG0003247	BBLLADNB_01583	2506670150
OG0003248	BBLLADNB_01678	2506670152
OG0003252	BBLLADNB_03458	2506670337
OG0003253	BBLLADNB_03086	2506670362
OG0003258	BBLLADNB_00851	2506670657
OG0003260	BBLLADNB_02308	2506670703
OG0003262	BBLLADNB_02887	2506670787
OG0003263	BBLLADNB_00812	2506670801
OG0003267	BBLLADNB_03053	2506670953
OG0003269	BBLLADNB_03078	2506671056
OG0003271	BBLLADNB_02658	2506671130
OG0003276	BBLLADNB_02497	2506671331
OG0003283	BBLLADNB_00743	2506671482
OG0003284	BBLLADNB_00746	2506671490
OG0003295	BBLLADNB_02661	2506671577
OG0003296	BBLLADNB_01063	2506671587
OG0003299	BBLLADNB_02579	2506671778
OG0003300	BBLLADNB_01542	2506671782
OG0003311	BBLLADNB_01176	2506672359
OG0003315	BBLLADNB_00637	2506672422
OG0003317	BBLLADNB_03196	2506672495
OG0003318	BBLLADNB_02099	2506672501
OG0003320	BBLLADNB_03217	2506672522
OG0003321	BBLLADNB_03216	2506672523
OG0003323	BBLLADNB_01129	2506672595
OG0003324	BBLLADNB_03071	2506672597
OG0003722	BBLLADNB_02328	2506670148
OG0003777	BBLLADNB_02851	2506671880
OG0003786	BBLLADNB_02392	2506672091
OG0003791	BBLLADNB_00528	2506672227
OG0003794	BBLLADNB_01529	2506672348
OG0004431	BBLLADNB_01946	2506670096
OG0004546	BBLLADNB_02171	2506672310
