Orthogroup	644736333	2506520024
OG0000000	MCBBHCNB_04024	2506672246
OG0000000	MCBBHCNB_03514	2506671670, 2506671409
OG0000000	MCBBHCNB_02488	2506669499
OG0000000	MCBBHCNB_01367	2506670695, 2506671840, 2506669459
OG0000000	MCBBHCNB_03051	2506669364, 2506672081, 2506671112, 2506670856
OG0000001	MCBBHCNB_03050	2506670855
OG0000001	MCBBHCNB_00167, MCBBHCNB_00185, MCBBHCNB_02886	2506669501
OG0000003	MCBBHCNB_02579	2506670353, 2506670217, 2506672109, 2506671829, 2506671216, 2506669899, 2506670308, 2506669575, 2506671675, 2506670873, 2506671766, 2506671448, 2506671347, 2506669958, 2506672168, 2506670198, 2506671975, 2506672032, 2506670204, 2506670602, 2506671955, 2506669750, 2506670201, 2506670647, 2506670812, 2506672026, 2506671671, 2506669411
OG0000007	MCBBHCNB_01993	2506671603
OG0000007	MCBBHCNB_02703	2506670296, 2506670300
OG0000007	MCBBHCNB_04138	2506672436
OG0000008	MCBBHCNB_01351, MCBBHCNB_02100	2506670553
OG0000009	MCBBHCNB_03579	2506671496
OG0000009	MCBBHCNB_00321, MCBBHCNB_01611, MCBBHCNB_01107	2506669865
OG0000010	MCBBHCNB_03999	2506669966, 2506670233, 2506672138
OG0000010	MCBBHCNB_00970	2506671410, 2506672508, 2506670257, 2506669954, 2506670117, 2506672127
OG0000011	MCBBHCNB_00613	2506672719, 2506670347, 2506670350
OG0000012	MCBBHCNB_01972	2506670781
OG0000012	MCBBHCNB_02021	2506672465
OG0000013	MCBBHCNB_00389	2506670749, 2506669724, 2506670582, 2506672027, 2506670785, 2506670326, 2506670367, 2506670677, 2506670899, 2506669832, 2506669843, 2506670287, 2506671018, 2506670416, 2506671161, 2506671502, 2506670817, 2506672447, 2506671665
OG0000014	MCBBHCNB_00511, MCBBHCNB_03385	2506670652, 2506670651
OG0000018	MCBBHCNB_01355	2506670550
OG0000020	MCBBHCNB_00893	2506670480
OG0000021	MCBBHCNB_01971	2506670782
OG0000022	MCBBHCNB_01970, MCBBHCNB_00424	2506670783
OG0000024	MCBBHCNB_00198	2506671701
OG0000024	MCBBHCNB_00023	2506669883
OG0000024	MCBBHCNB_00013	2506671595
OG0000025	MCBBHCNB_01680	2506670072
OG0000025	MCBBHCNB_01682	2506670070
OG0000026	MCBBHCNB_02696	2506670294
OG0000027	MCBBHCNB_01334, MCBBHCNB_02354, MCBBHCNB_03705	2506670423
OG0000028	MCBBHCNB_00481, MCBBHCNB_00192, MCBBHCNB_01036	2506670682
OG0000028	MCBBHCNB_01904	2506672297
OG0000031	MCBBHCNB_00781	2506669389, 2506670285
OG0000032	MCBBHCNB_02732	2506672150, 2506672744, 2506670402, 2506669555, 2506671836, 2506671128, 2506670545, 2506670679, 2506671977
OG0000033	MCBBHCNB_01235, MCBBHCNB_01439	2506671563
OG0000036	MCBBHCNB_01002	2506669688
OG0000036	MCBBHCNB_02574	2506669884
OG0000037	MCBBHCNB_01810	2506670173
OG0000037	MCBBHCNB_01437	2506670324
OG0000038	MCBBHCNB_01409, MCBBHCNB_01410	2506670542, 2506670531, 2506672294
OG0000039	MCBBHCNB_04628	2506672341
OG0000039	MCBBHCNB_03730	2506671918
OG0000040	MCBBHCNB_02333	2506672235
OG0000042	MCBBHCNB_01030	2506671802
OG0000042	MCBBHCNB_00269	2506669625
OG0000043	MCBBHCNB_02305	2506671737
OG0000043	MCBBHCNB_01277	2506669837, 2506672203
OG0000044	MCBBHCNB_03103	2506669879
OG0000045	MCBBHCNB_03184	2506672552
OG0000045	MCBBHCNB_00230, MCBBHCNB_00050, MCBBHCNB_03405	2506671072
OG0000049	MCBBHCNB_03412, MCBBHCNB_01145	2506669657
OG0000050	MCBBHCNB_00014	2506671596
OG0000050	MCBBHCNB_00408, MCBBHCNB_00173	2506671573
OG0000051	MCBBHCNB_01876	2506672175
OG0000051	MCBBHCNB_01477	2506670710
OG0000052	MCBBHCNB_01221	2506672590
OG0000052	MCBBHCNB_01081	2506671827
OG0000057	MCBBHCNB_00306, MCBBHCNB_00305	2506669527
OG0000058	MCBBHCNB_00761	2506672230
OG0000058	MCBBHCNB_03602	2506669694
OG0000059	MCBBHCNB_03008	2506670794
OG0000059	MCBBHCNB_03300	2506670538
OG0000060	MCBBHCNB_02372	2506670841
OG0000061	MCBBHCNB_00409, MCBBHCNB_00172	2506671572
OG0000062	MCBBHCNB_04175	2506671681
OG0000062	MCBBHCNB_04174	2506671682
OG0000063	MCBBHCNB_02666, MCBBHCNB_03393	2506671998
OG0000064	MCBBHCNB_02397	2506672110
OG0000070	MCBBHCNB_00663	2506669473
OG0000071	MCBBHCNB_01783, MCBBHCNB_03195	2506669715
OG0000072	MCBBHCNB_03894	2506669890, 2506670264, 2506671772, 2506672649, 2506672139, 2506672140
OG0000073	MCBBHCNB_01587, MCBBHCNB_01588	2506670424
OG0000074	MCBBHCNB_01644, MCBBHCNB_03578	2506670535
OG0000075	MCBBHCNB_04167, MCBBHCNB_03164	2506671037
OG0000076	MCBBHCNB_03399, MCBBHCNB_03696	2506671192
OG0000077	MCBBHCNB_03126	2506671333
OG0000078	MCBBHCNB_03574	2506672555
OG0000083	MCBBHCNB_04636, MCBBHCNB_03104	2506669363
OG0000084	MCBBHCNB_01650	2506669453
OG0000085	MCBBHCNB_01037	2506670680, 2506669844, 2506672009, 2506670512
OG0000087	MCBBHCNB_03464, MCBBHCNB_02389	2506670733
OG0000088	MCBBHCNB_02368	2506670846
OG0000089	MCBBHCNB_02123, MCBBHCNB_02366, MCBBHCNB_01951	2506671139, 2506672340
OG0000090	MCBBHCNB_02160	2506671405
OG0000091	MCBBHCNB_00226, MCBBHCNB_00406	2506671584
OG0000092	MCBBHCNB_00227, MCBBHCNB_00405	2506671585
OG0000093	MCBBHCNB_02770	2506671694
OG0000094	MCBBHCNB_00225, MCBBHCNB_00417, MCBBHCNB_00201	2506671704
OG0000095	MCBBHCNB_01268, MCBBHCNB_03217	2506672094
OG0000105	MCBBHCNB_04252	2506672083
OG0000105	MCBBHCNB_00851	2506669406
OG0000107	MCBBHCNB_03774, MCBBHCNB_03787	2506672742
OG0000108	MCBBHCNB_02814	2506670409, 2506671789
OG0000109	MCBBHCNB_04219	2506672055
OG0000109	MCBBHCNB_03694	2506671194, 2506670260
OG0000110	MCBBHCNB_03443	2506672177, 2506670273
OG0000111	MCBBHCNB_02099, MCBBHCNB_02098	2506670335
OG0000112	MCBBHCNB_00660	2506670708, 2506672292, 2506671182, 2506671177
OG0000113	MCBBHCNB_01328	2506672276, 2506671581, 2506670726
OG0000114	MCBBHCNB_02842, MCBBHCNB_02843	2506670903, 2506671111
OG0000115	MCBBHCNB_02156, MCBBHCNB_03613	2506671458
OG0000116	MCBBHCNB_00418, MCBBHCNB_00224	2506671703
OG0000117	MCBBHCNB_02013, MCBBHCNB_02272	2506671847
OG0000118	MCBBHCNB_02014, MCBBHCNB_02271	2506671848
OG0000119	MCBBHCNB_02270	2506671849
OG0000120	MCBBHCNB_01317, MCBBHCNB_01853	2506671964
OG0000121	MCBBHCNB_02242	2506672056
OG0000122	MCBBHCNB_01615, MCBBHCNB_02185	2506672236
OG0000123	MCBBHCNB_01662	2506672510
OG0000124	MCBBHCNB_01663	2506672511
OG0000125	MCBBHCNB_01343, MCBBHCNB_01341	2506672745
OG0000136	MCBBHCNB_00478	2506669437
OG0000136	MCBBHCNB_01033, MCBBHCNB_00196	2506670685
OG0000139	MCBBHCNB_04625	2506672151, 2506669722, 2506671150
OG0000140	MCBBHCNB_03241	2506672452
OG0000140	MCBBHCNB_04678	2506669912, 2506669911
OG0000141	MCBBHCNB_03704	2506672668, 2506670862, 2506670863, 2506670299
OG0000142	MCBBHCNB_00899	2506670485, 2506671500, 2506670869, 2506670370
OG0000143	MCBBHCNB_01354	2506670551
OG0000144	MCBBHCNB_01429	2506672593, 2506670557, 2506672753, 2506670556, 2506672755, 2506672761
OG0000146	MCBBHCNB_00659	2506670709, 2506672293, 2506671176, 2506671181
OG0000147	MCBBHCNB_03088	2506670982
OG0000149	MCBBHCNB_04744, MCBBHCNB_04495	2506671610
OG0000150	MCBBHCNB_00199, MCBBHCNB_00419, MCBBHCNB_00223	2506671702
OG0000152	MCBBHCNB_01219	2506672588
OG0000153	MCBBHCNB_01553, MCBBHCNB_03588	2506672053
OG0000154	MCBBHCNB_04076, MCBBHCNB_04074	2506672072
OG0000155	MCBBHCNB_02617	2506672686, 2506672179, 2506672760, 2506672759
OG0000156	MCBBHCNB_01621	2506672408
OG0000157	MCBBHCNB_00203	2506672469, 2506672463
OG0000158	MCBBHCNB_03956	2506672604
OG0000159	MCBBHCNB_01085	2506672667
OG0000160	MCBBHCNB_02616	2506672748, 2506672750, 2506672749, 2506672756
OG0000168	MCBBHCNB_02575	2506672560, 2506669361
OG0000169	MCBBHCNB_04648	2506669414
OG0000170	MCBBHCNB_04708, MCBBHCNB_03290	2506669436
OG0000173	MCBBHCNB_03639	2506669926, 2506670278
OG0000174	MCBBHCNB_04343	2506670943, 2506669933, 2506670455
OG0000175	MCBBHCNB_02430, MCBBHCNB_03731	2506669948
OG0000176	MCBBHCNB_03549	2506669972
OG0000177	MCBBHCNB_04444	2506670134
OG0000178	MCBBHCNB_03438, MCBBHCNB_02746	2506670311
OG0000179	MCBBHCNB_00880	2506670467
OG0000180	MCBBHCNB_04574	2506670518
OG0000181	MCBBHCNB_00385	2506671062, 2506670586
OG0000182	MCBBHCNB_01988	2506671569, 2506670607, 2506672615
OG0000183	MCBBHCNB_03904	2506670618
OG0000184	MCBBHCNB_03981	2506671136, 2506671853, 2506670786
OG0000185	MCBBHCNB_02369	2506670845
OG0000186	MCBBHCNB_03370	2506670882
OG0000187	MCBBHCNB_02788, MCBBHCNB_02787	2506670965
OG0000188	MCBBHCNB_02280	2506670989
OG0000189	MCBBHCNB_04043	2506672433, 2506672434, 2506671101
OG0000190	MCBBHCNB_02704	2506671220
OG0000191	MCBBHCNB_00904, MCBBHCNB_02087	2506671461
OG0000192	MCBBHCNB_01991	2506671601
OG0000194	MCBBHCNB_00922	2506671744
OG0000195	MCBBHCNB_02953	2506671781
OG0000196	MCBBHCNB_01763	2506671900
OG0000197	MCBBHCNB_01161	2506672074
OG0000199	MCBBHCNB_01781, MCBBHCNB_00403	2506672160
OG0000200	MCBBHCNB_01265	2506672163
OG0000201	MCBBHCNB_00382	2506672342
OG0000202	MCBBHCNB_00384	2506672346
OG0000203	MCBBHCNB_03729, MCBBHCNB_01668	2506672356
OG0000205	MCBBHCNB_01422	2506672462
OG0000206	MCBBHCNB_01942, MCBBHCNB_00573	2506672533
OG0000207	MCBBHCNB_02216	2506672657
OG0000215	MCBBHCNB_01398	2506669351, 2506669556
OG0000216	MCBBHCNB_01400	2506669552, 2506669352
OG0000217	MCBBHCNB_04189	2506669357
OG0000218	MCBBHCNB_04512	2506669372, 2506670686, 2506670671
OG0000219	MCBBHCNB_01227	2506669394, 2506670714, 2506672739, 2506670398, 2506669554
OG0000220	MCBBHCNB_04750	2506669409
OG0000221	MCBBHCNB_04647	2506669415
OG0000222	MCBBHCNB_01295	2506669480, 2506671335, 2506670389, 2506671739
OG0000223	MCBBHCNB_02565	2506669594, 2506669662
OG0000224	MCBBHCNB_02537	2506671061
OG0000225	MCBBHCNB_01963	2506669653
OG0000226	MCBBHCNB_01144	2506669655
OG0000228	MCBBHCNB_04487	2506669795, 2506669698, 2506669696
OG0000229	MCBBHCNB_00658	2506669711
OG0000230	MCBBHCNB_00946	2506669736
OG0000231	MCBBHCNB_04479	2506669816, 2506670344
OG0000232	MCBBHCNB_03552	2506669949
OG0000233	MCBBHCNB_02203	2506670121
OG0000234	MCBBHCNB_01808	2506670175
OG0000235	MCBBHCNB_01803	2506670180
OG0000236	MCBBHCNB_02285	2506670255
OG0000237	MCBBHCNB_03276	2506670276
OG0000238	MCBBHCNB_01771	2506671908, 2506670282
OG0000239	MCBBHCNB_04003	2506670292, 2506670333
OG0000240	MCBBHCNB_01479	2506672182, 2506670298
OG0000241	MCBBHCNB_00885	2506670472
OG0000242	MCBBHCNB_00775	2506670530
OG0000243	MCBBHCNB_04746	2506670598, 2506670591
OG0000244	MCBBHCNB_04127	2506670600
OG0000245	MCBBHCNB_01214	2506670620
OG0000246	MCBBHCNB_01035, MCBBHCNB_00480, MCBBHCNB_00194	2506670683
OG0000247	MCBBHCNB_01034, MCBBHCNB_00479, MCBBHCNB_00195	2506670684
OG0000248	MCBBHCNB_02106	2506672727, 2506671630, 2506670702
OG0000249	MCBBHCNB_02370	2506670843
OG0000250	MCBBHCNB_01782	2506671016
OG0000251	MCBBHCNB_04534	2506671129
OG0000252	MCBBHCNB_04218	2506671166
OG0000253	MCBBHCNB_04233, MCBBHCNB_04236	2506671206
OG0000254	MCBBHCNB_03872	2506671250
OG0000255	MCBBHCNB_01205	2506671642, 2506671281
OG0000256	MCBBHCNB_01191	2506671304
OG0000257	MCBBHCNB_00397	2506672468
OG0000257	MCBBHCNB_00807	2506671321
OG0000258	MCBBHCNB_03944	2506671382
OG0000260	MCBBHCNB_02634	2506672029
OG0000261	MCBBHCNB_00383	2506671540, 2506672343
OG0000262	MCBBHCNB_00174, MCBBHCNB_00407	2506671574
OG0000263	MCBBHCNB_02771	2506671695
OG0000264	MCBBHCNB_00778	2506671771
OG0000264	MCBBHCNB_01007	2506672435
OG0000265	MCBBHCNB_03034	2506671779
OG0000266	MCBBHCNB_01557, MCBBHCNB_01029	2506671803
OG0000267	MCBBHCNB_03986	2506671862
OG0000268	MCBBHCNB_00812	2506671894, 2506671895
OG0000269	MCBBHCNB_01764	2506671901
OG0000270	MCBBHCNB_01770	2506671907, 2506672651
OG0000271	MCBBHCNB_04668	2506671983
OG0000272	MCBBHCNB_02924	2506672037
OG0000273	MCBBHCNB_01780	2506672065, 2506672164
OG0000274	MCBBHCNB_04251	2506672084
OG0000275	MCBBHCNB_00711	2506672173
OG0000276	MCBBHCNB_00848	2506672311
OG0000277	MCBBHCNB_01342	2506672539
OG0000278	MCBBHCNB_01218	2506672580
OG0000279	MCBBHCNB_03957	2506672603
OG0000280	MCBBHCNB_03948	2506672610
OG0000281	MCBBHCNB_01143	2506672613
OG0000282	MCBBHCNB_02134	2506672642
OG0000283	MCBBHCNB_01084	2506672664
OG0000284	MCBBHCNB_02740	2506672712
OG0000285	MCBBHCNB_02741	2506672713
OG0000311	MCBBHCNB_00258	2506669368
OG0000312	MCBBHCNB_04509	2506669374
OG0000313	MCBBHCNB_04640	2506669423
OG0000314	MCBBHCNB_00589	2506669429, 2506669563
OG0000315	MCBBHCNB_02048	2506670312, 2506669434, 2506671972
OG0000316	MCBBHCNB_00701	2506669439
OG0000317	MCBBHCNB_01442	2506669440
OG0000318	MCBBHCNB_00531	2506669461, 2506669906
OG0000319	MCBBHCNB_02399	2506672113, 2506669478
OG0000320	MCBBHCNB_04757	2506669488, 2506670540
OG0000321	MCBBHCNB_00291	2506669513
OG0000322	MCBBHCNB_00293	2506669514
OG0000323	MCBBHCNB_00303	2506669525
OG0000324	MCBBHCNB_00311	2506669528
OG0000325	MCBBHCNB_04682	2506669907
OG0000326	MCBBHCNB_01394	2506669560
OG0000327	MCBBHCNB_00976	2506669566, 2506671222
OG0000328	MCBBHCNB_00979	2506669569
OG0000329	MCBBHCNB_01026	2506671806, 2506669590
OG0000330	MCBBHCNB_04430	2506669631
OG0000331	MCBBHCNB_04429	2506669633, 2506669632
OG0000332	MCBBHCNB_01406	2506669641
OG0000333	MCBBHCNB_01964	2506669650
OG0000334	MCBBHCNB_01962	2506669651
OG0000335	MCBBHCNB_03055	2506672528, 2506669661
OG0000336	MCBBHCNB_02227	2506670020, 2506669669
OG0000337	MCBBHCNB_00567	2506671217, 2506669679
OG0000338	MCBBHCNB_01005	2506669685
OG0000339	MCBBHCNB_04183	2506669692
OG0000340	MCBBHCNB_04184	2506671560, 2506669695
OG0000341	MCBBHCNB_04624	2506669721
OG0000342	MCBBHCNB_01253	2506669726
OG0000343	MCBBHCNB_00935	2506669747
OG0000344	MCBBHCNB_01376	2506669767
OG0000345	MCBBHCNB_01369	2506669775
OG0000346	MCBBHCNB_00794	2506669783
OG0000347	MCBBHCNB_04005	2506669803
OG0000348	MCBBHCNB_00667	2506669814
OG0000349	MCBBHCNB_04465	2506669827
OG0000350	MCBBHCNB_03493, MCBBHCNB_04172	2506669873
OG0000351	MCBBHCNB_00960	2506669874, 2506671643
OG0000352	MCBBHCNB_02451, MCBBHCNB_03101	2506669880
OG0000353	MCBBHCNB_03898	2506669887
OG0000354	MCBBHCNB_03896	2506669888
OG0000355	MCBBHCNB_03895	2506669889
OG0000356	MCBBHCNB_00513	2506669920
OG0000357	MCBBHCNB_02337	2506670539, 2506670844
OG0000358	MCBBHCNB_04401	2506670918, 2506669942
OG0000359	MCBBHCNB_00803	2506669963
OG0000360	MCBBHCNB_03550	2506669964
OG0000361	MCBBHCNB_01622	2506669999
OG0000362	MCBBHCNB_01623	2506670000
OG0000363	MCBBHCNB_01624	2506670001
OG0000364	MCBBHCNB_01625	2506670002
OG0000365	MCBBHCNB_03257	2506670025
OG0000366	MCBBHCNB_03253	2506670030
OG0000367	MCBBHCNB_03560	2506672573, 2506670044
OG0000368	MCBBHCNB_03562	2506670045, 2506671484
OG0000369	MCBBHCNB_03563	2506670046
OG0000370	MCBBHCNB_01893	2506670050
OG0000371	MCBBHCNB_04632	2506670054
OG0000372	MCBBHCNB_01674	2506670077
OG0000373	MCBBHCNB_03215	2506670083
OG0000374	MCBBHCNB_01154	2506670095
OG0000375	MCBBHCNB_03607	2506670107
OG0000376	MCBBHCNB_02206	2506670118
OG0000377	MCBBHCNB_02205	2506670119
OG0000378	MCBBHCNB_02204	2506670120
OG0000379	MCBBHCNB_02202	2506670122
OG0000380	MCBBHCNB_01811	2506670172
OG0000381	MCBBHCNB_01804	2506670179
OG0000382	MCBBHCNB_01802	2506670181
OG0000383	MCBBHCNB_01801	2506670182
OG0000384	MCBBHCNB_01791	2506670191
OG0000385	MCBBHCNB_03100	2506670197, 2506672417
OG0000386	MCBBHCNB_02940	2506670209
OG0000387	MCBBHCNB_03327	2506670215, 2506670351
OG0000388	MCBBHCNB_01339	2506670238
OG0000389	MCBBHCNB_01338	2506670239
OG0000390	MCBBHCNB_01592	2506670261
OG0000391	MCBBHCNB_03173	2506670265
OG0000392	MCBBHCNB_03334	2506670274
OG0000394	MCBBHCNB_03083	2506670322
OG0000395	MCBBHCNB_03817, MCBBHCNB_03914	2506670327
OG0000396	MCBBHCNB_00469	2506670336, 2506670525
OG0000397	MCBBHCNB_01340	2506670371
OG0000398	MCBBHCNB_02623	2506670381
OG0000399	MCBBHCNB_03558	2506670397
OG0000400	MCBBHCNB_00916	2506670427
OG0000401	MCBBHCNB_00915	2506670428
OG0000402	MCBBHCNB_00914	2506670429
OG0000403	MCBBHCNB_00913	2506670431
OG0000404	MCBBHCNB_04600	2506672688
OG0000405	MCBBHCNB_04326	2506670444
OG0000406	MCBBHCNB_00881	2506670468
OG0000407	MCBBHCNB_00883	2506670470
OG0000408	MCBBHCNB_00888	2506670475
OG0000409	MCBBHCNB_00889	2506670476
OG0000410	MCBBHCNB_00892	2506670479
OG0000411	MCBBHCNB_00894	2506670481
OG0000412	MCBBHCNB_00896	2506670483
OG0000413	MCBBHCNB_00897	2506670484
OG0000414	MCBBHCNB_00901	2506670487
OG0000415	MCBBHCNB_00903	2506670489
OG0000416	MCBBHCNB_04575	2506670517
OG0000417	MCBBHCNB_02785	2506671548, 2506670521
OG0000418	MCBBHCNB_01428	2506672594, 2506670555
OG0000419	MCBBHCNB_01433	2506670562
OG0000420	MCBBHCNB_00823	2506670568
OG0000421	MCBBHCNB_00836	2506670581
OG0000422	MCBBHCNB_04589	2506670583
OG0000423	MCBBHCNB_00973	2506670587, 2506671180
OG0000424	MCBBHCNB_04747	2506670592
OG0000425	MCBBHCNB_04124	2506670605, 2506672362
OG0000426	MCBBHCNB_01888	2506670609
OG0000427	MCBBHCNB_01076	2506670622
OG0000428	MCBBHCNB_01075	2506670624
OG0000429	MCBBHCNB_01074	2506670625
OG0000430	MCBBHCNB_01062	2506670639
OG0000431	MCBBHCNB_01054	2506670646
OG0000432	MCBBHCNB_01049	2506670659
OG0000433	MCBBHCNB_03713	2506670720
OG0000434	MCBBHCNB_03835	2506670736
OG0000435	MCBBHCNB_03732	2506670739
OG0000436	MCBBHCNB_03748	2506670752
OG0000437	MCBBHCNB_03749	2506670753
OG0000438	MCBBHCNB_03750	2506670754
OG0000439	MCBBHCNB_02608	2506670792
OG0000440	MCBBHCNB_04170	2506672503, 2506670820
OG0000441	MCBBHCNB_02406	2506670878
OG0000442	MCBBHCNB_03373	2506670885
OG0000443	MCBBHCNB_03441	2506670900
OG0000444	MCBBHCNB_04667	2506671982
OG0000445	MCBBHCNB_04045	2506670966
OG0000446	MCBBHCNB_04468	2506670973
OG0000447	MCBBHCNB_03087	2506670978
OG0000448	MCBBHCNB_02281	2506670988
OG0000449	MCBBHCNB_01639	2506671015
OG0000450	MCBBHCNB_03683	2506671041
OG0000451	MCBBHCNB_03918	2506671051
OG0000452	MCBBHCNB_04038	2506671090
OG0000453	MCBBHCNB_03425	2506671095
OG0000454	MCBBHCNB_03426	2506671096
OG0000455	MCBBHCNB_04041	2506671099
OG0000456	MCBBHCNB_04042	2506671100
OG0000457	MCBBHCNB_03336, MCBBHCNB_03080	2506671104
OG0000458	MCBBHCNB_02189	2506671105, 2506672481
OG0000459	MCBBHCNB_00536	2506671106
OG0000460	MCBBHCNB_02774	2506671568, 2506671140
OG0000461	MCBBHCNB_04206	2506671148
OG0000462	MCBBHCNB_02502	2506671167, 2506671386
OG0000463	MCBBHCNB_00260	2506671172
OG0000464	MCBBHCNB_03420	2506672064, 2506671219
OG0000465	MCBBHCNB_00540	2506671233
OG0000466	MCBBHCNB_03881	2506671260
OG0000467	MCBBHCNB_04576	2506671265
OG0000468	MCBBHCNB_04587	2506671267
OG0000469	MCBBHCNB_01243	2506671273
OG0000470	MCBBHCNB_02687	2506671275
OG0000471	MCBBHCNB_01206	2506671641, 2506671280
OG0000472	MCBBHCNB_01201	2506671286
OG0000473	MCBBHCNB_04446	2506671311
OG0000474	MCBBHCNB_02089	2506671418
OG0000475	MCBBHCNB_03330	2506671432
OG0000476	MCBBHCNB_00818	2506671447, 2506671887
OG0000477	MCBBHCNB_03738	2506671454
OG0000478	MCBBHCNB_03737	2506671455
OG0000479	MCBBHCNB_02620	2506672178, 2506671460
OG0000480	MCBBHCNB_02232	2506671477
OG0000481	MCBBHCNB_02233	2506671479
OG0000482	MCBBHCNB_03561	2506671485
OG0000483	MCBBHCNB_02210	2506671533, 2506671795
OG0000484	MCBBHCNB_02209	2506671534, 2506671799
OG0000485	MCBBHCNB_02207	2506671535
OG0000486	MCBBHCNB_02638	2506671579
OG0000487	MCBBHCNB_00642	2506671649
OG0000488	MCBBHCNB_00646	2506671654
OG0000489	MCBBHCNB_00552	2506671678, 2506672415
OG0000490	MCBBHCNB_03684	2506671687
OG0000491	MCBBHCNB_03685	2506671688
OG0000492	MCBBHCNB_03686	2506671689
OG0000493	MCBBHCNB_03687	2506671690
OG0000494	MCBBHCNB_03222	2506671721
OG0000495	MCBBHCNB_02301	2506671740
OG0000496	MCBBHCNB_02918	2506671765
OG0000497	MCBBHCNB_02352	2506671791
OG0000499	MCBBHCNB_02686	2506671812
OG0000500	MCBBHCNB_01079	2506671823
OG0000501	MCBBHCNB_00743	2506671824
OG0000502	MCBBHCNB_02274	2506671845
OG0000503	MCBBHCNB_02263	2506671850
OG0000504	MCBBHCNB_02265	2506671852
OG0000505	MCBBHCNB_04303	2506671857, 2506672347
OG0000506	MCBBHCNB_03985	2506671863
OG0000507	MCBBHCNB_01504	2506671874
OG0000508	MCBBHCNB_01505	2506671875
OG0000509	MCBBHCNB_01506	2506671876
OG0000510	MCBBHCNB_01507	2506671877
OG0000511	MCBBHCNB_02390	2506671888
OG0000512	MCBBHCNB_01765	2506671902
OG0000513	MCBBHCNB_01766	2506671903
OG0000514	MCBBHCNB_01767	2506671904
OG0000515	MCBBHCNB_01768	2506671905
OG0000516	MCBBHCNB_01769	2506671906
OG0000517	MCBBHCNB_01772	2506671909
OG0000518	MCBBHCNB_01773	2506671910
OG0000519	MCBBHCNB_01774	2506671911
OG0000520	MCBBHCNB_01775	2506671912
OG0000521	MCBBHCNB_04456	2506671933
OG0000522	MCBBHCNB_03295	2506671940
OG0000523	MCBBHCNB_03296	2506671941
OG0000524	MCBBHCNB_03297	2506671942
OG0000525	MCBBHCNB_03298	2506671943
OG0000526	MCBBHCNB_03308	2506671944
OG0000527	MCBBHCNB_03309	2506671945
OG0000528	MCBBHCNB_03310	2506671946
OG0000529	MCBBHCNB_04291	2506671950
OG0000530	MCBBHCNB_01304	2506671967
OG0000531	MCBBHCNB_01302	2506671969
OG0000532	MCBBHCNB_01288	2506671990
OG0000533	MCBBHCNB_01285	2506671994
OG0000534	MCBBHCNB_02660	2506672004
OG0000535	MCBBHCNB_02632	2506672035
OG0000536	MCBBHCNB_02240	2506672059
OG0000537	MCBBHCNB_02684	2506672069
OG0000538	MCBBHCNB_02681	2506672070
OG0000539	MCBBHCNB_01877	2506672176
OG0000540	MCBBHCNB_01498	2506672184
OG0000541	MCBBHCNB_01497	2506672186
OG0000542	MCBBHCNB_00766	2506672223
OG0000543	MCBBHCNB_00764	2506672226
OG0000544	MCBBHCNB_00762	2506672229
OG0000545	MCBBHCNB_04028	2506672248
OG0000546	MCBBHCNB_04032	2506672252
OG0000547	MCBBHCNB_04033	2506672253
OG0000548	MCBBHCNB_03347	2506672284, 2506672711
OG0000549	MCBBHCNB_00845	2506672289
OG0000550	MCBBHCNB_00846	2506672290
OG0000551	MCBBHCNB_00715	2506672312
OG0000552	MCBBHCNB_00840	2506672334
OG0000553	MCBBHCNB_00841	2506672335
OG0000554	MCBBHCNB_00843	2506672337
OG0000555	MCBBHCNB_00844	2506672338
OG0000556	MCBBHCNB_02693	2506672351
OG0000557	MCBBHCNB_04123	2506672363
OG0000558	MCBBHCNB_04116	2506672370
OG0000559	MCBBHCNB_04115	2506672371
OG0000560	MCBBHCNB_01184	2506672401
OG0000561	MCBBHCNB_00539	2506672426
OG0000562	MCBBHCNB_02689	2506672443
OG0000563	MCBBHCNB_02248	2506672458
OG0000564	MCBBHCNB_02247	2506672459
OG0000565	MCBBHCNB_01324	2506672484
OG0000566	MCBBHCNB_01325	2506672485
OG0000567	MCBBHCNB_03062	2506672518
OG0000568	MCBBHCNB_03187	2506672544
OG0000569	MCBBHCNB_02131	2506672549
OG0000570	MCBBHCNB_03179	2506672557
OG0000571	MCBBHCNB_02571	2506672564
OG0000572	MCBBHCNB_01220	2506672589
OG0000573	MCBBHCNB_02647	2506672600
OG0000574	MCBBHCNB_02728	2506672658
OG0000575	MCBBHCNB_02530	2506672694
OG0000576	MCBBHCNB_03333	2506672696
OG0000602	MCBBHCNB_01395	2506669345, 2506669559
OG0000603	MCBBHCNB_04191	2506669355
OG0000604	MCBBHCNB_04190	2506669356
OG0000605	MCBBHCNB_04514	2506669370
OG0000606	MCBBHCNB_04513	2506669371
OG0000607	MCBBHCNB_04511	2506669373
OG0000608	MCBBHCNB_04508	2506669375
OG0000609	MCBBHCNB_04507	2506669376
OG0000610	MCBBHCNB_04506	2506669377
OG0000611	MCBBHCNB_04505	2506669378
OG0000612	MCBBHCNB_04503	2506669380
OG0000613	MCBBHCNB_04502	2506669381
OG0000614	MCBBHCNB_04501	2506669382
OG0000615	MCBBHCNB_03843	2506669385
OG0000616	MCBBHCNB_03842	2506669386
OG0000617	MCBBHCNB_01749	2506669393
OG0000618	MCBBHCNB_00932	2506669397
OG0000619	MCBBHCNB_00933	2506669398
OG0000620	MCBBHCNB_00934	2506669399
OG0000621	MCBBHCNB_00850	2506669400
OG0000622	MCBBHCNB_00796	2506669407
OG0000623	MCBBHCNB_04650	2506669412
OG0000624	MCBBHCNB_04649	2506669413
OG0000625	MCBBHCNB_04645	2506669418
OG0000626	MCBBHCNB_04644	2506669419
OG0000627	MCBBHCNB_04643	2506669420
OG0000628	MCBBHCNB_04642	2506669421
OG0000629	MCBBHCNB_04641	2506669422
OG0000630	MCBBHCNB_04639	2506669424
OG0000631	MCBBHCNB_04638	2506669425
OG0000632	MCBBHCNB_04637	2506669426
OG0000633	MCBBHCNB_04635	2506669427
OG0000634	MCBBHCNB_04634	2506669428
OG0000635	MCBBHCNB_00588	2506669430
OG0000636	MCBBHCNB_00582	2506669431
OG0000637	MCBBHCNB_00522	2506669433
OG0000638	MCBBHCNB_00523	2506669447
OG0000639	MCBBHCNB_00524	2506669448
OG0000640	MCBBHCNB_00525	2506669450
OG0000641	MCBBHCNB_00526	2506669451
OG0000642	MCBBHCNB_00527	2506669456
OG0000643	MCBBHCNB_00530	2506669460
OG0000644	MCBBHCNB_04593	2506669463
OG0000645	MCBBHCNB_04594	2506669464
OG0000646	MCBBHCNB_04595	2506669465
OG0000647	MCBBHCNB_04596	2506669466
OG0000648	MCBBHCNB_04597	2506669467
OG0000649	MCBBHCNB_04598	2506669468
OG0000650	MCBBHCNB_04599	2506669469
OG0000651	MCBBHCNB_03855	2506669474, 2506671624
OG0000652	MCBBHCNB_03860	2506669483, 2506670994
OG0000653	MCBBHCNB_04759	2506669491
OG0000654	MCBBHCNB_04760	2506669492
OG0000655	MCBBHCNB_00253	2506669496
OG0000656	MCBBHCNB_00254	2506669497
OG0000657	MCBBHCNB_00255	2506669498
OG0000658	MCBBHCNB_04382	2506669500
OG0000659	MCBBHCNB_00931	2506669504
OG0000660	MCBBHCNB_00930	2506669505
OG0000661	MCBBHCNB_03997	2506669508
OG0000662	MCBBHCNB_00290	2506669511
OG0000663	MCBBHCNB_00294	2506669515
OG0000664	MCBBHCNB_00295	2506669516
OG0000665	MCBBHCNB_00296	2506669517
OG0000666	MCBBHCNB_00302	2506669524
OG0000667	MCBBHCNB_00304	2506669526
OG0000668	MCBBHCNB_00312	2506669529
OG0000669	MCBBHCNB_00316	2506669531
OG0000670	MCBBHCNB_00288	2506669533
OG0000671	MCBBHCNB_00471	2506669539
OG0000672	MCBBHCNB_00472	2506669546
OG0000673	MCBBHCNB_01399	2506669553
OG0000674	MCBBHCNB_01397	2506669557
OG0000675	MCBBHCNB_01396	2506669558
OG0000676	MCBBHCNB_00977	2506669567
OG0000677	MCBBHCNB_00978	2506669568
OG0000678	MCBBHCNB_00980	2506669570
OG0000679	MCBBHCNB_00981	2506669571
OG0000680	MCBBHCNB_00982	2506669572
OG0000681	MCBBHCNB_00983	2506669573
OG0000682	MCBBHCNB_00984	2506669574
OG0000683	MCBBHCNB_02566	2506669576, 2506669593
OG0000684	MCBBHCNB_02558	2506669596, 2506669577
OG0000685	MCBBHCNB_02557	2506669579, 2506669597
OG0000686	MCBBHCNB_02556	2506669580, 2506669598
OG0000687	MCBBHCNB_03866	2506669583
OG0000688	MCBBHCNB_02555	2506669599, 2506669584
OG0000689	MCBBHCNB_00990	2506669601
OG0000690	MCBBHCNB_00991	2506669602
OG0000691	MCBBHCNB_02567	2506669619
OG0000692	MCBBHCNB_04434	2506669627
OG0000693	MCBBHCNB_04432	2506669629
OG0000694	MCBBHCNB_04431	2506669630
OG0000695	MCBBHCNB_04428	2506669634
OG0000696	MCBBHCNB_04464	2506669638
OG0000698	MCBBHCNB_01405	2506669640
OG0000699	MCBBHCNB_01407	2506669643
OG0000700	MCBBHCNB_01875	2506669645
OG0000701	MCBBHCNB_03247	2506669649
OG0000702	MCBBHCNB_04193	2506671307, 2506670589, 2506669660
OG0000703	MCBBHCNB_00568	2506669678
OG0000704	MCBBHCNB_00566	2506669680
OG0000705	MCBBHCNB_00565	2506669681
OG0000706	MCBBHCNB_01008	2506669682
OG0000707	MCBBHCNB_01004	2506669686
OG0000708	MCBBHCNB_01001	2506669689
OG0000709	MCBBHCNB_03610	2506669691
OG0000710	MCBBHCNB_04182	2506669693
OG0000711	MCBBHCNB_04342	2506669700
OG0000712	MCBBHCNB_04338	2506669707
OG0000713	MCBBHCNB_04337	2506669708
OG0000714	MCBBHCNB_00656	2506669709
OG0000715	MCBBHCNB_00657	2506669710
OG0000716	MCBBHCNB_04616	2506669718
OG0000717	MCBBHCNB_04621	2506669720
OG0000718	MCBBHCNB_01254	2506669725
OG0000719	MCBBHCNB_01252	2506669727
OG0000720	MCBBHCNB_00953	2506669729
OG0000721	MCBBHCNB_00952	2506669730
OG0000722	MCBBHCNB_00951	2506669731
OG0000723	MCBBHCNB_00950	2506669732
OG0000724	MCBBHCNB_00949	2506669733
OG0000725	MCBBHCNB_00948	2506669734
OG0000726	MCBBHCNB_00945	2506669738
OG0000727	MCBBHCNB_00944	2506669739
OG0000728	MCBBHCNB_00943	2506669740
OG0000729	MCBBHCNB_00942	2506669741
OG0000730	MCBBHCNB_00941	2506669742
OG0000731	MCBBHCNB_00940	2506669743
OG0000732	MCBBHCNB_00937	2506669745
OG0000733	MCBBHCNB_00936	2506669746
OG0000734	MCBBHCNB_01643	2506669754
OG0000735	MCBBHCNB_01642	2506669755
OG0000736	MCBBHCNB_01641	2506669756
OG0000737	MCBBHCNB_01640	2506669758
OG0000738	MCBBHCNB_01638	2506669761
OG0000739	MCBBHCNB_01637	2506669762
OG0000740	MCBBHCNB_03345	2506669763
OG0000741	MCBBHCNB_03346	2506669765
OG0000742	MCBBHCNB_04481	2506669766
OG0000743	MCBBHCNB_01375	2506669769
OG0000744	MCBBHCNB_01374	2506669770
OG0000745	MCBBHCNB_01373	2506669771
OG0000746	MCBBHCNB_01372	2506669772
OG0000747	MCBBHCNB_01371	2506669773
OG0000748	MCBBHCNB_01370	2506669774
OG0000749	MCBBHCNB_01368	2506669776
OG0000750	MCBBHCNB_02622	2506669781
OG0000751	MCBBHCNB_00559	2506669782
OG0000752	MCBBHCNB_00793	2506669784
OG0000753	MCBBHCNB_03631	2506669786
OG0000754	MCBBHCNB_00653	2506669791
OG0000755	MCBBHCNB_00654	2506669793
OG0000756	MCBBHCNB_00655	2506669794
OG0000757	MCBBHCNB_04486	2506669796
OG0000758	MCBBHCNB_04462	2506669799
OG0000759	MCBBHCNB_04461	2506669800
OG0000760	MCBBHCNB_04460	2506669801
OG0000761	MCBBHCNB_04131	2506669809
OG0000762	MCBBHCNB_04132	2506669810
OG0000763	MCBBHCNB_04133	2506669811
OG0000764	MCBBHCNB_04478	2506669817
OG0000765	MCBBHCNB_04477	2506669818
OG0000766	MCBBHCNB_04476	2506669819
OG0000767	MCBBHCNB_04475	2506669820
OG0000768	MCBBHCNB_04474	2506669821
OG0000769	MCBBHCNB_04473	2506669822
OG0000770	MCBBHCNB_04472	2506669823
OG0000771	MCBBHCNB_04467	2506669824
OG0000772	MCBBHCNB_04466	2506669825
OG0000773	MCBBHCNB_03890	2506669857
OG0000774	MCBBHCNB_03889	2506669858
OG0000775	MCBBHCNB_01059	2506669860
OG0000776	MCBBHCNB_01058	2506669861
OG0000777	MCBBHCNB_03887	2506669867
OG0000778	MCBBHCNB_03886	2506669868
OG0000779	MCBBHCNB_03885	2506669869
OG0000780	MCBBHCNB_03884	2506669870
OG0000781	MCBBHCNB_00959	2506669875
OG0000782	MCBBHCNB_00958	2506669876
OG0000783	MCBBHCNB_00957	2506669878
OG0000784	MCBBHCNB_00956, MCBBHCNB_00954	2506669885
OG0000785	MCBBHCNB_02495	2506672202, 2506669895, 2506669953
OG0000786	MCBBHCNB_03174	2506669919
OG0000787	MCBBHCNB_00512	2506669922
OG0000788	MCBBHCNB_04181	2506669934
OG0000789	MCBBHCNB_02245	2506669937
OG0000790	MCBBHCNB_02657	2506669940
OG0000791	MCBBHCNB_02656	2506669941
OG0000792	MCBBHCNB_02250	2506669943
OG0000793	MCBBHCNB_04048	2506669946
OG0000795	MCBBHCNB_03516	2506669959
OG0000796	MCBBHCNB_02830	2506669960
OG0000797	MCBBHCNB_03546	2506669975
OG0000798	MCBBHCNB_03544	2506669977
OG0000799	MCBBHCNB_03543	2506669982
OG0000800	MCBBHCNB_03542	2506669983
OG0000801	MCBBHCNB_03541	2506669984
OG0000802	MCBBHCNB_01466	2506669989
OG0000803	MCBBHCNB_01467	2506669990
OG0000804	MCBBHCNB_01468	2506669991
OG0000805	MCBBHCNB_01469	2506669992
OG0000806	MCBBHCNB_01470	2506669993
OG0000807	MCBBHCNB_01471	2506669994
OG0000808	MCBBHCNB_01472	2506669995
OG0000809	MCBBHCNB_01473	2506669996
OG0000810	MCBBHCNB_01626	2506670003
OG0000811	MCBBHCNB_01627	2506670004
OG0000812	MCBBHCNB_01629	2506670006
OG0000813	MCBBHCNB_01630	2506670007
OG0000814	MCBBHCNB_04052	2506670014
OG0000815	MCBBHCNB_02224	2506670018
OG0000816	MCBBHCNB_02226	2506670019
OG0000817	MCBBHCNB_02228	2506670021
OG0000818	MCBBHCNB_03260	2506670022
OG0000819	MCBBHCNB_03259	2506670023
OG0000820	MCBBHCNB_03258	2506670024
OG0000821	MCBBHCNB_03256	2506670027
OG0000822	MCBBHCNB_03255	2506670028
OG0000823	MCBBHCNB_03254	2506670029
OG0000824	MCBBHCNB_03252	2506670031
OG0000825	MCBBHCNB_03251	2506670032
OG0000826	MCBBHCNB_03250	2506670033
OG0000827	MCBBHCNB_03249	2506670034
OG0000828	MCBBHCNB_03559	2506670043
OG0000829	MCBBHCNB_03565	2506670048
OG0000830	MCBBHCNB_03566	2506670049
OG0000831	MCBBHCNB_01894	2506670051
OG0000832	MCBBHCNB_04630	2506670052
OG0000833	MCBBHCNB_01895	2506670062
OG0000834	MCBBHCNB_01697	2506670063
OG0000835	MCBBHCNB_01694	2506670066
OG0000836	MCBBHCNB_01689, MCBBHCNB_01683	2506670069
OG0000837	MCBBHCNB_01681	2506671297, 2506670071
OG0000838	MCBBHCNB_03214	2506670084
OG0000840	MCBBHCNB_01902	2506670088
OG0000841	MCBBHCNB_01901	2506670089
OG0000842	MCBBHCNB_01900	2506670091
OG0000843	MCBBHCNB_01403	2506670092
OG0000844	MCBBHCNB_01151	2506670093
OG0000845	MCBBHCNB_00770	2506670099
OG0000846	MCBBHCNB_00768	2506670101
OG0000847	MCBBHCNB_03585	2506670102
OG0000848	MCBBHCNB_03609	2506670105
OG0000849	MCBBHCNB_03608	2506670106
OG0000850	MCBBHCNB_03606	2506670108
OG0000851	MCBBHCNB_03604	2506670110
OG0000852	MCBBHCNB_03913	2506670113
OG0000853	MCBBHCNB_02201	2506670123
OG0000854	MCBBHCNB_04440	2506670130
OG0000855	MCBBHCNB_04443	2506670133
OG0000856	MCBBHCNB_02062	2506670135
OG0000857	MCBBHCNB_02169	2506670153
OG0000858	MCBBHCNB_01824	2506670158
OG0000859	MCBBHCNB_01823	2506670159
OG0000860	MCBBHCNB_01821	2506670162
OG0000861	MCBBHCNB_01820	2506670163
OG0000862	MCBBHCNB_01819	2506670164
OG0000863	MCBBHCNB_01818	2506670165
OG0000864	MCBBHCNB_01817	2506670166
OG0000865	MCBBHCNB_01816	2506670167
OG0000866	MCBBHCNB_01815	2506670168
OG0000867	MCBBHCNB_01814	2506670169
OG0000868	MCBBHCNB_01813	2506670170
OG0000869	MCBBHCNB_01812	2506670171
OG0000870	MCBBHCNB_01809	2506670174
OG0000871	MCBBHCNB_01807	2506670176
OG0000872	MCBBHCNB_01805	2506670178
OG0000873	MCBBHCNB_01800	2506670183
OG0000874	MCBBHCNB_01799	2506670184
OG0000875	MCBBHCNB_01798	2506670185
OG0000876	MCBBHCNB_01797	2506670186
OG0000877	MCBBHCNB_01796	2506670187
OG0000878	MCBBHCNB_01795	2506670188
OG0000879	MCBBHCNB_01792	2506670190
OG0000880	MCBBHCNB_02382	2506670192
OG0000881	MCBBHCNB_02609	2506670193
OG0000882	MCBBHCNB_02610	2506670194
OG0000883	MCBBHCNB_02253	2506670199
OG0000884	MCBBHCNB_02931	2506670205
OG0000885	MCBBHCNB_02932	2506670206
OG0000886	MCBBHCNB_02933	2506670207
OG0000887	MCBBHCNB_02934	2506670208
OG0000888	MCBBHCNB_02941	2506670210
OG0000889	MCBBHCNB_02942	2506670211
OG0000890	MCBBHCNB_02905	2506670219
OG0000891	MCBBHCNB_02906	2506670220
OG0000892	MCBBHCNB_02907	2506670222
OG0000893	MCBBHCNB_02909	2506670224
OG0000894	MCBBHCNB_02288	2506670252
OG0000895	MCBBHCNB_02287	2506670253
OG0000896	MCBBHCNB_02286	2506670254
OG0000897	MCBBHCNB_03698	2506671190, 2506670258
OG0000898	MCBBHCNB_02388	2506670267
OG0000899	MCBBHCNB_02386	2506670269
OG0000900	MCBBHCNB_04471	2506670271
OG0000901	MCBBHCNB_02621	2506670272
OG0000902	MCBBHCNB_00927	2506670318
OG0000903	MCBBHCNB_03422	2506670343
OG0000904	MCBBHCNB_00925	2506670358
OG0000905	MCBBHCNB_00926	2506670368
OG0000906	MCBBHCNB_04082	2506670383
OG0000907	MCBBHCNB_04081	2506670391
OG0000908	MCBBHCNB_03722, MCBBHCNB_03724	2506670399
OG0000909	MCBBHCNB_03720	2506670400
OG0000910	MCBBHCNB_02807	2506670403
OG0000911	MCBBHCNB_02808	2506670404
OG0000912	MCBBHCNB_02809	2506670405
OG0000913	MCBBHCNB_02813	2506670408
OG0000914	MCBBHCNB_02815	2506670410
OG0000915	MCBBHCNB_02816	2506670411
OG0000916	MCBBHCNB_02817	2506670412
OG0000917	MCBBHCNB_02818	2506670413
OG0000918	MCBBHCNB_02819	2506670414
OG0000919	MCBBHCNB_02820	2506670415
OG0000920	MCBBHCNB_00639	2506670418
OG0000921	MCBBHCNB_00640	2506670419
OG0000922	MCBBHCNB_04140	2506670425
OG0000923	MCBBHCNB_00917	2506670426
OG0000924	MCBBHCNB_00912	2506670432
OG0000925	MCBBHCNB_03071	2506670433
OG0000926	MCBBHCNB_04335	2506670434
OG0000927	MCBBHCNB_04334	2506670436
OG0000928	MCBBHCNB_04333	2506670437
OG0000929	MCBBHCNB_04332	2506670438
OG0000930	MCBBHCNB_04331	2506670439
OG0000931	MCBBHCNB_04330	2506670440
OG0000932	MCBBHCNB_04329	2506670441
OG0000933	MCBBHCNB_04328	2506670442
OG0000934	MCBBHCNB_04327	2506670443
OG0000935	MCBBHCNB_04325	2506670445
OG0000936	MCBBHCNB_04324	2506670446
OG0000937	MCBBHCNB_04323	2506670447
OG0000938	MCBBHCNB_04322	2506670448
OG0000939	MCBBHCNB_04321	2506670449
OG0000940	MCBBHCNB_04320	2506670453
OG0000941	MCBBHCNB_04319	2506670454
OG0000942	MCBBHCNB_00869	2506670456
OG0000943	MCBBHCNB_00870	2506670457
OG0000944	MCBBHCNB_00871	2506670458
OG0000945	MCBBHCNB_00872	2506670459
OG0000946	MCBBHCNB_00873	2506670460
OG0000947	MCBBHCNB_00874	2506670461
OG0000948	MCBBHCNB_00875	2506670462
OG0000949	MCBBHCNB_00876	2506670463
OG0000950	MCBBHCNB_00877	2506670464
OG0000951	MCBBHCNB_00878	2506670465
OG0000952	MCBBHCNB_00884	2506670471
OG0000953	MCBBHCNB_00890	2506670477
OG0000954	MCBBHCNB_00891	2506670478
OG0000955	MCBBHCNB_00900	2506670486
OG0000956	MCBBHCNB_01259	2506670501
OG0000957	MCBBHCNB_00928	2506670504
OG0000958	MCBBHCNB_00256	2506670505
OG0000959	MCBBHCNB_04020	2506670563, 2506670508
OG0000960	MCBBHCNB_00470	2506670524
OG0000961	MCBBHCNB_01021	2506670526
OG0000962	MCBBHCNB_01020	2506670527
OG0000963	MCBBHCNB_01019	2506670528
OG0000964	MCBBHCNB_01018	2506670529
OG0000965	MCBBHCNB_01411	2506670532
OG0000966	MCBBHCNB_01412	2506670533
OG0000967	MCBBHCNB_01413	2506670534
OG0000969	MCBBHCNB_01427	2506670554
OG0000970	MCBBHCNB_01430	2506670558
OG0000971	MCBBHCNB_01432	2506670561
OG0000972	MCBBHCNB_00819	2506670564
OG0000973	MCBBHCNB_00820	2506670565
OG0000974	MCBBHCNB_00821	2506670566
OG0000975	MCBBHCNB_00822	2506670567
OG0000976	MCBBHCNB_00824	2506670569
OG0000977	MCBBHCNB_00825	2506670570
OG0000978	MCBBHCNB_00826	2506670571
OG0000979	MCBBHCNB_00827	2506670572
OG0000980	MCBBHCNB_00828	2506670573
OG0000981	MCBBHCNB_00829	2506670574
OG0000982	MCBBHCNB_00830	2506670575
OG0000983	MCBBHCNB_00831	2506670576
OG0000984	MCBBHCNB_00832	2506670577
OG0000985	MCBBHCNB_00833	2506670578
OG0000986	MCBBHCNB_00834	2506670579
OG0000987	MCBBHCNB_00835	2506670580
OG0000988	MCBBHCNB_04590	2506670584
OG0000989	MCBBHCNB_01210	2506670601
OG0000990	MCBBHCNB_03228	2506670613, 2506671726
OG0000991	MCBBHCNB_01211	2506672427, 2506670615
OG0000992	MCBBHCNB_01213	2506670617
OG0000993	MCBBHCNB_01073	2506670626
OG0000994	MCBBHCNB_01070	2506670628
OG0000995	MCBBHCNB_01067	2506670634
OG0000996	MCBBHCNB_01066	2506670635
OG0000997	MCBBHCNB_01065	2506670636
OG0000998	MCBBHCNB_01064	2506670637
OG0000999	MCBBHCNB_01063	2506670638
OG0001000	MCBBHCNB_01057	2506670643
OG0001001	MCBBHCNB_01056	2506670644
OG0001002	MCBBHCNB_01055	2506670645
OG0001003	MCBBHCNB_01053	2506670648
OG0001004	MCBBHCNB_01050	2506670658
OG0001005	MCBBHCNB_03922	2506670661
OG0001006	MCBBHCNB_01175	2506670665
OG0001007	MCBBHCNB_01176	2506670666
OG0001008	MCBBHCNB_01047	2506670667
OG0001009	MCBBHCNB_01043	2506670674
OG0001010	MCBBHCNB_01042	2506670675
OG0001011	MCBBHCNB_01041	2506670676
OG0001012	MCBBHCNB_01040	2506670678
OG0001013	MCBBHCNB_03621	2506670690
OG0001014	MCBBHCNB_02092	2506670691
OG0001015	MCBBHCNB_02093	2506670692
OG0001016	MCBBHCNB_02094	2506670693
OG0001017	MCBBHCNB_02095	2506670694
OG0001018	MCBBHCNB_02104	2506670699
OG0001019	MCBBHCNB_02105	2506670701
OG0001020	MCBBHCNB_03706	2506670715
OG0001021	MCBBHCNB_03714	2506670718
OG0001022	MCBBHCNB_03711	2506670721
OG0001023	MCBBHCNB_03246	2506670732
OG0001024	MCBBHCNB_03733	2506670740
OG0001025	MCBBHCNB_03735	2506670743
OG0001026	MCBBHCNB_03736	2506670744
OG0001027	MCBBHCNB_03739	2506671453, 2506670745
OG0001028	MCBBHCNB_03745	2506670746
OG0001029	MCBBHCNB_03746	2506670750
OG0001030	MCBBHCNB_03747	2506670751
OG0001031	MCBBHCNB_03751	2506670757
OG0001032	MCBBHCNB_03752	2506670758
OG0001033	MCBBHCNB_03753	2506670759
OG0001034	MCBBHCNB_03754	2506670760
OG0001035	MCBBHCNB_03755	2506670761
OG0001036	MCBBHCNB_03760	2506670766
OG0001037	MCBBHCNB_03761	2506670767
OG0001038	MCBBHCNB_03762	2506670768
OG0001039	MCBBHCNB_03763	2506670769
OG0001040	MCBBHCNB_03764	2506670770
OG0001041	MCBBHCNB_03765	2506670771
OG0001042	MCBBHCNB_03766	2506670772
OG0001043	MCBBHCNB_03767	2506670773
OG0001044	MCBBHCNB_03769	2506670775
OG0001045	MCBBHCNB_03770	2506670776
OG0001046	MCBBHCNB_03771	2506670777
OG0001047	MCBBHCNB_03772	2506670778
OG0001048	MCBBHCNB_03773	2506670779
OG0001049	MCBBHCNB_00263	2506670791
OG0001050	MCBBHCNB_02236	2506670805
OG0001051	MCBBHCNB_01415	2506670815
OG0001052	MCBBHCNB_02234	2506670818
OG0001053	MCBBHCNB_04199	2506670821
OG0001054	MCBBHCNB_03196	2506670824
OG0001055	MCBBHCNB_03197	2506670825
OG0001056	MCBBHCNB_03198	2506670826
OG0001057	MCBBHCNB_03199	2506670827
OG0001058	MCBBHCNB_03200	2506670828
OG0001059	MCBBHCNB_03201	2506670829
OG0001060	MCBBHCNB_03202	2506670830
OG0001061	MCBBHCNB_02381	2506670831
OG0001062	MCBBHCNB_02380	2506670832
OG0001063	MCBBHCNB_02379	2506670833
OG0001064	MCBBHCNB_02378	2506670834
OG0001065	MCBBHCNB_02377	2506670835
OG0001066	MCBBHCNB_02376	2506670836
OG0001067	MCBBHCNB_02375	2506670837
OG0001068	MCBBHCNB_02374	2506670838
OG0001069	MCBBHCNB_02373	2506670839
OG0001070	MCBBHCNB_03615	2506670847
OG0001071	MCBBHCNB_03616	2506670848
OG0001072	MCBBHCNB_03617	2506670849
OG0001073	MCBBHCNB_03618	2506670850
OG0001074	MCBBHCNB_03619	2506670851
OG0001075	MCBBHCNB_03620	2506670852
OG0001076	MCBBHCNB_03622	2506670854
OG0001077	MCBBHCNB_04357	2506670858
OG0001078	MCBBHCNB_04356	2506670859
OG0001079	MCBBHCNB_04166	2506670860
OG0001080	MCBBHCNB_01657	2506670864
OG0001081	MCBBHCNB_00865	2506670870
OG0001082	MCBBHCNB_00864	2506670871
OG0001083	MCBBHCNB_02410	2506670874
OG0001084	MCBBHCNB_02408	2506670876
OG0001085	MCBBHCNB_03368	2506670880
OG0001086	MCBBHCNB_03371	2506670883
OG0001087	MCBBHCNB_03372	2506670884
OG0001088	MCBBHCNB_00868	2506670887
OG0001089	MCBBHCNB_01408	2506670888
OG0001090	MCBBHCNB_02825	2506670894
OG0001091	MCBBHCNB_02824	2506670895
OG0001092	MCBBHCNB_02822	2506670897
OG0001093	MCBBHCNB_02821	2506670898
OG0001094	MCBBHCNB_03442	2506670902
OG0001095	MCBBHCNB_04390	2506670904
OG0001096	MCBBHCNB_04391	2506670905
OG0001097	MCBBHCNB_04392	2506670910
OG0001098	MCBBHCNB_04393	2506670911
OG0001099	MCBBHCNB_04394	2506670912
OG0001100	MCBBHCNB_04395	2506670913
OG0001101	MCBBHCNB_04396	2506670914
OG0001102	MCBBHCNB_04398	2506670916
OG0001103	MCBBHCNB_04399	2506670917
OG0001104	MCBBHCNB_04404	2506670920
OG0001105	MCBBHCNB_04405	2506670921
OG0001106	MCBBHCNB_04406	2506670922
OG0001107	MCBBHCNB_04407	2506670923
OG0001108	MCBBHCNB_04408	2506670924
OG0001109	MCBBHCNB_04409	2506670925
OG0001110	MCBBHCNB_04413	2506670929
OG0001111	MCBBHCNB_04414	2506670930
OG0001112	MCBBHCNB_04415	2506670931
OG0001113	MCBBHCNB_04416	2506670932
OG0001114	MCBBHCNB_04417	2506670933
OG0001115	MCBBHCNB_04419	2506670935
OG0001116	MCBBHCNB_04420	2506670937
OG0001117	MCBBHCNB_04421	2506670938
OG0001118	MCBBHCNB_04422	2506670939
OG0001119	MCBBHCNB_04423	2506670940
OG0001120	MCBBHCNB_04344	2506670944
OG0001121	MCBBHCNB_04345	2506670945
OG0001122	MCBBHCNB_04346	2506670946
OG0001123	MCBBHCNB_00857	2506670957
OG0001124	MCBBHCNB_00856	2506670958
OG0001125	MCBBHCNB_01202	2506670962
OG0001126	MCBBHCNB_01203	2506672129, 2506670963
OG0001127	MCBBHCNB_04214	2506671162
OG0001128	MCBBHCNB_04469	2506670975
OG0001129	MCBBHCNB_03054	2506670979
OG0001130	MCBBHCNB_03053	2506670980
OG0001131	MCBBHCNB_01392	2506672054, 2506671002
OG0001132	MCBBHCNB_01296	2506671017
OG0001133	MCBBHCNB_03148	2506671019
OG0001134	MCBBHCNB_03149	2506671020
OG0001135	MCBBHCNB_03150	2506671021
OG0001136	MCBBHCNB_03151	2506671022
OG0001137	MCBBHCNB_03152	2506671023
OG0001138	MCBBHCNB_03153	2506671025
OG0001139	MCBBHCNB_03154	2506671026
OG0001140	MCBBHCNB_03155	2506671027
OG0001141	MCBBHCNB_03156	2506671028
OG0001142	MCBBHCNB_03157	2506671029
OG0001143	MCBBHCNB_03158	2506671030
OG0001144	MCBBHCNB_03159	2506671031
OG0001145	MCBBHCNB_03160	2506671032
OG0001146	MCBBHCNB_03161	2506671033
OG0001147	MCBBHCNB_03162	2506671034
OG0001148	MCBBHCNB_01401	2506671035
OG0001149	MCBBHCNB_03163	2506671036
OG0001150	MCBBHCNB_03908	2506671038
OG0001151	MCBBHCNB_03909	2506671040
OG0001152	MCBBHCNB_03911	2506671043
OG0001153	MCBBHCNB_03912	2506671044
OG0001154	MCBBHCNB_03920	2506671053
OG0001155	MCBBHCNB_04178	2506672506, 2506671054
OG0001156	MCBBHCNB_02534	2506671058
OG0001157	MCBBHCNB_02535	2506671059
OG0001158	MCBBHCNB_02536	2506671060
OG0001159	MCBBHCNB_02284	2506671084
OG0001160	MCBBHCNB_02283	2506671085
OG0001161	MCBBHCNB_04036	2506671089
OG0001162	MCBBHCNB_04039	2506671091
OG0001163	MCBBHCNB_04040	2506671092
OG0001164	MCBBHCNB_00498	2506671094
OG0001165	MCBBHCNB_03427	2506671097
OG0001166	MCBBHCNB_00535	2506671107
OG0001167	MCBBHCNB_04205	2506671147
OG0001168	MCBBHCNB_04207	2506671151
OG0001169	MCBBHCNB_04208	2506671153
OG0001170	MCBBHCNB_04209	2506671154
OG0001171	MCBBHCNB_04210	2506671155
OG0001172	MCBBHCNB_04211	2506671156
OG0001173	MCBBHCNB_04212	2506671158
OG0001174	MCBBHCNB_04215	2506671163
OG0001175	MCBBHCNB_04216	2506671164
OG0001176	MCBBHCNB_04217	2506671165
OG0001177	MCBBHCNB_00259	2506671171
OG0001180	MCBBHCNB_04285	2506671197
OG0001181	MCBBHCNB_04243	2506671199
OG0001182	MCBBHCNB_00541	2506671235
OG0001183	MCBBHCNB_00542	2506671236
OG0001184	MCBBHCNB_00543	2506671237
OG0001185	MCBBHCNB_00544	2506671238
OG0001186	MCBBHCNB_00545	2506671239
OG0001187	MCBBHCNB_03863	2506671242
OG0001188	MCBBHCNB_03873	2506671251
OG0001189	MCBBHCNB_03874	2506671252
OG0001190	MCBBHCNB_03875	2506671253
OG0001191	MCBBHCNB_03876	2506671254
OG0001192	MCBBHCNB_03877	2506671255
OG0001193	MCBBHCNB_03879	2506671258
OG0001194	MCBBHCNB_03880	2506671259
OG0001195	MCBBHCNB_03882	2506671261
OG0001196	MCBBHCNB_03883	2506671262
OG0001197	MCBBHCNB_04601	2506671269
OG0001198	MCBBHCNB_03367	2506671272
OG0001199	MCBBHCNB_01244	2506671276
OG0001200	MCBBHCNB_01245	2506671277
OG0001201	MCBBHCNB_01246	2506671278
OG0001202	MCBBHCNB_01204	2506671282
OG0001203	MCBBHCNB_03505	2506671283
OG0001204	MCBBHCNB_01200	2506671287
OG0001205	MCBBHCNB_01199	2506671288
OG0001206	MCBBHCNB_01198	2506671289
OG0001207	MCBBHCNB_01197	2506671290
OG0001208	MCBBHCNB_01196	2506671291
OG0001209	MCBBHCNB_01194	2506671301
OG0001210	MCBBHCNB_01193	2506671302
OG0001211	MCBBHCNB_01192	2506671303
OG0001212	MCBBHCNB_01190	2506671305
OG0001213	MCBBHCNB_00555	2506671313
OG0001214	MCBBHCNB_00554	2506671314
OG0001215	MCBBHCNB_00510	2506671316
OG0001216	MCBBHCNB_00509	2506671317
OG0001217	MCBBHCNB_03366	2506671318
OG0001218	MCBBHCNB_00508	2506671319
OG0001219	MCBBHCNB_00507	2506671320
OG0001220	MCBBHCNB_00806	2506672467, 2506671322
OG0001221	MCBBHCNB_00506	2506671323
OG0001222	MCBBHCNB_00505	2506671324
OG0001223	MCBBHCNB_00504	2506671325
OG0001224	MCBBHCNB_00503	2506671326
OG0001225	MCBBHCNB_03127	2506671334
OG0001226	MCBBHCNB_04602	2506671340
OG0001227	MCBBHCNB_04603	2506671341
OG0001228	MCBBHCNB_04604	2506671342
OG0001229	MCBBHCNB_04605	2506671343
OG0001230	MCBBHCNB_04606	2506671344
OG0001231	MCBBHCNB_01989	2506671345, 2506671599
OG0001232	MCBBHCNB_03017	2506671351
OG0001233	MCBBHCNB_04296	2506671359
OG0001234	MCBBHCNB_04297	2506671360
OG0001235	MCBBHCNB_04298	2506671361
OG0001236	MCBBHCNB_04300	2506671364
OG0001237	MCBBHCNB_04301	2506671365
OG0001238	MCBBHCNB_04302	2506671366
OG0001239	MCBBHCNB_03973	2506671370
OG0001240	MCBBHCNB_03972	2506671371
OG0001241	MCBBHCNB_01010	2506671372
OG0001242	MCBBHCNB_01011	2506671373
OG0001243	MCBBHCNB_01012	2506671374
OG0001244	MCBBHCNB_01013	2506671375
OG0001245	MCBBHCNB_00518	2506671398
OG0001246	MCBBHCNB_00519	2506671399
OG0001247	MCBBHCNB_00520	2506671400
OG0001248	MCBBHCNB_00521	2506671401
OG0001249	MCBBHCNB_02088	2506671419
OG0001250	MCBBHCNB_03332	2506671430
OG0001251	MCBBHCNB_03329	2506671433
OG0001252	MCBBHCNB_02997	2506671434
OG0001253	MCBBHCNB_02998	2506671435
OG0001254	MCBBHCNB_00751	2506671442
OG0001255	MCBBHCNB_03744	2506671449
OG0001256	MCBBHCNB_03743	2506671450
OG0001257	MCBBHCNB_03742	2506671451
OG0001258	MCBBHCNB_03741	2506671452
OG0001259	MCBBHCNB_02231	2506671480
OG0001260	MCBBHCNB_01730	2506671486
OG0001261	MCBBHCNB_00375	2506671497
OG0001262	MCBBHCNB_02211	2506671532, 2506671798
OG0001263	MCBBHCNB_02225	2506671541
OG0001264	MCBBHCNB_01501	2506671639, 2506671554
OG0001265	MCBBHCNB_01992	2506671602
OG0001266	MCBBHCNB_00284	2506671644
OG0001267	MCBBHCNB_00643	2506671651
OG0001268	MCBBHCNB_00644	2506671652
OG0001269	MCBBHCNB_00380	2506671657
OG0001270	MCBBHCNB_00381	2506671658
OG0001271	MCBBHCNB_00548	2506671666
OG0001272	MCBBHCNB_00549	2506671667
OG0001273	MCBBHCNB_00551	2506671677
OG0001274	MCBBHCNB_00319, MCBBHCNB_03536	2506671686
OG0001275	MCBBHCNB_02767	2506671691
OG0001276	MCBBHCNB_00972	2506671693
OG0001277	MCBBHCNB_02797	2506671707
OG0001278	MCBBHCNB_02798	2506671708
OG0001279	MCBBHCNB_02799	2506671709
OG0001280	MCBBHCNB_02800	2506671710
OG0001281	MCBBHCNB_02805	2506671715
OG0001282	MCBBHCNB_02806	2506671716
OG0001283	MCBBHCNB_03219	2506671718
OG0001284	MCBBHCNB_03220	2506671719
OG0001285	MCBBHCNB_03221	2506671720
OG0001286	MCBBHCNB_03223	2506671722
OG0001287	MCBBHCNB_03225	2506671723
OG0001288	MCBBHCNB_03226	2506671724
OG0001289	MCBBHCNB_03227	2506671725
OG0001290	MCBBHCNB_02497	2506671727
OG0001291	MCBBHCNB_02314	2506671730
OG0001292	MCBBHCNB_02304	2506671738
OG0001293	MCBBHCNB_00923	2506671745
OG0001294	MCBBHCNB_03052	2506671747
OG0001295	MCBBHCNB_04352	2506671751
OG0001296	MCBBHCNB_04353	2506671752
OG0001297	MCBBHCNB_04354	2506671753
OG0001298	MCBBHCNB_04355	2506671754
OG0001299	MCBBHCNB_02166	2506671757
OG0001300	MCBBHCNB_02917	2506671764
OG0001301	MCBBHCNB_02952	2506671783
OG0001302	MCBBHCNB_04499	2506671800
OG0001303	MCBBHCNB_01032	2506671801
OG0001304	MCBBHCNB_01028	2506671804
OG0001305	MCBBHCNB_01027	2506671805
OG0001306	MCBBHCNB_01025	2506671807
OG0001307	MCBBHCNB_01022	2506671809
OG0001308	MCBBHCNB_00467	2506671811
OG0001309	MCBBHCNB_04308	2506671831
OG0001310	MCBBHCNB_04307	2506671832
OG0001311	MCBBHCNB_04306	2506671833
OG0001312	MCBBHCNB_04305	2506671834
OG0001313	MCBBHCNB_02264	2506671851
OG0001314	MCBBHCNB_03832	2506671860
OG0001315	MCBBHCNB_03987	2506671861
OG0001316	MCBBHCNB_03984	2506671864
OG0001317	MCBBHCNB_03983	2506671865
OG0001318	MCBBHCNB_03982	2506671866
OG0001319	MCBBHCNB_02552	2506671870
OG0001320	MCBBHCNB_00266	2506671871
OG0001321	MCBBHCNB_01503	2506671873
OG0001322	MCBBHCNB_01228	2506671882
OG0001323	MCBBHCNB_04312	2506671884
OG0001324	MCBBHCNB_04316	2506671885
OG0001325	MCBBHCNB_04317	2506671886
OG0001326	MCBBHCNB_00817	2506671889
OG0001327	MCBBHCNB_00815	2506671891
OG0001328	MCBBHCNB_00814	2506671892
OG0001329	MCBBHCNB_00813	2506671893
OG0001330	MCBBHCNB_00811	2506671897
OG0001331	MCBBHCNB_00810	2506671898
OG0001332	MCBBHCNB_00564	2506671899
OG0001333	MCBBHCNB_00532	2506671914
OG0001334	MCBBHCNB_00533	2506671915
OG0001335	MCBBHCNB_00534	2506671916
OG0001336	MCBBHCNB_00563	2506671919
OG0001337	MCBBHCNB_00562	2506671920
OG0001338	MCBBHCNB_00561	2506671921
OG0001339	MCBBHCNB_00560	2506671922
OG0001340	MCBBHCNB_00557	2506671924
OG0001341	MCBBHCNB_00556	2506671925
OG0001342	MCBBHCNB_04451	2506671928
OG0001343	MCBBHCNB_04452	2506671929
OG0001344	MCBBHCNB_04453	2506671930
OG0001345	MCBBHCNB_04454	2506671931
OG0001346	MCBBHCNB_04455	2506671932
OG0001347	MCBBHCNB_04457	2506671934
OG0001348	MCBBHCNB_04458	2506671935
OG0001349	MCBBHCNB_03291	2506671936
OG0001350	MCBBHCNB_03292	2506671937
OG0001351	MCBBHCNB_03293	2506671938
OG0001352	MCBBHCNB_03294	2506671939
OG0001353	MCBBHCNB_03311	2506671949
OG0001354	MCBBHCNB_01322	2506671956
OG0001355	MCBBHCNB_02282	2506671957
OG0001356	MCBBHCNB_01321	2506671961
OG0001357	MCBBHCNB_01320	2506671962
OG0001358	MCBBHCNB_01319	2506671963
OG0001359	MCBBHCNB_01308	2506671965
OG0001360	MCBBHCNB_01303	2506671968
OG0001361	MCBBHCNB_01301	2506671970
OG0001362	MCBBHCNB_01300	2506671971
OG0001363	MCBBHCNB_01292	2506671978
OG0001364	MCBBHCNB_01291	2506671987
OG0001365	MCBBHCNB_01290	2506671989
OG0001366	MCBBHCNB_02669	2506671995
OG0001367	MCBBHCNB_02668	2506671996
OG0001368	MCBBHCNB_02667	2506671997
OG0001369	MCBBHCNB_02665	2506671999
OG0001370	MCBBHCNB_02664	2506672000
OG0001371	MCBBHCNB_02663	2506672001
OG0001372	MCBBHCNB_02662	2506672002
OG0001373	MCBBHCNB_02661	2506672003
OG0001374	MCBBHCNB_02659	2506672005
OG0001375	MCBBHCNB_02655	2506672011
OG0001376	MCBBHCNB_02868	2506672017
OG0001377	MCBBHCNB_02633	2506672034
OG0001378	MCBBHCNB_02925	2506672040
OG0001379	MCBBHCNB_02427	2506672041
OG0001380	MCBBHCNB_02426	2506672042
OG0001381	MCBBHCNB_02424	2506672045
OG0001382	MCBBHCNB_02423	2506672046
OG0001383	MCBBHCNB_02422	2506672047
OG0001384	MCBBHCNB_02239	2506672060
OG0001385	MCBBHCNB_02685	2506672068
OG0001386	MCBBHCNB_02192	2506672478, 2506672105
OG0001387	MCBBHCNB_02395	2506672107
OG0001388	MCBBHCNB_02396	2506672108
OG0001389	MCBBHCNB_02398	2506672112
OG0001390	MCBBHCNB_02400	2506672114
OG0001391	MCBBHCNB_02401	2506672145
OG0001392	MCBBHCNB_02402	2506672146
OG0001393	MCBBHCNB_02403	2506672147
OG0001394	MCBBHCNB_02404	2506672148
OG0001395	MCBBHCNB_02405	2506672153
OG0001396	MCBBHCNB_01260	2506672155
OG0001397	MCBBHCNB_01261	2506672156
OG0001398	MCBBHCNB_01263	2506672158
OG0001399	MCBBHCNB_01264	2506672159
OG0001400	MCBBHCNB_01266	2506672165
OG0001401	MCBBHCNB_01478	2506672181
OG0001402	MCBBHCNB_01480	2506672183
OG0001403	MCBBHCNB_01481	2506672187
OG0001404	MCBBHCNB_01482	2506672188
OG0001405	MCBBHCNB_01483	2506672189
OG0001406	MCBBHCNB_01485	2506672191
OG0001407	MCBBHCNB_01486	2506672192
OG0001408	MCBBHCNB_01487	2506672193
OG0001409	MCBBHCNB_01488	2506672194
OG0001410	MCBBHCNB_01489	2506672195
OG0001411	MCBBHCNB_01490	2506672196
OG0001412	MCBBHCNB_01491	2506672197
OG0001413	MCBBHCNB_01492	2506672198
OG0001414	MCBBHCNB_01493	2506672199
OG0001415	MCBBHCNB_01494	2506672200
OG0001416	MCBBHCNB_01495	2506672201
OG0001417	MCBBHCNB_01209	2506672224
OG0001418	MCBBHCNB_00765	2506672225
OG0001419	MCBBHCNB_00763	2506672228
OG0001420	MCBBHCNB_00760	2506672231
OG0001421	MCBBHCNB_00759	2506672232
OG0001422	MCBBHCNB_00758	2506672233
OG0001423	MCBBHCNB_00757	2506672234
OG0001424	MCBBHCNB_00756	2506672238
OG0001425	MCBBHCNB_00755	2506672239
OG0001426	MCBBHCNB_00754	2506672240
OG0001427	MCBBHCNB_00753	2506672241
OG0001428	MCBBHCNB_04021	2506672243
OG0001429	MCBBHCNB_04022	2506672244
OG0001430	MCBBHCNB_04023	2506672245
OG0001431	MCBBHCNB_04027	2506672247
OG0001432	MCBBHCNB_04029	2506672249
OG0001433	MCBBHCNB_04031	2506672251
OG0001434	MCBBHCNB_04034	2506672254
OG0001435	MCBBHCNB_04035	2506672255
OG0001436	MCBBHCNB_00742	2506672256
OG0001437	MCBBHCNB_04069	2506672257
OG0001438	MCBBHCNB_04067	2506672259
OG0001439	MCBBHCNB_04066	2506672260
OG0001440	MCBBHCNB_04065	2506672261
OG0001441	MCBBHCNB_04064	2506672262
OG0001442	MCBBHCNB_04063	2506672263
OG0001443	MCBBHCNB_04062	2506672264
OG0001444	MCBBHCNB_04061	2506672265
OG0001445	MCBBHCNB_04060	2506672266
OG0001446	MCBBHCNB_04059	2506672267
OG0001447	MCBBHCNB_04058	2506672268
OG0001448	MCBBHCNB_04056	2506672270
OG0001449	MCBBHCNB_04055	2506672271
OG0001450	MCBBHCNB_04054	2506672272
OG0001451	MCBBHCNB_04053	2506672273
OG0001452	MCBBHCNB_03354	2506672278
OG0001453	MCBBHCNB_03353	2506672279
OG0001454	MCBBHCNB_03352	2506672280
OG0001455	MCBBHCNB_03350	2506672282
OG0001456	MCBBHCNB_03348	2506672283
OG0001457	MCBBHCNB_00538	2506672308
OG0001458	MCBBHCNB_00717	2506672314
OG0001459	MCBBHCNB_00718	2506672315
OG0001460	MCBBHCNB_02490	2506672327
OG0001461	MCBBHCNB_02489	2506672328
OG0001462	MCBBHCNB_00838	2506672332
OG0001463	MCBBHCNB_00839	2506672333
OG0001464	MCBBHCNB_04126	2506672360
OG0001465	MCBBHCNB_04125	2506672361
OG0001466	MCBBHCNB_04122	2506672364
OG0001467	MCBBHCNB_04121	2506672365
OG0001468	MCBBHCNB_04120	2506672366
OG0001469	MCBBHCNB_04119	2506672367
OG0001470	MCBBHCNB_04118	2506672368
OG0001471	MCBBHCNB_04117	2506672369
OG0001472	MCBBHCNB_04114	2506672372
OG0001473	MCBBHCNB_04113	2506672373
OG0001474	MCBBHCNB_04112	2506672374
OG0001475	MCBBHCNB_04111	2506672375
OG0001476	MCBBHCNB_04110	2506672376
OG0001477	MCBBHCNB_04109	2506672377
OG0001478	MCBBHCNB_04108	2506672378
OG0001479	MCBBHCNB_04107	2506672379
OG0001480	MCBBHCNB_04106	2506672380
OG0001481	MCBBHCNB_04105	2506672381
OG0001482	MCBBHCNB_04104	2506672382
OG0001483	MCBBHCNB_04103	2506672383
OG0001484	MCBBHCNB_04102	2506672384
OG0001485	MCBBHCNB_04101	2506672385
OG0001486	MCBBHCNB_04099	2506672386
OG0001487	MCBBHCNB_04098	2506672387
OG0001488	MCBBHCNB_04097	2506672388
OG0001489	MCBBHCNB_04095	2506672389
OG0001490	MCBBHCNB_04094	2506672390
OG0001491	MCBBHCNB_04093	2506672391
OG0001492	MCBBHCNB_04092	2506672392
OG0001493	MCBBHCNB_04090	2506672394
OG0001494	MCBBHCNB_04089	2506672395
OG0001495	MCBBHCNB_04088	2506672396
OG0001496	MCBBHCNB_04087	2506672397
OG0001497	MCBBHCNB_04086	2506672398
OG0001498	MCBBHCNB_04085	2506672399
OG0001499	MCBBHCNB_04084	2506672400
OG0001500	MCBBHCNB_01183	2506672402
OG0001501	MCBBHCNB_01616	2506672403
OG0001502	MCBBHCNB_01618	2506672405
OG0001503	MCBBHCNB_01619	2506672406
OG0001504	MCBBHCNB_01620	2506672407
OG0001505	MCBBHCNB_01345	2506672698, 2506672419
OG0001506	MCBBHCNB_00466	2506672424
OG0001507	MCBBHCNB_03237	2506672446
OG0001508	MCBBHCNB_03238	2506672449
OG0001509	MCBBHCNB_03239	2506672450
OG0001510	MCBBHCNB_03240	2506672451
OG0001511	MCBBHCNB_03243	2506672454
OG0001512	MCBBHCNB_03244	2506672455
OG0001513	MCBBHCNB_02246	2506672460
OG0001515	MCBBHCNB_02196	2506672473
OG0001516	MCBBHCNB_02194	2506672475
OG0001517	MCBBHCNB_02193	2506672476
OG0001518	MCBBHCNB_02188	2506672482
OG0001519	MCBBHCNB_01323	2506672483
OG0001520	MCBBHCNB_01326	2506672486
OG0001521	MCBBHCNB_01327	2506672487
OG0001522	MCBBHCNB_02615	2506672488
OG0001523	MCBBHCNB_01149	2506672492
OG0001524	MCBBHCNB_03365	2506672493
OG0001525	MCBBHCNB_01762	2506672494
OG0001526	MCBBHCNB_01632	2506672496
OG0001527	MCBBHCNB_01631	2506672497
OG0001528	MCBBHCNB_02365	2506672498
OG0001529	MCBBHCNB_02364	2506672499
OG0001530	MCBBHCNB_02724	2506672504
OG0001531	MCBBHCNB_01346	2506672514
OG0001532	MCBBHCNB_03063	2506672516
OG0001533	MCBBHCNB_03060	2506672526
OG0001534	MCBBHCNB_03056	2506672527
OG0001535	MCBBHCNB_00577	2506672529
OG0001536	MCBBHCNB_00576	2506672530
OG0001537	MCBBHCNB_00574	2506672532
OG0001538	MCBBHCNB_00571	2506672535
OG0001539	MCBBHCNB_00570	2506672536
OG0001540	MCBBHCNB_03190	2506672540
OG0001541	MCBBHCNB_03189	2506672542
OG0001542	MCBBHCNB_03188	2506672543
OG0001543	MCBBHCNB_04425	2506672546
OG0001544	MCBBHCNB_01402	2506672547
OG0001545	MCBBHCNB_02132	2506672548
OG0001546	MCBBHCNB_03186	2506672550
OG0001547	MCBBHCNB_03185	2506672551
OG0001548	MCBBHCNB_03182	2506672554
OG0001549	MCBBHCNB_03180	2506672556
OG0001550	MCBBHCNB_03178	2506672558
OG0001551	MCBBHCNB_02576	2506672559
OG0001552	MCBBHCNB_02573	2506672562
OG0001553	MCBBHCNB_02572	2506672563
OG0001554	MCBBHCNB_02570	2506672565
OG0001555	MCBBHCNB_02569	2506672566
OG0001556	MCBBHCNB_03416	2506672569
OG0001557	MCBBHCNB_03415	2506672572
OG0001558	MCBBHCNB_01077	2506672579
OG0001559	MCBBHCNB_01083	2506672581
OG0001560	MCBBHCNB_01080	2506672591
OG0001561	MCBBHCNB_02648	2506672599
OG0001562	MCBBHCNB_02734	2506672631
OG0001563	MCBBHCNB_02735	2506672632
OG0001564	MCBBHCNB_03098	2506672633
OG0001565	MCBBHCNB_02736	2506672634
OG0001566	MCBBHCNB_02737	2506672636
OG0001567	MCBBHCNB_02738	2506672639
OG0001568	MCBBHCNB_02731	2506672654
OG0001569	MCBBHCNB_02730	2506672655
OG0001570	MCBBHCNB_04470	2506672669
OG0001571	MCBBHCNB_00752	2506672670
OG0001572	MCBBHCNB_01281	2506672672
OG0001573	MCBBHCNB_03785	2506672675
OG0001574	MCBBHCNB_03784	2506672676
OG0001575	MCBBHCNB_03783	2506672677
OG0001576	MCBBHCNB_03782	2506672678
OG0001577	MCBBHCNB_03781	2506672679
OG0001578	MCBBHCNB_03780	2506672680
OG0001579	MCBBHCNB_03779	2506672681
OG0001580	MCBBHCNB_03778	2506672682
OG0001581	MCBBHCNB_03777	2506672683
OG0001582	MCBBHCNB_03776	2506672684
OG0001583	MCBBHCNB_03775	2506672685
OG0001584	MCBBHCNB_02618	2506672687
OG0001585	MCBBHCNB_02525	2506672689
OG0001586	MCBBHCNB_02526	2506672690
OG0001587	MCBBHCNB_02527	2506672691
OG0001588	MCBBHCNB_02528	2506672692
OG0001589	MCBBHCNB_02531	2506672695
OG0001590	MCBBHCNB_01344	2506672699
OG0001591	MCBBHCNB_02419, MCBBHCNB_00459, MCBBHCNB_01733, MCBBHCNB_04542	2506672741
OG0001666	MCBBHCNB_04188	2506669358
OG0001667	MCBBHCNB_04187	2506669359
OG0001668	MCBBHCNB_01576	2506669365
OG0001669	MCBBHCNB_04008	2506669384
OG0001670	MCBBHCNB_01163	2506669392
OG0001671	MCBBHCNB_01890	2506669396
OG0001672	MCBBHCNB_04646	2506669416
OG0001673	MCBBHCNB_02306	2506669449
OG0001674	MCBBHCNB_02650	2506669470
OG0001675	MCBBHCNB_03856	2506669475
OG0001676	MCBBHCNB_03859	2506669482
OG0001677	MCBBHCNB_04761	2506669493
OG0001678	MCBBHCNB_00289	2506669510
OG0001679	MCBBHCNB_00298	2506669521
OG0001680	MCBBHCNB_00300	2506669522
OG0001681	MCBBHCNB_00301	2506669523
OG0001682	MCBBHCNB_00985	2506669585
OG0001683	MCBBHCNB_00986	2506669586
OG0001684	MCBBHCNB_00987	2506669587
OG0001685	MCBBHCNB_00988	2506669588
OG0001686	MCBBHCNB_02559	2506669595
OG0001687	MCBBHCNB_00989	2506669600
OG0001688	MCBBHCNB_00992	2506669604
OG0001689	MCBBHCNB_00993	2506669605
OG0001690	MCBBHCNB_00994	2506669606
OG0001691	MCBBHCNB_03833	2506669615
OG0001692	MCBBHCNB_04435	2506669626
OG0001693	MCBBHCNB_04426	2506669637
OG0001694	MCBBHCNB_03633	2506669671
OG0001695	MCBBHCNB_04341	2506669699
OG0001696	MCBBHCNB_04609	2506669712
OG0001697	MCBBHCNB_04610	2506669713
OG0001698	MCBBHCNB_04611	2506669714
OG0001699	MCBBHCNB_04612	2506669716
OG0001700	MCBBHCNB_04620	2506669719
OG0001701	MCBBHCNB_03498	2506669723
OG0001702	MCBBHCNB_00947	2506669735
OG0001703	MCBBHCNB_03114	2506669778
OG0001704	MCBBHCNB_03115	2506669779
OG0001705	MCBBHCNB_00553	2506669790
OG0001706	MCBBHCNB_00745	2506669797
OG0001707	MCBBHCNB_04463	2506669798
OG0001708	MCBBHCNB_00261	2506669813
OG0001709	MCBBHCNB_00668	2506669815
OG0001710	MCBBHCNB_00268	2506669829
OG0001711	MCBBHCNB_02219	2506669831
OG0001712	MCBBHCNB_01885	2506669841
OG0001713	MCBBHCNB_03572	2506669846
OG0001714	MCBBHCNB_01887	2506669849
OG0001715	MCBBHCNB_01926	2506669852
OG0001716	MCBBHCNB_00746	2506669853
OG0001717	MCBBHCNB_03893	2506669854
OG0001718	MCBBHCNB_03892	2506669855
OG0001719	MCBBHCNB_03891	2506669856
OG0001720	MCBBHCNB_01060	2506669859
OG0001721	MCBBHCNB_02624	2506669905, 2506671883
OG0001722	MCBBHCNB_04014, MCBBHCNB_00809, MCBBHCNB_04013	2506669917
OG0001723	MCBBHCNB_03058	2506669923
OG0001725	MCBBHCNB_04128	2506669935
OG0001726	MCBBHCNB_03553	2506669947
OG0001727	MCBBHCNB_03548	2506669973
OG0001728	MCBBHCNB_03547	2506669974
OG0001729	MCBBHCNB_03545	2506669976
OG0001730	MCBBHCNB_03573	2506669987
OG0001731	MCBBHCNB_01628	2506670005
OG0001732	MCBBHCNB_03634	2506670035
OG0001733	MCBBHCNB_03635	2506670036
OG0001734	MCBBHCNB_03636	2506670037
OG0001735	MCBBHCNB_03168	2506670040
OG0001736	MCBBHCNB_03167	2506670041
OG0001737	MCBBHCNB_03564	2506670047
OG0001738	MCBBHCNB_04631	2506670053
OG0001739	MCBBHCNB_01695	2506670064
OG0001740	MCBBHCNB_01693	2506670065
OG0001741	MCBBHCNB_01677	2506670074
OG0001742	MCBBHCNB_01676	2506670075
OG0001743	MCBBHCNB_01675	2506670076
OG0001744	MCBBHCNB_01673	2506670078
OG0001745	MCBBHCNB_01672	2506670079
OG0001746	MCBBHCNB_01671	2506670080
OG0001747	MCBBHCNB_01670	2506670081
OG0001748	MCBBHCNB_01669	2506670082
OG0001749	MCBBHCNB_03203	2506670085
OG0001750	MCBBHCNB_01153	2506670094
OG0001751	MCBBHCNB_00773	2506670097
OG0001752	MCBBHCNB_00769	2506670100
OG0001753	MCBBHCNB_03605	2506670109
OG0001754	MCBBHCNB_03600	2506670112
OG0001755	MCBBHCNB_04436	2506670126
OG0001756	MCBBHCNB_04438	2506670128
OG0001757	MCBBHCNB_04441	2506670131
OG0001758	MCBBHCNB_02756	2506670136, 2506671045
OG0001759	MCBBHCNB_02755	2506670137
OG0001760	MCBBHCNB_02753	2506670139
OG0001761	MCBBHCNB_02752	2506670140
OG0001762	MCBBHCNB_02751	2506670141
OG0001763	MCBBHCNB_02750	2506670142
OG0001764	MCBBHCNB_02749	2506670143
OG0001765	MCBBHCNB_02748	2506670144
OG0001766	MCBBHCNB_02747	2506670145
OG0001767	MCBBHCNB_01806	2506670177
OG0001768	MCBBHCNB_01793	2506670189
OG0001769	MCBBHCNB_02611	2506670195
OG0001770	MCBBHCNB_02254	2506670200
OG0001771	MCBBHCNB_01866	2506670213
OG0001772	MCBBHCNB_01865	2506670214
OG0001773	MCBBHCNB_02908	2506670223
OG0001774	MCBBHCNB_02910	2506670225
OG0001775	MCBBHCNB_03466	2506670244, 2506672033
OG0001776	MCBBHCNB_02295	2506670245
OG0001777	MCBBHCNB_02294	2506670246
OG0001778	MCBBHCNB_02293	2506670247
OG0001779	MCBBHCNB_02292	2506670248
OG0001780	MCBBHCNB_02291	2506670249
OG0001781	MCBBHCNB_02290	2506670250
OG0001782	MCBBHCNB_02289	2506670251
OG0001783	MCBBHCNB_02540	2506670277
OG0001784	MCBBHCNB_03638	2506670279
OG0001785	MCBBHCNB_02855	2506670283
OG0001786	MCBBHCNB_03587	2506670286
OG0001788	MCBBHCNB_03130	2506670342
OG0001789	MCBBHCNB_04627	2506670345
OG0001790	MCBBHCNB_03517	2506670355
OG0001791	MCBBHCNB_02726	2506670359
OG0001792	MCBBHCNB_03059	2506670363
OG0001793	MCBBHCNB_02706	2506670366
OG0001794	MCBBHCNB_04220	2506670382
OG0001795	MCBBHCNB_03934	2506670386
OG0001796	MCBBHCNB_03554	2506670392
OG0001797	MCBBHCNB_03555	2506670393
OG0001798	MCBBHCNB_03556	2506670394
OG0001799	MCBBHCNB_03557	2506670395
OG0001800	MCBBHCNB_03717	2506670401
OG0001801	MCBBHCNB_02812	2506670407
OG0001802	MCBBHCNB_00879	2506670466
OG0001803	MCBBHCNB_00886	2506670473
OG0001804	MCBBHCNB_00887	2506670474
OG0001805	MCBBHCNB_00902	2506670488
OG0001806	MCBBHCNB_04530	2506670502
OG0001807	MCBBHCNB_04019	2506670506
OG0001808	MCBBHCNB_04573	2506670519
OG0001809	MCBBHCNB_04533	2506670520
OG0001810	MCBBHCNB_00797	2506670560
OG0001811	MCBBHCNB_04192	2506671306, 2506670590
OG0001812	MCBBHCNB_03359	2506670621
OG0001813	MCBBHCNB_01071	2506670627
OG0001814	MCBBHCNB_01068	2506670633
OG0001815	MCBBHCNB_01061	2506670640
OG0001816	MCBBHCNB_02772	2506670642
OG0001818	MCBBHCNB_02582	2506670704
OG0001819	MCBBHCNB_02541	2506670712
OG0001820	MCBBHCNB_02542	2506670713
OG0001821	MCBBHCNB_03710	2506670725
OG0001822	MCBBHCNB_03734	2506670741
OG0001823	MCBBHCNB_03756	2506670762
OG0001824	MCBBHCNB_03757	2506670763
OG0001825	MCBBHCNB_03758	2506670764
OG0001826	MCBBHCNB_03759	2506670765
OG0001827	MCBBHCNB_03768	2506670774
OG0001828	MCBBHCNB_02237	2506670804
OG0001829	MCBBHCNB_02371	2506670842
OG0001830	MCBBHCNB_04046	2506670857
OG0001831	MCBBHCNB_02407	2506670877
OG0001832	MCBBHCNB_03369	2506670881
OG0001834	MCBBHCNB_02823	2506670896
OG0001835	MCBBHCNB_02431	2506670908
OG0001836	MCBBHCNB_04397	2506670915
OG0001837	MCBBHCNB_04402	2506670919
OG0001838	MCBBHCNB_04410	2506670926
OG0001839	MCBBHCNB_04411	2506670927
OG0001840	MCBBHCNB_04412	2506670928
OG0001841	MCBBHCNB_04141	2506670950
OG0001842	MCBBHCNB_04137	2506670954
OG0001843	MCBBHCNB_02832	2506670976
OG0001844	MCBBHCNB_02831	2506670977
OG0001845	MCBBHCNB_02833	2506670981
OG0001846	MCBBHCNB_03091	2506670996
OG0001847	MCBBHCNB_03092	2506670997
OG0001848	MCBBHCNB_03093	2506670998
OG0001849	MCBBHCNB_03094	2506670999
OG0001850	MCBBHCNB_03096	2506671005
OG0001851	MCBBHCNB_03396	2506671012
OG0001852	MCBBHCNB_04185	2506671014
OG0001853	MCBBHCNB_01500	2506671024
OG0001855	MCBBHCNB_03910	2506671042
OG0001856	MCBBHCNB_03916	2506671049
OG0001857	MCBBHCNB_03917	2506671050
OG0001858	MCBBHCNB_03919	2506671052
OG0001859	MCBBHCNB_03423	2506671093
OG0001860	MCBBHCNB_04700	2506671125
OG0001861	MCBBHCNB_04213	2506671159
OG0001862	MCBBHCNB_01048	2506671170, 2506671750
OG0001863	MCBBHCNB_03699	2506671189
OG0001864	MCBBHCNB_04242	2506671200
OG0001865	MCBBHCNB_03864	2506671243
OG0001866	MCBBHCNB_03865	2506671244
OG0001867	MCBBHCNB_03867	2506671245
OG0001868	MCBBHCNB_03868	2506671246
OG0001869	MCBBHCNB_03869	2506671247
OG0001870	MCBBHCNB_03870	2506671248
OG0001871	MCBBHCNB_03871	2506671249
OG0001872	MCBBHCNB_03878	2506671257
OG0001873	MCBBHCNB_01247	2506671279
OG0001874	MCBBHCNB_02677	2506671315
OG0001875	MCBBHCNB_00501	2506671328
OG0001876	MCBBHCNB_00798	2506671346
OG0001877	MCBBHCNB_03020	2506671348
OG0001878	MCBBHCNB_03015	2506671353
OG0001879	MCBBHCNB_03014	2506671354
OG0001880	MCBBHCNB_03013	2506671355
OG0001881	MCBBHCNB_03012	2506671356
OG0001882	MCBBHCNB_03011	2506671357
OG0001883	MCBBHCNB_04295	2506671358
OG0001884	MCBBHCNB_04299	2506671363
OG0001886	MCBBHCNB_01434	2506671402
OG0001887	MCBBHCNB_02926	2506671420
OG0001888	MCBBHCNB_03331	2506671431
OG0001889	MCBBHCNB_03349	2506671457
OG0001890	MCBBHCNB_00376	2506671498
OG0001891	MCBBHCNB_02759	2506671503
OG0001892	MCBBHCNB_04727, MCBBHCNB_04716	2506671523
OG0001893	MCBBHCNB_01864	2506671561
OG0001894	MCBBHCNB_01236, MCBBHCNB_01240	2506671562
OG0001895	MCBBHCNB_01990	2506671600
OG0001896	MCBBHCNB_03073	2506671607
OG0001897	MCBBHCNB_00497	2506671650
OG0001898	MCBBHCNB_00645	2506671653
OG0001899	MCBBHCNB_00647	2506671655
OG0001900	MCBBHCNB_00648	2506671656
OG0001902	MCBBHCNB_02776	2506671698
OG0001903	MCBBHCNB_02803	2506671713
OG0001904	MCBBHCNB_02313	2506671732
OG0001905	MCBBHCNB_02312	2506671733
OG0001906	MCBBHCNB_02300	2506671741
OG0001907	MCBBHCNB_02299	2506671742
OG0001908	MCBBHCNB_03003	2506671759
OG0001909	MCBBHCNB_03002	2506671760
OG0001910	MCBBHCNB_01941	2506671788
OG0001911	MCBBHCNB_04498	2506671797
OG0001912	MCBBHCNB_04309	2506671830
OG0001913	MCBBHCNB_04304	2506671844
OG0001914	MCBBHCNB_00816	2506671890
OG0001915	MCBBHCNB_01337	2506671913
OG0001916	MCBBHCNB_04450	2506671927
OG0001917	MCBBHCNB_00776	2506671966
OG0001918	MCBBHCNB_02793	2506671974
OG0001919	MCBBHCNB_00314	2506671979
OG0001920	MCBBHCNB_01891	2506671981
OG0001921	MCBBHCNB_04669	2506671984
OG0001922	MCBBHCNB_02658	2506672006
OG0001923	MCBBHCNB_03861	2506672018
OG0001924	MCBBHCNB_03840	2506672025
OG0001925	MCBBHCNB_02425	2506672044
OG0001926	MCBBHCNB_03591	2506672050
OG0001927	MCBBHCNB_03590	2506672051
OG0001928	MCBBHCNB_02241	2506672058
OG0001929	MCBBHCNB_02238	2506672061
OG0001930	MCBBHCNB_02955	2506672066
OG0001931	MCBBHCNB_01262	2506672157
OG0001933	MCBBHCNB_01140	2506672242
OG0001934	MCBBHCNB_04030	2506672250
OG0001935	MCBBHCNB_04057	2506672269
OG0001936	MCBBHCNB_03351	2506672281
OG0001937	MCBBHCNB_02790	2506672303
OG0001938	MCBBHCNB_00837	2506672331
OG0001939	MCBBHCNB_04091	2506672393
OG0001940	MCBBHCNB_03235	2506672444
OG0001941	MCBBHCNB_03242	2506672453
OG0001942	MCBBHCNB_04347	2506672456
OG0001943	MCBBHCNB_02249	2506672457
OG0001944	MCBBHCNB_04146	2506672471
OG0001945	MCBBHCNB_02195	2506672474
OG0001946	MCBBHCNB_02191	2506672479
OG0001947	MCBBHCNB_02363	2506672500
OG0001948	MCBBHCNB_02671	2506672502
OG0001949	MCBBHCNB_00575	2506672531
OG0001950	MCBBHCNB_00572	2506672534
OG0001951	MCBBHCNB_00586	2506672575
OG0001952	MCBBHCNB_00584	2506672577
OG0001953	MCBBHCNB_01496	2506672638
OG0001954	MCBBHCNB_00963	2506672640
OG0001955	MCBBHCNB_02529	2506672693
OG0001956	MCBBHCNB_03097	2506672715
OG0002119	MCBBHCNB_04515	2506669369
OG0002120	MCBBHCNB_04504	2506669379
OG0002121	MCBBHCNB_00849	2506669402
OG0002122	MCBBHCNB_01248	2506669457, 2506670310
OG0002123	MCBBHCNB_03853	2506669472
OG0002124	MCBBHCNB_00861	2506669487
OG0002125	MCBBHCNB_00995	2506669607
OG0002128	MCBBHCNB_00603	2506669656
OG0002129	MCBBHCNB_02447	2506669702
OG0002130	MCBBHCNB_04007	2506669752
OG0002131	MCBBHCNB_04006	2506669753
OG0002132	MCBBHCNB_02653	2506669812
OG0002133	MCBBHCNB_00666	2506669833
OG0002134	MCBBHCNB_03571	2506669847
OG0002136	MCBBHCNB_00749	2506669871
OG0002137	MCBBHCNB_01348	2506669872
OG0002138	MCBBHCNB_02600	2506669980
OG0002139	MCBBHCNB_04221	2506669986
OG0002140	MCBBHCNB_03854	2506670016
OG0002141	MCBBHCNB_01690	2506670068
OG0002142	MCBBHCNB_00772	2506670098
OG0002143	MCBBHCNB_03601	2506670111
OG0002144	MCBBHCNB_02059	2506670125
OG0002145	MCBBHCNB_04439	2506670129
OG0002146	MCBBHCNB_02754	2506670138
OG0002147	MCBBHCNB_01822	2506670161
OG0002148	MCBBHCNB_02827	2506670202
OG0002149	MCBBHCNB_02850	2506670203
OG0002150	MCBBHCNB_02637	2506670281
OG0002151	MCBBHCNB_02919	2506670346
OG0002152	MCBBHCNB_03267	2506670380
OG0002153	MCBBHCNB_03382	2506670385
OG0002154	MCBBHCNB_03004	2506670387
OG0002155	MCBBHCNB_02856	2506670388
OG0002156	MCBBHCNB_04527	2506672323, 2506670420
OG0002157	MCBBHCNB_04135	2506670430
OG0002158	MCBBHCNB_00882	2506670469
OG0002159	MCBBHCNB_00895	2506670482
OG0002160	MCBBHCNB_02533	2506670493
OG0002161	MCBBHCNB_04044	2506670511
OG0002162	MCBBHCNB_03632	2506670516
OG0002163	MCBBHCNB_01352	2506670541
OG0002164	MCBBHCNB_01353	2506670552
OG0002165	MCBBHCNB_01431	2506670559
OG0002166	MCBBHCNB_04196	2506671310, 2506670588
OG0002167	MCBBHCNB_04151	2506670593
OG0002168	MCBBHCNB_04150	2506670594
OG0002169	MCBBHCNB_04149	2506670595
OG0002170	MCBBHCNB_04148	2506670596
OG0002171	MCBBHCNB_04147	2506670597
OG0002172	MCBBHCNB_01212	2506670616
OG0002173	MCBBHCNB_01069	2506670629
OG0002174	MCBBHCNB_01052	2506670656
OG0002175	MCBBHCNB_01476	2506670711
OG0002177	MCBBHCNB_02922	2506670809
OG0002178	MCBBHCNB_00859	2506670861
OG0002179	MCBBHCNB_03001	2506670867
OG0002181	MCBBHCNB_02445	2506670906
OG0002182	MCBBHCNB_00919	2506670970
OG0002183	MCBBHCNB_00920	2506670972
OG0002184	MCBBHCNB_03089	2506670983
OG0002185	MCBBHCNB_03095	2506671001
OG0002186	MCBBHCNB_04540	2506671131
OG0002189	MCBBHCNB_03701	2506671187
OG0002190	MCBBHCNB_03700	2506671188
OG0002191	MCBBHCNB_03697	2506671191
OG0002192	MCBBHCNB_03695	2506671193
OG0002193	MCBBHCNB_03692	2506671196
OG0002194	MCBBHCNB_04241	2506671201
OG0002195	MCBBHCNB_04240	2506671202
OG0002196	MCBBHCNB_04239	2506671203
OG0002197	MCBBHCNB_04238	2506671204
OG0002198	MCBBHCNB_04237	2506671205
OG0002199	MCBBHCNB_03525	2506671208
OG0002200	MCBBHCNB_03691	2506671210
OG0002201	MCBBHCNB_03690	2506671211
OG0002202	MCBBHCNB_03689	2506671212
OG0002203	MCBBHCNB_03688	2506671213
OG0002204	MCBBHCNB_02884	2506671215
OG0002205	MCBBHCNB_01335	2506671240
OG0002207	MCBBHCNB_04194	2506671308
OG0002208	MCBBHCNB_04195	2506671309
OG0002209	MCBBHCNB_03019	2506671349
OG0002210	MCBBHCNB_03018	2506671350
OG0002211	MCBBHCNB_00602, MCBBHCNB_04578	2506671383
OG0002212	MCBBHCNB_00611, MCBBHCNB_04583	2506671385
OG0002213	MCBBHCNB_02161	2506671404
OG0002214	MCBBHCNB_02946	2506671406
OG0002215	MCBBHCNB_02947	2506671407
OG0002216	MCBBHCNB_04000	2506671543
OG0002217	MCBBHCNB_02921	2506671551
OG0002218	MCBBHCNB_01852	2506671564
OG0002220	MCBBHCNB_03072	2506671608
OG0002221	MCBBHCNB_01943	2506671611
OG0002223	MCBBHCNB_04523	2506671646
OG0002224	MCBBHCNB_04521	2506671648
OG0002226	MCBBHCNB_04177	2506671679
OG0002227	MCBBHCNB_04176	2506671680
OG0002228	MCBBHCNB_02614	2506671685
OG0002229	MCBBHCNB_02307	2506671734
OG0002230	MCBBHCNB_02982	2506671756
OG0002231	MCBBHCNB_00487	2506671770
OG0002232	MCBBHCNB_04379	2506671790
OG0002233	MCBBHCNB_00468	2506671810
OG0002234	MCBBHCNB_01078	2506671822, 2506672592
OG0002235	MCBBHCNB_02273, MCBBHCNB_02275	2506671846
OG0002236	MCBBHCNB_04314	2506671855
OG0002237	MCBBHCNB_01229	2506671881
OG0002239	MCBBHCNB_00966	2506671960
OG0002240	MCBBHCNB_02826	2506671980
OG0002241	MCBBHCNB_03288	2506672012
OG0002242	MCBBHCNB_00662	2506672021
OG0002243	MCBBHCNB_03589	2506672052
OG0002244	MCBBHCNB_02956	2506672062
OG0002245	MCBBHCNB_04075	2506672071
OG0002246	MCBBHCNB_02223	2506672075
OG0002247	MCBBHCNB_00710	2506672174
OG0002248	MCBBHCNB_03175	2506672285
OG0002249	MCBBHCNB_00716	2506672313
OG0002250	MCBBHCNB_02255	2506672317
OG0002251	MCBBHCNB_03728	2506672357
OG0002252	MCBBHCNB_03236	2506672445
OG0002253	MCBBHCNB_03061	2506672524
OG0002254	MCBBHCNB_03183	2506672553
OG0002255	MCBBHCNB_00585	2506672576
OG0002256	MCBBHCNB_00583	2506672578
OG0002257	MCBBHCNB_03437	2506672618
OG0002258	MCBBHCNB_03434	2506672620
OG0002259	MCBBHCNB_02729	2506672656
OG0002533	MCBBHCNB_02903	2506669360
OG0002534	MCBBHCNB_02902	2506669362
OG0002535	MCBBHCNB_03810	2506669390
OG0002536	MCBBHCNB_01969	2506669444, 2506670784
OG0002538	MCBBHCNB_03504	2506669454
OG0002539	MCBBHCNB_00489	2506669484
OG0002541	MCBBHCNB_00929	2506669506
OG0002542	MCBBHCNB_01009	2506669520
OG0002545	MCBBHCNB_02801	2506669578, 2506671712
OG0002546	MCBBHCNB_01599	2506669658
OG0002547	MCBBHCNB_01006	2506669684
OG0002548	MCBBHCNB_04198	2506669757
OG0002550	MCBBHCNB_01157	2506669848
OG0002553	MCBBHCNB_01691	2506670067
OG0002554	MCBBHCNB_03204	2506670086
OG0002556	MCBBHCNB_02177	2506670114
OG0002558	MCBBHCNB_04247	2506670263
OG0002559	MCBBHCNB_01999	2506670295
OG0002560	MCBBHCNB_02344	2506670319
OG0002561	MCBBHCNB_02127	2506670341
OG0002563	MCBBHCNB_01521	2506670549
OG0002573	MCBBHCNB_04448	2506670991
OG0002574	MCBBHCNB_02432	2506671003
OG0002575	MCBBHCNB_02591	2506671046
OG0002576	MCBBHCNB_03971	2506671088
OG0002577	MCBBHCNB_03428	2506671113
OG0002578	MCBBHCNB_03429	2506671114
OG0002579	MCBBHCNB_01948	2506671138
OG0002580	MCBBHCNB_01443	2506671183
OG0002581	MCBBHCNB_03693	2506671195
OG0002582	MCBBHCNB_04660	2506671221
OG0002586	MCBBHCNB_02267	2506671378
OG0002587	MCBBHCNB_03527	2506671494
OG0002592	MCBBHCNB_00175	2506671575
OG0002593	MCBBHCNB_04745	2506671609
OG0002594	MCBBHCNB_04522	2506671647
OG0002595	MCBBHCNB_00197	2506671700
OG0002597	MCBBHCNB_00486	2506671768
OG0002598	MCBBHCNB_01333	2506671773
OG0002599	MCBBHCNB_02554	2506671872
OG0002601	MCBBHCNB_03831	2506671896
OG0002602	MCBBHCNB_02175	2506671953
OG0002603	MCBBHCNB_02176	2506671954
OG0002606	MCBBHCNB_00808, MCBBHCNB_04015	2506672111
OG0002608	MCBBHCNB_03592	2506672286
OG0002609	MCBBHCNB_01906	2506672296
OG0002610	MCBBHCNB_00842	2506672336
OG0002611	MCBBHCNB_04517	2506672345
OG0002612	MCBBHCNB_01217	2506672410
OG0002614	MCBBHCNB_04339	2506672431
OG0002615	MCBBHCNB_02688	2506672442
OG0002616	MCBBHCNB_01082	2506672587
OG0002617	MCBBHCNB_01207	2506672619
OG0002619	MCBBHCNB_02162	2506672644
OG0002621	MCBBHCNB_02599	2506672660
OG0002852	MCBBHCNB_02973	2506671952, 2506669442
OG0002853	MCBBHCNB_01249	2506669503, 2506669458
OG0002854	MCBBHCNB_03852	2506669471
OG0002857	MCBBHCNB_00287	2506669538
OG0002861	MCBBHCNB_00805	2506669644
OG0002863	MCBBHCNB_03124	2506669785
OG0002864	MCBBHCNB_04367	2506669805
OG0002865	MCBBHCNB_04368	2506669806
OG0002868	MCBBHCNB_03804	2506669901
OG0002873	MCBBHCNB_03528	2506670058
OG0002876	MCBBHCNB_03005	2506670320
OG0002877	MCBBHCNB_03485	2506670329
OG0002878	MCBBHCNB_03487	2506670331
OG0002879	MCBBHCNB_03340	2506670332
OG0002880	MCBBHCNB_03837	2506670340
OG0002883	MCBBHCNB_03271	2506670376
OG0002884	MCBBHCNB_03270	2506670377
OG0002885	MCBBHCNB_03269	2506670378
OG0002886	MCBBHCNB_01216	2506670396, 2506670688
OG0002887	MCBBHCNB_02811	2506670406
OG0002888	MCBBHCNB_04526	2506670421
OG0002889	MCBBHCNB_04525	2506670422
OG0002891	MCBBHCNB_04741	2506671467, 2506670497
OG0002893	MCBBHCNB_03992	2506670664
OG0002901	MCBBHCNB_02409	2506670875
OG0002904	MCBBHCNB_03090	2506670985
OG0002906	MCBBHCNB_02690	2506671004
OG0002907	MCBBHCNB_04659	2506671116
OG0002908	MCBBHCNB_04658	2506671117
OG0002909	MCBBHCNB_04657	2506671118
OG0002910	MCBBHCNB_04656	2506671119
OG0002911	MCBBHCNB_04655	2506671120
OG0002912	MCBBHCNB_04654	2506671121
OG0002913	MCBBHCNB_04653	2506671133
OG0002914	MCBBHCNB_04652	2506671134
OG0002915	MCBBHCNB_04651	2506671135
OG0002916	MCBBHCNB_04662	2506671141
OG0002917	MCBBHCNB_04663	2506671143
OG0002918	MCBBHCNB_04664	2506671144
OG0002919	MCBBHCNB_04665	2506671145
OG0002920	MCBBHCNB_04666	2506671146
OG0002922	MCBBHCNB_02631	2506671274
OG0002923	MCBBHCNB_00502	2506671327
OG0002924	MCBBHCNB_00500	2506671329
OG0002925	MCBBHCNB_00499	2506671330
OG0002926	MCBBHCNB_00799	2506671367
OG0002928	MCBBHCNB_04661	2506671524
OG0002931	MCBBHCNB_02164	2506671604
OG0002932	MCBBHCNB_04743	2506671613
OG0002933	MCBBHCNB_02338	2506671743
OG0002934	MCBBHCNB_00485	2506671767
OG0002935	MCBBHCNB_04336	2506671774
OG0002942	MCBBHCNB_02852	2506672349
OG0002943	MCBBHCNB_02851	2506672350
OG0002944	MCBBHCNB_02588	2506672353
OG0002949	MCBBHCNB_02877	2506672472
OG0002950	MCBBHCNB_04365	2506672545
OG0002952	MCBBHCNB_01031	2506672673
OG0003227	MCBBHCNB_01889	2506669395
OG0003229	MCBBHCNB_04271	2506669618
OG0003230	MCBBHCNB_00209	2506669652
OG0003233	MCBBHCNB_01003	2506669687
OG0003234	MCBBHCNB_04751	2506669703
OG0003236	MCBBHCNB_00021	2506669881
OG0003238	MCBBHCNB_04681	2506669908
OG0003239	MCBBHCNB_04677	2506669913
OG0003240	MCBBHCNB_04676	2506669914
OG0003241	MCBBHCNB_04675	2506669915
OG0003242	MCBBHCNB_04674	2506669916
OG0003244	MCBBHCNB_03408	2506669950
OG0003245	MCBBHCNB_01123	2506669962
OG0003250	MCBBHCNB_03484	2506670328
OG0003251	MCBBHCNB_03486	2506670330
OG0003254	MCBBHCNB_03268	2506670379
OG0003255	MCBBHCNB_04732	2506670494
OG0003259	MCBBHCNB_03515	2506671841, 2506670696
OG0003261	MCBBHCNB_00802	2506670734
OG0003264	MCBBHCNB_04491	2506670823
OG0003268	MCBBHCNB_02119	2506671000
OG0003272	MCBBHCNB_01949	2506671137
OG0003274	MCBBHCNB_04245	2506671198
OG0003275	MCBBHCNB_02268	2506671285
OG0003277	MCBBHCNB_03125	2506671332
OG0003278	MCBBHCNB_04580	2506671384
OG0003280	MCBBHCNB_04742	2506671464
OG0003281	MCBBHCNB_04739	2506671469
OG0003282	MCBBHCNB_04738	2506671470
OG0003285	MCBBHCNB_00369	2506671491
OG0003286	MCBBHCNB_00249	2506671517
OG0003287	MCBBHCNB_04715	2506671525
OG0003288	MCBBHCNB_04714	2506671526
OG0003289	MCBBHCNB_04713	2506671527
OG0003290	MCBBHCNB_04712	2506671528
OG0003291	MCBBHCNB_04711	2506671529
OG0003292	MCBBHCNB_04710	2506671530
OG0003294	MCBBHCNB_03928	2506671545
OG0003302	MCBBHCNB_03596	2506671854
OG0003305	MCBBHCNB_02670	2506671959
OG0003306	MCBBHCNB_01286	2506671993
OG0003307	MCBBHCNB_02347	2506672092
OG0003308	MCBBHCNB_03132	2506672101
OG0003309	MCBBHCNB_03022	2506672321
OG0003310	MCBBHCNB_04500	2506672355
OG0003316	MCBBHCNB_01160	2506672464
OG0003322	MCBBHCNB_02297	2506672585
OG0003697	MCBBHCNB_03857	2506669476
OG0003698	MCBBHCNB_03858	2506669481
OG0003705	MCBBHCNB_00265	2506669836
OG0003708	MCBBHCNB_01289	2506669903
OG0003709	MCBBHCNB_04680	2506669909
OG0003710	MCBBHCNB_04679	2506669910
OG0003711	MCBBHCNB_01827	2506669924
OG0003720	MCBBHCNB_04437	2506670127
OG0003721	MCBBHCNB_04442	2506670132
OG0003732	MCBBHCNB_04572	2506670611
OG0003737	MCBBHCNB_03708	2506670727
OG0003743	MCBBHCNB_03961	2506671178
OG0003744	MCBBHCNB_02702	2506671231
OG0003746	MCBBHCNB_00962	2506671263
OG0003760	MCBBHCNB_04740	2506671468
OG0003761	MCBBHCNB_00371	2506671492
OG0003762	MCBBHCNB_00372	2506671493
OG0003763	MCBBHCNB_04728	2506671504
OG0003769	MCBBHCNB_02090	2506671748
OG0003771	MCBBHCNB_01860	2506671763
OG0003781	MCBBHCNB_00473	2506672023
OG0003782	MCBBHCNB_00679	2506672078
OG0003783	MCBBHCNB_00680	2506672080
OG0003785	MCBBHCNB_00682	2506672089
OG0003792	MCBBHCNB_03024	2506672319
OG0003793	MCBBHCNB_03023	2506672320
OG0003795	MCBBHCNB_00595	2506672413
OG0004484	MCBBHCNB_04737	2506671471
OG0004485	MCBBHCNB_04736	2506671472
OG0004486	MCBBHCNB_04735	2506671473
OG0004498	MCBBHCNB_00011	2506671593
